"project","relative_path","file_type","size_bytes","sha256","status","proposed_action","risk"
"NextGenTutors-BeyondInfinity","assets/css/bi-3d.css","css","8579","959AFAF705335DC62DB2197CA77FC704E5EA10C94377D41CDCB845E5E3F6CDCB","DUPLICATE","CONSOLIDATE","low"
"NextGenTutors-BeyondInfinity","assets/css/components.css","css","20561","3BE310ABB8DEC2F5FF43D79D3E31798FFB5A0C432A8DFE40474291C94F2CF5A1","DUPLICATE","CONSOLIDATE","low"
"NextGenTutors-BeyondInfinity","assets/css/content-hubs.css","css","4738","934BBDEE6D64B793D5DFACE89167767F429305ECD4F04D4C6B3656DFFEE0372B","VERIFIED","Retain","low"
"NextGenTutors-BeyondInfinity","assets/css/dashboard-mission.css","css","2619","C0ADE50E52871F69951C92723B23EF654F635A90A4512BC170D37D1AF931AA8E","DUPLICATE","CONSOLIDATE","low"
"NextGenTutors-BeyondInfinity","assets/css/kinetic-bridge.css","css","8070","A4BD21F9E51901468902A65D283042D51008328B34E41DA712E9AB7F6071C007","VERIFIED","Retain","low"
"NextGenTutors-BeyondInfinity","assets/css/kinetic-home.css","css","22361","A25604C0E0B7C78E1C1FDE978944107BF0577BD75C23DC220096EF90CA95733B","DUPLICATE","CONSOLIDATE","low"
"NextGenTutors-BeyondInfinity","assets/css/kinetic-image-hover.css","css","4923","7579A8CA550F423C5C9CB92CDB5475A14BB1CAA7EBDDC223392830CA2490FE9E","DUPLICATE","CONSOLIDATE","low"
"NextGenTutors-BeyondInfinity","assets/css/kinetic-tokens.css","css","1325","2DD31DBE4E961668E1C1B82F2FC0512642D916F0A70C0C9C9F96B60CA66EF5FB","VERIFIED","Retain","low"
"NextGenTutors-BeyondInfinity","assets/css/layout-system.css","css","4045","599CD72A0E29842FABC166888F901F9F293E2821B511B038B21E971993B7445D","DUPLICATE","CONSOLIDATE","low"
"NextGenTutors-BeyondInfinity","assets/css/nav-menu.css","css","5652","F797AE5557FC8D97A6F32C13CA6E25EDEF5C4FDBA2DBB0B4F7A6A27CA5BB8B2A","VERIFIED","Retain","low"
"NextGenTutors-BeyondInfinity","assets/css/nbi-infinity.css","css","11149","29864D93BE03442306176BE71E0823B3D0CB90674750461EBF02FA1DB02E83F8","DUPLICATE","CONSOLIDATE","low"
"NextGenTutors-BeyondInfinity","assets/css/nextgen-beyond-infinity-ui.css","css","8427","B99BB4E0E7B2BB79D8FA68AF6CE4B7958D7874CAF6781DE09175F7734B467185","VERIFIED","Retain","low"
"NextGenTutors-BeyondInfinity","assets/css/ng-ui-booking.css","css","1700","BBDBD6564B1710080DB58159AC38376528953E858C59C66933374D277E1E6401","DUPLICATE","CONSOLIDATE","low"
"NextGenTutors-BeyondInfinity","assets/css/ng-ui-cards.css","css","770","D00495D3F0D859499D4C0E74D11BC339DE9776EB3AB9FEC22FEE14383AC6239E","DUPLICATE","CONSOLIDATE","low"
"NextGenTutors-BeyondInfinity","assets/css/ng-ui-components.css","css","3101","4986390E05868B0014151AD8AC4D294D6FF68F195B0230A768185E6A39F5DE15","DUPLICATE","CONSOLIDATE","low"
"NextGenTutors-BeyondInfinity","assets/css/ng-ui-dashboard.css","css","544","7EB1382983972A31F2F19FF06C88B493CE16DD67C61E96DD3E13DF9C29A85A8E","DUPLICATE","CONSOLIDATE","low"
"NextGenTutors-BeyondInfinity","assets/css/ng-ui-hero.css","css","1077","9A5B5BD0326051E2D44CD05B407D72E77880EFDEDCDBA2BC69D2051AAB45AD9A","DUPLICATE","CONSOLIDATE","low"
"NextGenTutors-BeyondInfinity","assets/css/ng-ui-tokens.css","css","3120","EE204671C4CD1294467655931CDEE02D05B06A7F6A5C69578A6C1CE66A4752FB","VERIFIED","Retain","low"
"NextGenTutors-BeyondInfinity","assets/css/ngc-forms.css","css","623","4374AA7921030DD6B3246C205FEB2B074DD5FD80AC6EDA771CA4E4DC64C7E70C","DUPLICATE","CONSOLIDATE","low"
"NextGenTutors-BeyondInfinity","assets/css/ngc-validation.css","css","3417","2A2169E77EFE49F0AB4F0617982193BE54A68F6193C10AF4DBFF1732D3437038","DUPLICATE","CONSOLIDATE","low"
"NextGenTutors-BeyondInfinity","assets/css/ngt-toast.css","css","708","E8B709DEE9687DA8709BC625FCC9E7CAF21E5C27DBB140E58053AAEA0F2CDC91","DUPLICATE","CONSOLIDATE","low"
"NextGenTutors-BeyondInfinity","assets/css/ngt-wp-bridge.css","css","3543","BFF7B17E5944478BFAB9A39622809C4119605624C3705C345C1967EC9380087F","VERIFIED","Retain","low"
"NextGenTutors-BeyondInfinity","assets/css/options-admin.css","css","423","AB2FBEAD18337E41283EE8BDB4082BE2971B02C9DD549C0000AB258028FBF0A7","DUPLICATE","CONSOLIDATE","low"
"NextGenTutors-BeyondInfinity","assets/css/page-builders.css","css","2255","206227038239AAB91923F30DB7D659493964855952F0B0C4111F7D1E7AAD2015","DUPLICATE","CONSOLIDATE","low"
"NextGenTutors-BeyondInfinity","assets/css/page-composer.css","css","6872","91F108C8FE7F2F760D2F93F8E223BAAFE21D2FF0FDBA53C7FA8E8560D5FD0E75","DUPLICATE","CONSOLIDATE","low"
"NextGenTutors-BeyondInfinity","assets/css/prototype-blend.css","css","3819","7C7E5278FC7CF2C4BA393B66356D8637F71CF0D38C00DCCA61FEADAED724B445","VERIFIED","Retain","low"
"NextGenTutors-BeyondInfinity","assets/css/sections.css","css","16400","4E972EA4AE234B28BC6841BA49D26B912EFEBBAFF4007E08A5B5B90B92CDE7EA","VERIFIED","Retain","low"
"NextGenTutors-BeyondInfinity","assets/css/theme-switcher.css","css","2953","00998A828A8E68991B27C65E307B3F8CA5E2511CEFB56063F96D7601F497CC59","VERIFIED","Retain","low"
"NextGenTutors-BeyondInfinity","assets/css/theme.css","css","33053","2CCBFD9B08D2FDB2EE6AD8296D6216F10C3A09C34B3E4BD6596F3621174365CF","DUPLICATE","CONSOLIDATE","low"
"NextGenTutors-BeyondInfinity","assets/css/motion/01-base.css","css","653","D45093106C3CFD0AB57216076B217D7D9FEBFB2CC29E9C4B923A183AF930134A","DUPLICATE","CONSOLIDATE","low"
"NextGenTutors-BeyondInfinity","assets/css/motion/02-entrance.css","css","1742","48123D21D405EF807BC6CFC05761C3CCA870397A8AE1989C606FAA4EC851C743","DUPLICATE","CONSOLIDATE","low"
"NextGenTutors-BeyondInfinity","assets/css/motion/03-sections.css","css","977","FBA8751C256DB01E1A9337364429ECC67D158317D897F9C0C6C3F7B6CB0D9645","DUPLICATE","CONSOLIDATE","low"
"NextGenTutors-BeyondInfinity","assets/css/motion/04-hover.css","css","1416","05FCDAC569C9413C938461EFD9CFDE204438077D9BBC2BA3246662C2BFB3F403","DUPLICATE","CONSOLIDATE","low"
"NextGenTutors-BeyondInfinity","assets/css/motion/05-parallax.css","css","1069","558C46D4515CDC91925BDB660106446A090782603BC20192159A11660571CC2F","DUPLICATE","CONSOLIDATE","low"
"NextGenTutors-BeyondInfinity","assets/css/motion/06-responsive.css","css","537","2CBA98D6635215C16621CC2E05A14571CB390EDCEEA3EF31307097AE1D1DAE97","DUPLICATE","CONSOLIDATE","low"
"NextGenTutors-BeyondInfinity","assets/css/motion/07-stagger.css","css","970","F82002B3C771A59398B4A348E64E846FE123C22A826B916523F452AFF2B0BF30","DUPLICATE","CONSOLIDATE","low"
"NextGenTutors-BeyondInfinity","assets/css/motion/08-subtle.css","css","832","ADE7F6AE6BF12122A97961E56970794F532AB49D2AD0209AA8AD1EDD277D325F","DUPLICATE","CONSOLIDATE","low"
"NextGenTutors-BeyondInfinity","assets/css/motion/09-theme-bridge.css","css","4444","1890898E7397668030EA8EAC05C17DC937C4D630FF3ED3FDA0C08B36D8115D82","DUPLICATE","CONSOLIDATE","low"
"NextGenTutors-BeyondInfinity","assets/css/skins/beyond-infinity.css","css","1231","46C8D556CDA3BC2E08A0B93FF5588432D6EC9B3CAFA9B3D5899A726908793A0F","VERIFIED","Retain","low"
"NextGenTutors-BeyondInfinity","assets/css/skins/classic-indigo.css","css","1144","CAD614414E95C0916AA590A49B0A08CCE209B9110BDEEAC2CD2F54B089663703","VERIFIED","Retain","low"
"NextGenTutors-BeyondInfinity","assets/css/skins/ngt-marketing.css","css","1323","33C80D73B298DFE19C19A8D2E7731630C33C13F48B37205B1EE0FA0ABA1CA09C","VERIFIED","Retain","low"
"NextGenTutors-BeyondInfinity","assets/css/tokens/base.css","css","953","1E433419E1DD011CD78AB5918374905E8363C7E45DBFC8A9153AD409D96988FB","VERIFIED","Retain","low"
"NextGenTutors-BeyondInfinity","assets/fonts/README.md","markdown","654","B26CF2D48BA6C612865F15CD49E945DFA24D2BFB87B356572A8659CEF01ED154","DUPLICATE","CONSOLIDATE","low"
"NextGenTutors-BeyondInfinity","assets/images/about-feature.jpg","image","15019","A9ED6EA4DDDB34F01FBD83DDD10A5F4696D2B515DFDC20EEB30C055DA82B726A","DUPLICATE","CONSOLIDATE","low"
"NextGenTutors-BeyondInfinity","assets/images/become-tutor.jpg","image","66983","CD782F2A2BA3161EE2ADA63E35410DD0DD1D5899821861FCFC2507B8EA658234","DUPLICATE","CONSOLIDATE","low"
"NextGenTutors-BeyondInfinity","assets/images/cta-bg.jpg","image","42033","F261AEA105502F3F419A7D7472FEE45E30D13B0FA7B0EC5D0E49A0AACBBE52E7","DUPLICATE","CONSOLIDATE","low"
"NextGenTutors-BeyondInfinity","assets/images/guarantee-bg.jpg","image","40827","84C0CE3A633744AB5A86DF0568BB7EE2D6D878C760124C82446104FBA0E73BA8","DUPLICATE","CONSOLIDATE","low"
"NextGenTutors-BeyondInfinity","assets/images/hero-bg.jpg","image","31472","D0B51090365EB217F1AEB2EC69BF8EF48C4048850C479678BC1A6C976062E52D","DUPLICATE","CONSOLIDATE","low"
"NextGenTutors-BeyondInfinity","assets/images/home-video.jpg","image","79020","5C0762E05702AC79415B948E7A4813899A42519FEBE2394F8196205B580E0BB1","DUPLICATE","CONSOLIDATE","low"
"NextGenTutors-BeyondInfinity","assets/images/pricing-bg.jpg","image","34647","5AEA2883CBB18623C969AD5F5579D288B5E226407226A3D237469825B09DE76A","DUPLICATE","CONSOLIDATE","low"
"NextGenTutors-BeyondInfinity","assets/images/README.md","markdown","1044","4798AF365E3C6EC1C82BB51DD060D86946DABCF97B21377606153EE6B3700A8B","DUPLICATE","CONSOLIDATE","low"
"NextGenTutors-BeyondInfinity","assets/images/style-add-ons-reference.png","image","8074","9078E38CB717092671F6893E9B84B9170438C855A27646746FC6FF0C8C4908F4","DUPLICATE","CONSOLIDATE","low"
"NextGenTutors-BeyondInfinity","assets/js/bi-3d.js","js","5182","FE1CA01B4B3B169661BE99AAF716D2402732E174326EFD4B5196C5BD46575398","DUPLICATE","CONSOLIDATE","low"
"NextGenTutors-BeyondInfinity","assets/js/bi-customizer-preview.js","js","1515","6FE6D10CF222A8CE445C1333C34DDEE4166997935BA1310BC6F6F3C520204F7F","VERIFIED","Retain","low"
"NextGenTutors-BeyondInfinity","assets/js/bi-options-admin.js","js","584","C0F9429E536F1803EAFB96E84A1FBAF8607A9A53DEEBA1B0769CEFC1ED53FE2A","DUPLICATE","CONSOLIDATE","low"
"NextGenTutors-BeyondInfinity","assets/js/content-hubs.js","js","1407","9B9300F793E8A344BF3BE9AA0EFF8A04453278E3164D732AD52F2AAB41D7631D","VERIFIED","Retain","low"
"NextGenTutors-BeyondInfinity","assets/js/dashboard-rest.js","js","10032","8E9057050892E6D5A6EF57CF9AF7AA72B26F369DCB84D2E116CD5DCEC5240989","DUPLICATE","CONSOLIDATE","low"
"NextGenTutors-BeyondInfinity","assets/js/kinetic-home.js","js","10222","537E7362358EEA910D769DC10EFD6334C57CA596C74268D657F0D2A96502CC5C","DUPLICATE","CONSOLIDATE","low"
"NextGenTutors-BeyondInfinity","assets/js/kinetic-page.js","js","1590","A499EBBD5450FE531D11801AB20A3C16C3BEF1D5E08E466D520A28226D4A15FA","VERIFIED","Retain","low"
"NextGenTutors-BeyondInfinity","assets/js/layout-debug.js","js","3136","34ECD0E6D0041AA6A9CDC2B00BDF56BF4782C76D43574CCAACAA33157B895ABF","DUPLICATE","CONSOLIDATE","low"
"NextGenTutors-BeyondInfinity","assets/js/main.js","js","6516","9A2B062C4C9754FDDE3DA2D01B4D6F86FD9C6F4AF375ABB827D9EA8421AC166E","VERIFIED","Retain","low"
"NextGenTutors-BeyondInfinity","assets/js/motion.js","js","2961","57851B86D24A02718019D5B7632ED1754601F5C4338C523B2D0C0AC35F03E4D3","DUPLICATE","CONSOLIDATE","low"
"NextGenTutors-BeyondInfinity","assets/js/nav-menu.js","js","2309","708D9077C793366A5E77786652BF7678057315C4C319844DF514D6C0CFA6F61E","VERIFIED","Retain","low"
"NextGenTutors-BeyondInfinity","assets/js/nbi-infinity.js","js","10723","1FF2FF720237D0154081F43B788F5354A41094F17BF4AADFFDE4BD948D0A5458","DUPLICATE","CONSOLIDATE","low"
"NextGenTutors-BeyondInfinity","assets/js/nextgen-beyond-infinity-ui.js","js","1847","095C7ADC5AB294761821AF976B8141160A275BD89128AAFC297EA78D3A9F3644","DUPLICATE","CONSOLIDATE","low"
"NextGenTutors-BeyondInfinity","assets/js/ng-ui.js","js","809","043A714166E78AEA53F3DD617F7D06FD93268BD3FE2219AC4A7ACF18DF75F70C","DUPLICATE","CONSOLIDATE","low"
"NextGenTutors-BeyondInfinity","assets/js/ngc-validation.js","js","8586","26511B16697807E3A947A63A527988E3D99DF145B1F5B51176794D0B95845978","DUPLICATE","CONSOLIDATE","low"
"NextGenTutors-BeyondInfinity","assets/js/ngt-toast.js","js","1994","4A578C0CCCEB221B4F9AE1F5F156450D71DD8DC80C869A0A7C0BF3D1AC31FF75","DUPLICATE","CONSOLIDATE","low"
"NextGenTutors-BeyondInfinity","assets/js/ngt-wp-bridge.js","js","3949","3E4499E132CD9418950BE7A73C625ADF5194370A6704F0DB7AA1FED3B6C66F25","DUPLICATE","CONSOLIDATE","low"
"NextGenTutors-BeyondInfinity","assets/js/page-composer.js","js","1617","F975B062D9E55385A380A8DEB84E0D30A8A6D8DA3AB07249817E614EBF197C7E","DUPLICATE","CONSOLIDATE","low"
"NextGenTutors-BeyondInfinity","assets/js/README.md","markdown","779","C536F8349F7E959FB53DE9C0B05C1D5177B6A986E415D78FAA436C3849DCDC9E","DUPLICATE","CONSOLIDATE","low"
"NextGenTutors-BeyondInfinity","assets/js/theme-switcher.js","js","4690","E31A475CDA0394EF818BEE16AEC4E5A742B7ABF15B27092A2CD1D87CF6EA0C4E","VERIFIED","Retain","low"
"NextGenTutors-BeyondInfinity","assets/js/theme.js","js","7432","1038B6E87AE30EE91E204FCF23D001B329193298B8938A8234ED9A76C7D24DE9","VERIFIED","Retain","low"
"NextGenTutors-BeyondInfinity","assets/js/tutors-carousel.js","js","4918","CDC42A89D3E1B775CB2E3978A1C268C2BD3CA25688B8325CEA3FFBFC4F374D05","DUPLICATE","CONSOLIDATE","low"
"NextGenTutors-BeyondInfinity","assets/media/videos/hero-loop.mp4","other","3782709","D037E158496F1123B69763D70B846824CD4ECADF46677159DD7ACA43B3BD9304","DUPLICATE","CONSOLIDATE","low"
"NextGenTutors-BeyondInfinity","assets/ngt/css/admin.css","css","20126","5515FA559C6C4B3F9C30440AF9A25E010E0789F319D4B5084AA0847442D1583D","DUPLICATE","CONSOLIDATE","low"
"NextGenTutors-BeyondInfinity","assets/ngt/css/components.css","css","36207","CFB810127629D9FEE403EBF0435FCB43171DCA5A53ED066A618A75F1CCBB91B9","DUPLICATE","CONSOLIDATE","low"
"NextGenTutors-BeyondInfinity","assets/ngt/css/content.css","css","22274","AF0F847E92C7CA31120C7DC53104DFCD0C4C530690BFC8346BD10926C0078B9E","DUPLICATE","CONSOLIDATE","low"
"NextGenTutors-BeyondInfinity","assets/ngt/css/floating.css","css","19230","CF995513ADBEB771CADDD2C1C4B21ECEF58767C9CCB2FE32BE0C582240EB6241","VERIFIED","Retain","low"
"NextGenTutors-BeyondInfinity","assets/ngt/css/pages.css","css","23848","EDCED5BCDE26EEE0D38D26FD207A560A8D41799C9B9803DB8ABB4262E8E4E1BF","DUPLICATE","CONSOLIDATE","low"
"NextGenTutors-BeyondInfinity","assets/ngt/css/tokens.css","css","6838","5463B59F05474CE508D56BCF5F7312F53512A147591262F39202CD7CA5986F8D","DUPLICATE","CONSOLIDATE","low"
"NextGenTutors-BeyondInfinity","assets/ngt/img/logo-200.png","image","43579","6F3F41D43C7536E5555543191E55F3CB3412EAD73111C269D56496535D49FE19","DUPLICATE","CONSOLIDATE","low"
"NextGenTutors-BeyondInfinity","assets/ngt/img/logo-dark.png","image","1832613","51007C08A8D9C884683B0F53330C82E9E60F07F9053F2B34F8A72DE229E4AF9F","DUPLICATE","CONSOLIDATE","low"
"NextGenTutors-BeyondInfinity","assets/ngt/img/logo.png","image","185819","22CA2B5A623FBDD2B3DBA5BDB1E15D123EE5C75348F1AA782D0E7D57E83F80B6","DUPLICATE","CONSOLIDATE","low"
"NextGenTutors-BeyondInfinity","assets/ngt/js/admin-dash.js","js","2870","4F9515195470591A0798FE5FED8A77DA31CB6164A20CA9992E54D8D627E23CE6","DUPLICATE","CONSOLIDATE","low"
"NextGenTutors-BeyondInfinity","assets/ngt/js/chat.js","js","12310","FD84F5E61983D94395E54AB7CEF2045F97A91708F1592E5BC5318E8430453804","DUPLICATE","CONSOLIDATE","low"
"NextGenTutors-BeyondInfinity","assets/ngt/js/chrome.js","js","16887","30EAAECC40D2C26190B3DF6130DB31F4752163558FECEAD880B879DB4A16D901","DUPLICATE","CONSOLIDATE","low"
"NextGenTutors-BeyondInfinity","assets/ngt/js/dashboard.js","js","2155","D4FBF1B069F57A1642BFF99B4464BCCC3A79E3036C134A70101771F148CCAA31","DUPLICATE","CONSOLIDATE","low"
"NextGenTutors-BeyondInfinity","assets/ngt/js/data.js","js","7494","3AAA811B3D15F7283F232CDE1250C2AB7299B8BFAB0F18E83FFCA0D5D18CDEC3","DUPLICATE","CONSOLIDATE","low"
"NextGenTutors-BeyondInfinity","assets/ngt/js/export.js","js","4204","92ADC1D2DB5871CFAB5DD5D545EBFAE99954C00920AA05EC5AABD8CF309F3DD0","DUPLICATE","CONSOLIDATE","low"
"NextGenTutors-BeyondInfinity","assets/ngt/js/floating.js","js","13842","A977B9CCD4C35AEC02CAD4B72B2A25298533A1BE7F0D25CECFF75070D4E3FE13","DUPLICATE","CONSOLIDATE","low"
"NextGenTutors-BeyondInfinity","assets/ngt/js/home.js","js","15127","7522C74AA1EEBCA9BBD3185AD8D38566D0E6AD2AE783B7E472ABBC2D24B9DCF3","DUPLICATE","CONSOLIDATE","low"
"NextGenTutors-BeyondInfinity","assets/ngt/js/onboarding.js","js","10109","334D5EDDEA7D0ADA3FB7CB0FE2D324A47E28C5E97EC7AA3F30461E47147F13EE","DUPLICATE","CONSOLIDATE","low"
"NextGenTutors-BeyondInfinity","assets/ngt/js/preloader.js","js","11002","F5FD2033C1E0B877E5BFCDAA43686A6FC7E0348868255DF3B7A85004F73ABDC3","DUPLICATE","CONSOLIDATE","low"
"NextGenTutors-BeyondInfinity","assets/ngt/js/pricing.js","js","4105","71ED9A0043207BF4518D097F655E1D407827D4EA887293595B7DAA3D88CF4B4E","DUPLICATE","CONSOLIDATE","low"
"NextGenTutors-BeyondInfinity","assets/ngt/js/profile.js","js","6768","1747984A9D48EC64C3E0A1ED9E0C249F7A027694278CB54566542CD39EAB23C6","DUPLICATE","CONSOLIDATE","low"
"NextGenTutors-BeyondInfinity","assets/ngt/js/reports.js","js","8581","347DFAE2DF75841D562C492FF05FB675F2A7DD0CA6FB63D47B5224B974FFF263","DUPLICATE","CONSOLIDATE","low"
"NextGenTutors-BeyondInfinity","assets/ngt/js/setup.js","js","2383","371A3444EBC39A5DF8B6E17A6C186BEF718BB672CEC4A77F1779E48EADF2A670","DUPLICATE","CONSOLIDATE","low"
"NextGenTutors-BeyondInfinity","assets/ngt/js/static.js","js","5135","A1A5D1CDA37519F2D75F9E275E51EE417B895C9539EDD94087BE8017CDE0F768","DUPLICATE","CONSOLIDATE","low"
"NextGenTutors-BeyondInfinity","assets/ngt/js/tutor-dash.js","js","2874","DBEB03ED45478C265ECA53F423342E8FC7D54B2F895C818B6BA2B582D0804BB4","DUPLICATE","CONSOLIDATE","low"
"NextGenTutors-BeyondInfinity","assets/ngt/js/tutors.js","js","6801","911EBFF763202C21FA7BB4934588CB8ED5F43A0351F849539E9DA3BF364864E1","DUPLICATE","CONSOLIDATE","low"
"NextGenTutors-BeyondInfinity","assets/videos/about-learning.mp4","other","4855396","59E2568ACD74E9B833972059C88662E29EA470584CD8249409DB8CD1657F90FB","DUPLICATE","CONSOLIDATE","low"
"NextGenTutors-BeyondInfinity","assets/videos/become-tutor-classroom.mp4","other","2873541","27543EC0B41B10163E15EC1818F4B35B134B5C808A207A478EB369034D832A9C","DUPLICATE","CONSOLIDATE","low"
"NextGenTutors-BeyondInfinity","assets/videos/find-tutor-session.mp4","other","5499250","90E7B561CA9292F6B4493D9E39806A88B239EC131A3FBBD89173465AA869B1A7","DUPLICATE","CONSOLIDATE","low"
"NextGenTutors-BeyondInfinity","assets/videos/hero-mother-daughter-online.mp4","other","3782709","D037E158496F1123B69763D70B846824CD4ECADF46677159DD7ACA43B3BD9304","DUPLICATE","CONSOLIDATE","low"
"NextGenTutors-BeyondInfinity","assets/videos/story-online-class.mp4","other","4643176","5844E2C12CB7C4A0321748787AEBC38A97436C180439182927068E594E9F71C7","DUPLICATE","CONSOLIDATE","low"
"NextGenTutors-BeyondInfinity","inc/admin-beyondinfinity.php","php","6057","3A5E4186252D3E71457EBF7CC0152CA4637E4B0926223C2B7BA0DEBA00C75213","DUPLICATE","CONSOLIDATE","low"
"NextGenTutors-BeyondInfinity","inc/admin.php","php","22495","A0170ABA6253038B8417EE3706CB6BEF8A38C8FD1772C87068C5ED8D63A2B7B2","VERIFIED","Retain","low"
"NextGenTutors-BeyondInfinity","inc/bi-3d.php","php","8043","37E027B36246B2E9A3C4206AB360C0BC8D500A488DD0C78938AC272AD0474AE7","DUPLICATE","CONSOLIDATE","low"
"NextGenTutors-BeyondInfinity","inc/companion.php","php","4573","81B057B5EB9BF2C3661D073E1EDB675F38A6E5F238E16A243FDAD99CDC44D4DB","DUPLICATE","CONSOLIDATE","low"
"NextGenTutors-BeyondInfinity","inc/content-groups.php","php","13851","C13F0AC03478E594751417E704BA85C93BC113C5A2969B737433B53C5D231E34","VERIFIED","Retain","low"
"NextGenTutors-BeyondInfinity","inc/customizer.php","php","280","40C49A1C3597BAE40413E382654E35C587F9BE13DC2EBC838D88788EF10410C3","DUPLICATE","CONSOLIDATE","low"
"NextGenTutors-BeyondInfinity","inc/helpers.php","php","12873","49F3C2BD0FD776FD7B23BB113545C782A0566A1EA63B856B2A0E7B9D69E3DD11","DUPLICATE","CONSOLIDATE","low"
"NextGenTutors-BeyondInfinity","inc/kinetic-home.php","php","8630","E953EDC707FDC91917E79B505A2D59E67C012779278693053FFE733FC6FA4526","VERIFIED","Retain","low"
"NextGenTutors-BeyondInfinity","inc/kinetic-image-hover.php","php","5365","D1917B15B93A8C7A2B392BA98F47E7086208AA979CF5ED8EECC1388D51BAD97B","DUPLICATE","CONSOLIDATE","low"
"NextGenTutors-BeyondInfinity","inc/kinetic-surface.php","php","2976","9A89285B8656E499BAF5F1A35893FDDD546DC65A782E7F4361D9E2ADDB6D8725","VERIFIED","Retain","low"
"NextGenTutors-BeyondInfinity","inc/layout-manager.php","php","14116","2CD8440167CBC0471EAC3EA40636ABCFB2BFFC2910AC642A7E2338FDCD04FADF","DUPLICATE","CONSOLIDATE","low"
"NextGenTutors-BeyondInfinity","inc/motion.php","php","8897","4676CC14A9D01E898EDE2B145BCABAA79872299C1D73F5E03F76C60AEFFC255D","VERIFIED","Retain","low"
"NextGenTutors-BeyondInfinity","inc/nav-menu.php","php","10866","C29F26D422BC38122479AB4EFAFB5D0B0A7545E901424310DF8C6B0630264EA3","VERIFIED","Retain","low"
"NextGenTutors-BeyondInfinity","inc/nbi-infinity.php","php","6779","DB054D7F514184C89EC9BDC5D5B85D8EF2B4C679713075787748EFEC4BCC3FC5","VERIFIED","Retain","low"
"NextGenTutors-BeyondInfinity","inc/ngt-assets.php","php","7340","66D8666939047E34460DA2831279C51B1DADD88D7AF1E36ADF67DB27C856F324","VERIFIED","Retain","low"
"NextGenTutors-BeyondInfinity","inc/openwa.php","php","13649","F382E1BF00ADB6FE34DB5A141ABD6817CF0F9179D6E229135913FE2B31D29E18","DUPLICATE","CONSOLIDATE","low"
"NextGenTutors-BeyondInfinity","inc/page-builders.php","php","8018","A966357F75335AD9E811D42CF51C44287E4BE7FCEE45233CC4431B0E99BE4C0D","DUPLICATE","CONSOLIDATE","low"
"NextGenTutors-BeyondInfinity","inc/page-composer.php","php","10516","6ECF428AF891917526C6AEF8FBF49C986BE46094766E0C0459B250E726FE4870","DUPLICATE","CONSOLIDATE","low"
"NextGenTutors-BeyondInfinity","inc/page-wrapper.php","php","3217","054D6F3C508544C097AEDA8EFDD1F3DCE4AE1C06475D9B4FD284D1B3B5018D98","DUPLICATE","CONSOLIDATE","low"
"NextGenTutors-BeyondInfinity","inc/pages-registry.php","php","10538","7E35EE8862D2920A758AA2E295CD0A18F9C60FC6E4BC84433D48C89826011664","DUPLICATE","CONSOLIDATE","low"
"NextGenTutors-BeyondInfinity","inc/production-content.php","php","3139","912473DC21A783453C53C9B6624625C551706B8468B3524FE7F09779618273B9","VERIFIED","Retain","low"
"NextGenTutors-BeyondInfinity","inc/prototype-blend.php","php","8976","F9C1DDD778F7CBB8183A15CF1527DC7A31DD84F5F4E840534EFA445379A9FF0B","VERIFIED","Retain","low"
"NextGenTutors-BeyondInfinity","inc/prototype-bodies.php","php","2799","397FC26EE0CED0B824F54317DC50138D9D68D9035A0EBCAC02A788D93671CDB0","VERIFIED","Retain","low"
"NextGenTutors-BeyondInfinity","inc/roles.php","php","720","4C8FE2A4E657D9C5ED3266158C1D9322CC488488F1CBCD91FCBDECC17ECE1C62","DUPLICATE","CONSOLIDATE","low"
"NextGenTutors-BeyondInfinity","inc/security.php","php","3086","1BA9EE1A7A0D7DA3E8EF688F1AD83EDD1DA8452FEB19016792B0BB713ED510E7","DUPLICATE","CONSOLIDATE","low"
"NextGenTutors-BeyondInfinity","inc/seo.php","php","6299","A91B21EE699A0BF987D8E8F6F2E7A8C16A255862CEB619739BBCA68BAC9B687D","DUPLICATE","CONSOLIDATE","low"
"NextGenTutors-BeyondInfinity","inc/shortcodes-fallback.php","php","16507","50780A233C0157A811E5D0262D620D1F28295A2BF733F2E08BCE14DEC4FB3874","DUPLICATE","CONSOLIDATE","low"
"NextGenTutors-BeyondInfinity","inc/template-tags.php","php","50797","09F4AE49F9A5129923A25953C41EE2DCF509235A38C69C9B8FEE477AF438993B","DUPLICATE","CONSOLIDATE","low"
"NextGenTutors-BeyondInfinity","inc/theme-switcher.php","php","7942","3EC73B8A4E7BD28869B283A973782CBFA318D5438C64703A7B0EA74925F08739","VERIFIED","Retain","low"
"NextGenTutors-BeyondInfinity","inc/tutor-data.php","php","19326","311801F5C63EC7AECB4AB2B36AFAC0869781BDB358CFB91A1267504EBB4C1043","VERIFIED","Retain","low"
"NextGenTutors-BeyondInfinity","inc/tutoring-imagery.php","php","2641","1BC91B995427BB153B4B2F4A8EB04E2EE75D9619A8A9D082898F5483685433A4","DUPLICATE","CONSOLIDATE","low"
"NextGenTutors-BeyondInfinity","inc/ui-icons.php","php","6634","17AFB389D5E2693082B520BF8AA70BFE833145DBE3CB7884F34D2E58E921C141","DUPLICATE","CONSOLIDATE","low"
"NextGenTutors-BeyondInfinity","inc/widgets.php","php","4743","7CC361E982EE1A96E7C4689BABF0F60D40E0C971698C2DC23F474D9D991384E3","DUPLICATE","CONSOLIDATE","low"
"NextGenTutors-BeyondInfinity","inc/workflows.php","php","13023","97C38E26489CCFC7009788F4DFC6001B0230E398967A04D84E3E1A9A49EB75BB","VERIFIED","Retain","low"
"NextGenTutors-BeyondInfinity","inc/config/bootstrap.php","php","1087","194FE7838F475CBA2D03DF64F05FDA0F1199A972B925C0DB4DD27172B4E31F4E","VERIFIED","Retain","low"
"NextGenTutors-BeyondInfinity","inc/config/color-schemes.php","php","3133","210D60B0A7D3BF69284C3ABB6592F1919FAB18201C0926AEA7741F94A8BDD6BB","VERIFIED","Retain","low"
"NextGenTutors-BeyondInfinity","inc/config/customizer-bridge.php","php","4427","849E55E1D6ECC3170B11A2BF026CDF886A3A7D11F4EA3378CCD63CB64F726293","VERIFIED","Retain","low"
"NextGenTutors-BeyondInfinity","inc/config/home-sections.php","php","2322","CDE3CBA92A603DB453A47AFE4747C442255E139ACE726CBA5892302937BB1310","DUPLICATE","CONSOLIDATE","low"
"NextGenTutors-BeyondInfinity","inc/config/lists.php","php","2814","2C6764CFBBE735F46B55E1D57798E5224543E7183F74A101F4600AD12026F6DF","VERIFIED","Retain","low"
"NextGenTutors-BeyondInfinity","inc/config/options-get.php","php","4107","70FF41F45DC15E3425AE8C84EA0A5AA5CB414EDE7FAE2B8A8B4F0FB52603DB37","VERIFIED","Retain","low"
"NextGenTutors-BeyondInfinity","inc/config/options-loader.php","php","1057","5B3472B998EA22A666735AECADD6B36282A62572F527D3213E768D7CF3932257","DUPLICATE","CONSOLIDATE","low"
"NextGenTutors-BeyondInfinity","inc/config/options-schema.php","php","20166","86C322EB9FC4A44AA20975867A2F271F11A6D9BC3ABCA7FA7CE5C7A72ECE00CD","VERIFIED","Retain","low"
"NextGenTutors-BeyondInfinity","inc/config/override-metabox.php","php","6215","F1A8C892287E8F4B1DF11A76DAD656D13075B4443EEFFAF8347F49B9FADDAF4C","DUPLICATE","CONSOLIDATE","low"
"NextGenTutors-BeyondInfinity","inc/config/post-meta.php","php","2151","5EC3D94B15FC2EF550AED6EFEBD27328DC033DB5B8A4CDD68837B675DFC2D345","DUPLICATE","CONSOLIDATE","low"
"NextGenTutors-BeyondInfinity","inc/config/registry-defaults.php","php","566","4DE9B62BA00078508855ED44758BEFAC40B28F4F1D223B7E45F0306F18EF4AD2","DUPLICATE","CONSOLIDATE","low"
"NextGenTutors-BeyondInfinity","inc/config/storage.php","php","2140","BF1001AE420457A847F27C2787A81BB1732CC4A09C06392C4D3D2B07D9CE7907","DUPLICATE","CONSOLIDATE","low"
"NextGenTutors-BeyondInfinity","inc/config/theme-styles.php","php","4798","DD16C8D495478D8F72F56FDFD73F946016A1565465EF8527982096052884BF76","VERIFIED","Retain","low"
"NextGenTutors-BeyondInfinity","inc/config/visual-presets.php","php","2882","ADC4D4B7F1A1CBE6528431E880F60F21E7068E79A5594FB7CC3289808A04575B","VERIFIED","Retain","low"
"NextGenTutors-BeyondInfinity","inc/defaults/about.php","php","211","B7C81F3CADB4B3D8A803DF0E164590509FE04B1689EB2F176DDA7F8C338866AA","DUPLICATE","CONSOLIDATE","low"
"NextGenTutors-BeyondInfinity","inc/defaults/admin-dashboard.php","php","231","1615289DBCD48962EBAC60E05E2BACA159A72AD79E101E7D448E297620BF1A4A","DUPLICATE","CONSOLIDATE","low"
"NextGenTutors-BeyondInfinity","inc/defaults/become-a-tutor.php","php","229","97314ECC737E2B536686F09F74C3283AA5DF7B50C69EB44F3009F4F75D8865F5","DUPLICATE","CONSOLIDATE","low"
"NextGenTutors-BeyondInfinity","inc/defaults/blog.php","php","209","A2EA13B99D9242FADDB5F245E20155FA30ABFC5537434E545CEF37301BDACE97","DUPLICATE","CONSOLIDATE","low"
"NextGenTutors-BeyondInfinity","inc/defaults/child-safety.php","php","200","C8BE7F4723A12BE0A170C83A94EB0747EF7D91AFAB1A4826A041BF665ED0DA82","DUPLICATE","CONSOLIDATE","low"
"NextGenTutors-BeyondInfinity","inc/defaults/contact.php","php","215","7F2E274A747E2842FB5E8942894E89C1E3CD0EBDA10A2B492181881887FA05DA","DUPLICATE","CONSOLIDATE","low"
"NextGenTutors-BeyondInfinity","inc/defaults/find-a-tutor.php","php","225","1AE64D615E996A469159F1A4E3D53A0AAB4FD487407592D9B4DBDC6093E5E812","DUPLICATE","CONSOLIDATE","low"
"NextGenTutors-BeyondInfinity","inc/defaults/guarantee.php","php","219","2A0E45A9DC19987A702F7A85A6C5FE5B5B83ABCA36458DB8429DE0634EAC0FF3","DUPLICATE","CONSOLIDATE","low"
"NextGenTutors-BeyondInfinity","inc/defaults/home.php","php","210","6FF4EEF9B8EAD0488AB1F92A8C4E8B7265ED4D01FDC940B19070BB3304FCBD20","DUPLICATE","CONSOLIDATE","low"
"NextGenTutors-BeyondInfinity","inc/defaults/login.php","php","193","CB36C1AD3024C271F38DCAC23220648B25663EEEC1B1F43B8D467FAEA5004964","DUPLICATE","CONSOLIDATE","low"
"NextGenTutors-BeyondInfinity","inc/defaults/onboarding.php","php","221","25D9676F27262DC21067327AB9B5991B902C8589AD8432C300BCE736513E673C","DUPLICATE","CONSOLIDATE","low"
"NextGenTutors-BeyondInfinity","inc/defaults/parent-checkout.php","php","190","2A36E2A76155F30ADA1225DFE077CC5AAEF286FB370FFC2D2F64B56ADB7E4872","DUPLICATE","CONSOLIDATE","low"
"NextGenTutors-BeyondInfinity","inc/defaults/parent-dashboard.php","php","226","D2A7902BF84DC777DC7E324627AFF8B9897594CB318B476CC3792D1B160AE8C4","DUPLICATE","CONSOLIDATE","low"
"NextGenTutors-BeyondInfinity","inc/defaults/pricing.php","php","215","13879A348A8016D1B9CB83FC4CA2DB0F6883C41DB24FF21C9AE1EE8817432E5D","DUPLICATE","CONSOLIDATE","low"
"NextGenTutors-BeyondInfinity","inc/defaults/privacy-policy.php","php","222","F85FA74EA8C7DBC70417C54B52318BA90923458178A6C61B2DB6BB7381F85263","DUPLICATE","CONSOLIDATE","low"
"NextGenTutors-BeyondInfinity","inc/defaults/register.php","php","196","F0080F7CA1B4D33400C98F2C6B0D6190BD8A1C63451999B1B2AA9F71AF866A6B","DUPLICATE","CONSOLIDATE","low"
"NextGenTutors-BeyondInfinity","inc/defaults/safety-guide.php","php","225","1E0B44F7EDBDF3B54E2042035F1ECD84B4FB7DCEA709FDC333048CE08EE30E4B","DUPLICATE","CONSOLIDATE","low"
"NextGenTutors-BeyondInfinity","inc/defaults/student-dashboard.php","php","227","92EFBDBE161CA8A2DB463D5E46B2A0C25AA0FE5C2734C8DDD5541604B5CE3C74","DUPLICATE","CONSOLIDATE","low"
"NextGenTutors-BeyondInfinity","inc/defaults/support.php","php","215","BC27CDC809BA6035441C1CD8449E2BA6DF77F533847E4B708A46CD11E2FAA8E7","DUPLICATE","CONSOLIDATE","low"
"NextGenTutors-BeyondInfinity","inc/defaults/terms.php","php","211","E49A654F31ADB310B29CCE411D33916050DF9ED4438B2136E501C28BCAFD367A","DUPLICATE","CONSOLIDATE","low"
"NextGenTutors-BeyondInfinity","inc/defaults/thank-you.php","php","197","1C80907C6324D7C3A54A6F1EBA1B021AA0778358E63806B0217F547F609F43AA","DUPLICATE","CONSOLIDATE","low"
"NextGenTutors-BeyondInfinity","inc/defaults/tutor-dashboard.php","php","231","80E6F2694237CE8D1B0072066102FB94888D20961E87BC43C77766711A0734EA","DUPLICATE","CONSOLIDATE","low"
"NextGenTutors-BeyondInfinity","inc/defaults/tutor-vetting.php","php","227","29B4DC2053A77F718C16609A91C998CB7CF89176C67922CF263D0640B0A0F4E1","DUPLICATE","CONSOLIDATE","low"
"NextGenTutors-BeyondInfinity","inc/defaults/wordpress-setup.php","php","221","AA9774B300299CC3FEDCBB814BA659EF50216F3C77BD87C3299284B381A1088A","DUPLICATE","CONSOLIDATE","low"
"NextGenTutors-BeyondInfinity","inc/defaults-production/about.php","php","3955","B374A760659AC00A3DF0ED00E4CE89F0FC64A7D71B8D9B558ED0650A8CDD1142","DUPLICATE","CONSOLIDATE","low"
"NextGenTutors-BeyondInfinity","inc/defaults-production/admin-dashboard.php","php","2135","649B533658C26D4AF1A8E27DB9F03CA6D0059C4CFDCD682F47ED12AD92B83102","DUPLICATE","CONSOLIDATE","low"
"NextGenTutors-BeyondInfinity","inc/defaults-production/become-a-tutor.php","php","3710","8913763633EDD50FA52A0CD5B62E2178C8268798CD3A98FE2678F81D24BAF4E2","DUPLICATE","CONSOLIDATE","low"
"NextGenTutors-BeyondInfinity","inc/defaults-production/blog.php","php","3286","2A7B95A3C415492619865B43D59F584048D6BF6DFD9ADBF596900F9859476DCA","DUPLICATE","CONSOLIDATE","low"
"NextGenTutors-BeyondInfinity","inc/defaults-production/child-safety.php","php","2310","E20687872AB25413D406493286DAEFE4F3E91A529F99A0D68F3995CBFB3C052D","DUPLICATE","CONSOLIDATE","low"
"NextGenTutors-BeyondInfinity","inc/defaults-production/contact.php","php","2153","F67E4C1C41B32C6F917195F00751626DAC6FA75530710DE86962D21E58CC1926","DUPLICATE","CONSOLIDATE","low"
"NextGenTutors-BeyondInfinity","inc/defaults-production/find-a-tutor.php","php","3669","84744F14FEC261A2E381E401A15986EB9B87B40FD9D0F084D1067D6E71A09F0A","DUPLICATE","CONSOLIDATE","low"
"NextGenTutors-BeyondInfinity","inc/defaults-production/guarantee.php","php","4889","2018D44DED328EAD6336C511A1B30E6F4FD4E0F6536087833EA353083484B852","DUPLICATE","CONSOLIDATE","low"
"NextGenTutors-BeyondInfinity","inc/defaults-production/home.php","php","44825","293BAE5DD9BBF9B6ACED17950244779AEDC439F071630BFD3EADBBEA113B8332","VERIFIED","Retain","low"
"NextGenTutors-BeyondInfinity","inc/defaults-production/login.php","php","714","8B0081F8755B62C2E3E08F3217C0199FD05918B8165DA89DFC942607C806FDAA","DUPLICATE","CONSOLIDATE","low"
"NextGenTutors-BeyondInfinity","inc/defaults-production/onboarding.php","php","2328","AD0802F1928A35B9B61BD149F429084FCF7402F8B4215717288D84AE3DBA7A8D","DUPLICATE","CONSOLIDATE","low"
"NextGenTutors-BeyondInfinity","inc/defaults-production/parent-checkout.php","php","909","FEB44566E6569D691F7DA468D249AA7AC3554126EB22D1BE2EB3C2B8D7CB95E8","DUPLICATE","CONSOLIDATE","low"
"NextGenTutors-BeyondInfinity","inc/defaults-production/parent-dashboard.php","php","2227","77E3703328009E44190238E7C2B01AF5E4CC1E5C5095EECB5C7FB767FDDEA3B4","DUPLICATE","CONSOLIDATE","low"
"NextGenTutors-BeyondInfinity","inc/defaults-production/pricing.php","php","10121","89C54181D8E38D0A82D7A435F0B06CC825862F9C85A7A06406366A9FF72A3C7D","DUPLICATE","CONSOLIDATE","low"
"NextGenTutors-BeyondInfinity","inc/defaults-production/privacy-policy.php","php","5047","B5F12461E6BE00B94C4428F7D88609D41646E2C1C6D50FE6A1F330540CDE1FFC","DUPLICATE","CONSOLIDATE","low"
"NextGenTutors-BeyondInfinity","inc/defaults-production/register.php","php","1655","2A45693CA375AFF327534530B277A678230A6F8AA10CAAA1C0E11A6ED868F478","DUPLICATE","CONSOLIDATE","low"
"NextGenTutors-BeyondInfinity","inc/defaults-production/safety-guide.php","php","7935","CEDC3A42DB32D20C86F249973EE2E769A3FF5418A7EEFEA5AC2F6AEEC68DB142","DUPLICATE","CONSOLIDATE","low"
"NextGenTutors-BeyondInfinity","inc/defaults-production/student-dashboard.php","php","2157","0B791ABDD46AAFCE3715641AAD9A3C7D8A22E6418A8C01F1E783482CB8296C98","DUPLICATE","CONSOLIDATE","low"
"NextGenTutors-BeyondInfinity","inc/defaults-production/support.php","php","3309","7E6853DA90CAD3F47F29FCF8A376670E5D1A9C95BE511F04903237460E43515F","DUPLICATE","CONSOLIDATE","low"
"NextGenTutors-BeyondInfinity","inc/defaults-production/terms.php","php","6663","AFE530F72400BE00E03547410DA8EBD1A8B5CA7449DA67D97F570C946766C2DC","DUPLICATE","CONSOLIDATE","low"
"NextGenTutors-BeyondInfinity","inc/defaults-production/thank-you.php","php","2381","11F58D4E39267A6BEA457466DC1785F8F91A0CE6E714489A26C3C442B8459350","DUPLICATE","CONSOLIDATE","low"
"NextGenTutors-BeyondInfinity","inc/defaults-production/tutor-dashboard.php","php","2488","D2CF54D4434EA506085C8831420D746FC55C30FD465C803ED2F8A39BA8F88E63","DUPLICATE","CONSOLIDATE","low"
"NextGenTutors-BeyondInfinity","inc/defaults-production/tutor-vetting.php","php","7689","3260AA1B6ACFF1DCB165437E861136FA10446FEFF5090BEC973DD70EC528E67B","DUPLICATE","CONSOLIDATE","low"
"NextGenTutors-BeyondInfinity","inc/defaults-production/wordpress-setup.php","php","7154","ACBDCD2774FEF4E5F64A0D7B6336F904261A03E5C3A117CBA4818AD708744FC3","DUPLICATE","CONSOLIDATE","low"
"NextGenTutors-BeyondInfinity","inc/ui-library/bootstrap.php","php","3630","BC67FAA530D829EB1F037BAD3B8D70564BF59EE55A9715BD288F99DAB38B32A9","DUPLICATE","CONSOLIDATE","low"
"NextGenTutors-BeyondInfinity","inc/ui-library/builders.php","php","2478","541F9E6F18792F03445C5A4185865419A28B42A8201B9D2CB5E030BCEB367F3C","DUPLICATE","CONSOLIDATE","low"
"NextGenTutors-BeyondInfinity","inc/ui-library/component-loader.php","php","1272","17C88BF5DC7F561781E19EFFF8F12B22F20D1B44FB22A9C838E6E75D657294A2","DUPLICATE","CONSOLIDATE","low"
"NextGenTutors-BeyondInfinity","inc/ui-library/elementor-widget-base.php","php","4440","4E307632F3A5DAAEDDF679506EB95BD78ACF07B2FD0AE3B47299EE88DF876B18","DUPLICATE","CONSOLIDATE","low"
"NextGenTutors-BeyondInfinity","inc/ui-library/elementor-widget.php","php","1978","F87D244C0A494D74E42C9650D8EC382765B9ADBA99D6979307F26F2CC1EA56CB","DUPLICATE","CONSOLIDATE","low"
"NextGenTutors-BeyondInfinity","templates/full-width.php","php","406","A24605F8FB9430219C3868C9B5083423C86C4C23479EC5051E7A55931A01A640","DUPLICATE","CONSOLIDATE","low"
"NextGenTutors-BeyondInfinity","templates/footer/default.php","php","4130","32497EEABD07CC5DF70B0FFFA0814CD20523D736F57E8BE2C20C6A8F573D279C","DUPLICATE","CONSOLIDATE","low"
"NextGenTutors-BeyondInfinity","templates/footer/minimal.php","php","662","E28CE9F96CED1D258E211F5B5A226EC62D1A6945EBA0B025931673E7832B7DEC","DUPLICATE","CONSOLIDATE","low"
"NextGenTutors-BeyondInfinity","templates/header/default.php","php","2096","79CBF43056478F797683377FBCCF47BFB6C6C430F8F9617E97948AAEFF0FCB89","VERIFIED","Retain","low"
"NextGenTutors-BeyondInfinity","templates/header/minimal.php","php","1074","EF249A5F807B817653598238E867A81511B9A8D0BBC9EAD757CB9582BC2B5992","DUPLICATE","CONSOLIDATE","low"
"NextGenTutors-BeyondInfinity","templates/header/transparent.php","php","2117","9E74B92E8471215BD4D39BAC45C4A2353ADFF0811B74934BA46D7978FAE57D1C","VERIFIED","Retain","low"
"NextGenTutors-BeyondInfinity","templates/tutor/calendar.php","php","1447","AEC7BF3848BD2912D7729529B2FE9C15471D9A739047A70415C64DAEB2A81FE0","DUPLICATE","CONSOLIDATE","low"
"NextGenTutors-BeyondInfinity","template-parts/content-page.php","php","809","FC577BD9A7B7FCA770321FDE0BDB4F3F041D30D928AE5C8297A1B3C6A3484FD1","DUPLICATE","CONSOLIDATE","low"
"NextGenTutors-BeyondInfinity","template-parts/content-post.php","php","1450","DBEC23F3AE0040908AE88F2A5C814DC9301F985D1E1677E913C0C05FBB22A80D","DUPLICATE","CONSOLIDATE","low"
"NextGenTutors-BeyondInfinity","template-parts/components/section-heading.php","php","867","A75EE7949BD94126D2DF6225B5250626F184C0D76CDEA3400FD4BB5F71955725","DUPLICATE","CONSOLIDATE","low"
"NextGenTutors-BeyondInfinity","template-parts/components/tutor-card.php","php","2175","7EFE28A14C2EB486D276F24DC2A9151D945BD9FF77721EB74090857E8872E287","DUPLICATE","CONSOLIDATE","low"
"NextGenTutors-BeyondInfinity","template-parts/sections/final-cta.php","php","865","B62134B18C975AB119D1902FCE1E022AE324E3A0BCC130B3A9C4AC78457D5BB5","DUPLICATE","CONSOLIDATE","low"
"NextGenTutors-BeyondInfinity","template-parts/sections/hero.php","php","5576","971F3BEB259BC16F5CBECD490073E488E3933AE2151C97B47278F2933199A6B7","DUPLICATE","CONSOLIDATE","low"
"NextGenTutors-BeyondInfinity","template-parts/sections/how-it-works.php","php","1427","685ED986BF226E0B3692CE0A0E80C58EB0692E3C14D8C7800B4675E08581C97D","DUPLICATE","CONSOLIDATE","low"
"NextGenTutors-BeyondInfinity","template-parts/sections/impact.php","php","1602","B19FE50AAF46C6406A4464B8FEEA17C13AABA928FE4219A0888607C32A80D7FE","DUPLICATE","CONSOLIDATE","low"
"NextGenTutors-BeyondInfinity","template-parts/sections/mission.php","php","1541","F3F6BFA5C6D93174280297DDB4E41DAA86CC3A9EA084E566475504513162D911","DUPLICATE","CONSOLIDATE","low"
"NextGenTutors-BeyondInfinity","template-parts/sections/services.php","php","2348","7DD7C30A19E9AA3B6355D155654451836DB1A62E03FFFA9E5D5A838544FF58B5","DUPLICATE","CONSOLIDATE","low"
"NextGenTutors-BeyondInfinity","template-parts/sections/trust-strip.php","php","1098","67829AAFFCCB335D98CDDAB89FBE2AE9AD6E38DFDE27E1500971898DC36481A5","DUPLICATE","CONSOLIDATE","low"
"NextGenTutors-BeyondInfinity","template-parts/sections/tutors.php","php","1242","93E1BD43ED143FD9C14D93A881CF658FD62269238C73A11328C8F267DE409238","DUPLICATE","CONSOLIDATE","low"
"NextGenTutors-BeyondInfinity","template-parts/sections/wp-banner.php","php","1796","0A3CCCB373F208E18D67242CD166D783DE016B9C90F2B9F3E72E5F6CBBBB2730","DUPLICATE","CONSOLIDATE","low"
"NextGenTutors-BeyondInfinity","template-parts/ui-library/achievement-badge.php","php","929","D9C9C035752C25D266FD5F990DE813BB904F69FE4E29B699EEE7D8EB02E7674C","DUPLICATE","CONSOLIDATE","low"
"NextGenTutors-BeyondInfinity","template-parts/ui-library/booking-list.php","php","1416","35ACC28F9683F2E7B1CF5C4474F5C2A223502FBAA08554AE8646CF89A412BD17","DUPLICATE","CONSOLIDATE","low"
"NextGenTutors-BeyondInfinity","template-parts/ui-library/calendar-grid.php","php","952","8CF6C36101D181CF08DAA24AA0CAEA890752737DBF9897CDEF2E2E674FE4F6A6","DUPLICATE","CONSOLIDATE","low"
"NextGenTutors-BeyondInfinity","template-parts/ui-library/dashboard-kpi.php","php","673","711C2F77093191E83529A27093A3B9FFD3CC87823E2BF23D537F0E50F39AA03B","DUPLICATE","CONSOLIDATE","low"
"NextGenTutors-BeyondInfinity","template-parts/ui-library/empty-state.php","php","466","153E1F4425DE7631B11CE0E2DEDEABED89C91085AEC887CCEFCFB77C85686205","DUPLICATE","CONSOLIDATE","low"
"NextGenTutors-BeyondInfinity","template-parts/ui-library/hero.php","php","1562","B7E5A9974CA9584B6B7CA6A2F3C57518801D1447774E394C7F729747BE0813D6","DUPLICATE","CONSOLIDATE","low"
"NextGenTutors-BeyondInfinity","template-parts/ui-library/pricing-card.php","php","1037","481F62A8FC0A6500FA8B69E4686E160A30E83C8D1812CDA9377B0359BF0D74D0","DUPLICATE","CONSOLIDATE","low"
"NextGenTutors-BeyondInfinity","template-parts/ui-library/review-card.php","php","877","524FDD2FE8A966C6BB27124D7E4CFDD46AEBC65AF3B4540F1FF163BDD7B393DF","DUPLICATE","CONSOLIDATE","low"
"NextGenTutors-BeyondInfinity","template-parts/ui-library/stats-band.php","php","962","38447DB4198D48469A268A514B59A9278510675A4A0F507A58F2C26C86492CF2","DUPLICATE","CONSOLIDATE","low"
"NextGenTutors-BeyondInfinity","template-parts/ui-library/subject-card.php","php","648","726C4428A28E87215B3F232BB538BC4ACB09952C2954C9F7070639E14EB6087A","DUPLICATE","CONSOLIDATE","low"
"NextGenTutors-BeyondInfinity","template-parts/ui-library/tutor-card.php","php","2054","539DAE96A1BE6E9643D71F5FC596DDA74E368963DBE4BAF41F3242C87F4C7FB3","DUPLICATE","CONSOLIDATE","low"
"NextGenTutors-BeyondInfinity","page-templates/about.php","php","8067","4487CBF504C90827D7E118428EEC93D71950DBDD3282BE4D902170303C79060E","VERIFIED","Retain","low"
"NextGenTutors-BeyondInfinity","page-templates/become-a-tutor.php","php","13494","40C07B8242EA57468044C3D50CAD34C2B6CF2AE54E5B9DCA6D9C578B7381444E","VERIFIED","Retain","low"
"NextGenTutors-BeyondInfinity","page-templates/blog.php","php","6852","E6F8DCE5DF0BDDADD3FC71CE8857B0A58F5C2D15B09FC14B6E06B2CE65F21F15","VERIFIED","Retain","low"
"NextGenTutors-BeyondInfinity","page-templates/contact.php","php","6472","6F9DCF0A7A783E97E625D7243E2171B4A160AF11B42FBF43A27BBFC029E66BDD","VERIFIED","Retain","low"
"NextGenTutors-BeyondInfinity","page-templates/find-a-tutor.php","php","5025","36E83CEC3F6EDECA418A014400D96826A77E4BADB56E49E4C6C08E218C481EE0","VERIFIED","Retain","low"
"NextGenTutors-BeyondInfinity","page-templates/guarantee.php","php","6539","91921E8CDDE3166537FAC82A939953D7FA0D9EE020537DBC134C26DB136F008A","VERIFIED","Retain","low"
"NextGenTutors-BeyondInfinity","page-templates/onboarding.php","php","11429","036D96ED5BC427F3E664124CF8218C7F285AEBD4C3D4BB6B863A6C8585E8B210","VERIFIED","Retain","low"
"NextGenTutors-BeyondInfinity","page-templates/pricing.php","php","11875","3971D03EDAAF3ED1E637312F2FB6BFA97B4620ED05EF78D1B7BAA9CDECD78B1A","VERIFIED","Retain","low"
"NextGenTutors-BeyondInfinity","page-templates/privacy.php","php","10235","CC90D087328D54F2316090DBF1D55B38F27DCC9B7286B49B773250720ECBE266","VERIFIED","Retain","low"
"NextGenTutors-BeyondInfinity","page-templates/safety-guide.php","php","8257","E9C4A5751C4A16BC69BC334962F166F8F93D0F1603094AF52F6B9434065A7646","VERIFIED","Retain","low"
"NextGenTutors-BeyondInfinity","page-templates/support.php","php","7085","0D9F04C420B37660BCB35A1565ED627B1274FD34BA7938F90F8063C58265AE41","VERIFIED","Retain","low"
"NextGenTutors-BeyondInfinity","page-templates/template-app.php","php","1104","BBA722E382BAEE8CB52677B565181A9D38351EA1378524565B617BA1C3DAB624","DUPLICATE","CONSOLIDATE","low"
"NextGenTutors-BeyondInfinity","page-templates/template-full-width.php","php","1601","67A996103035A865DFD2ABA3A13498C972DB1E22613CDE526AE04DABD94F29AF","DUPLICATE","CONSOLIDATE","low"
"NextGenTutors-BeyondInfinity","page-templates/template-home.php","php","1637","C0A706CFAFB3F0BD578199CD66EFE5E8D0E4164426E468596DC80957FDD1627E","DUPLICATE","CONSOLIDATE","low"
"NextGenTutors-BeyondInfinity","page-templates/terms.php","php","10590","56AB2F88A1BA9670A3796F1806E7D12D9E3D788B303F48F0EE40FACAA52059EB","VERIFIED","Retain","low"
"NextGenTutors-BeyondInfinity","page-templates/tutor-vetting.php","php","6823","19040DE7B826E8533C643E347DC442BA0B62A2E29EB364C77FA6D20ACF5265C2","VERIFIED","Retain","low"
"NextGenTutors-BeyondInfinity","prototypes/about-body.php","php","6658","A30BF8D44DB7991BA142FA51114C8703A9B3631BDC3A120C3FB69E67EBD0C979","DUPLICATE","CONSOLIDATE","low"
"NextGenTutors-BeyondInfinity","prototypes/admin-dashboard-body.php","php","5416","88896BCFDE49B89F51DBB298BC73341E142FFD2DBE73FBA3139789E3BAD5B83C","DUPLICATE","CONSOLIDATE","low"
"NextGenTutors-BeyondInfinity","prototypes/become-a-tutor-body.php","php","8270","0DACAD1BDE8A0575BCDF65239F6B78E48C4574A12BCFF6B962178C66D918A52C","DUPLICATE","CONSOLIDATE","low"
"NextGenTutors-BeyondInfinity","prototypes/blog-body.php","php","11301","212F868444838D7A4943F1D12C19A7A1AAB9F14CB2D917B56BE2269F80D46DBB","DUPLICATE","CONSOLIDATE","low"
"NextGenTutors-BeyondInfinity","prototypes/contact-body.php","php","6291","6565BC2A4654534E4671BF5A1E767CF4DBE52B44F3B84B4AA3EAB64A82F538A8","DUPLICATE","CONSOLIDATE","low"
"NextGenTutors-BeyondInfinity","prototypes/dashboard-body.php","php","8145","7ACCE3DE092C76DB00CA66D6D6CC94BD0E634BE5486CA127C04E21ECE357708D","DUPLICATE","CONSOLIDATE","low"
"NextGenTutors-BeyondInfinity","prototypes/find-a-tutor-body.php","php","5292","2A28DC305BD12822EE991F0FFEEF9A1B66CADA42908581DD17A83C483A944227","DUPLICATE","CONSOLIDATE","low"
"NextGenTutors-BeyondInfinity","prototypes/guarantee-body.php","php","8951","877C588C7BEBF6152C09813C6409807B66090ED68E4B2CEE092D186B38AAD600","DUPLICATE","CONSOLIDATE","low"
"NextGenTutors-BeyondInfinity","prototypes/index-body.php","php","19766","628675A80C5927E7E2801622FD327F66767E3BC022109105A1B7DAE265F6D7DC","DUPLICATE","CONSOLIDATE","low"
"NextGenTutors-BeyondInfinity","prototypes/onboarding-body.php","php","7300","E9FC55F9C6432141269B3A28BF09B8A8752B019869F580AEF9F88D2F2F35D38B","DUPLICATE","CONSOLIDATE","low"
"NextGenTutors-BeyondInfinity","prototypes/pricing-body.php","php","9348","91C95C35F6C87DAF2022F28F7C733AC0E9FD9F76AF31EA3DFA9EBAFC87E796B9","DUPLICATE","CONSOLIDATE","low"
"NextGenTutors-BeyondInfinity","prototypes/privacy-body.php","php","7097","4A3DC5FD47AE8BBEF1E35264A93C078FD0F5A4A18FC4B3688D43E4BB085264D8","DUPLICATE","CONSOLIDATE","low"
"NextGenTutors-BeyondInfinity","prototypes/safety-guide-body.php","php","10065","A583840D86B28D243224898476018E3A64C5756016283927DE1C3937998E76D7","DUPLICATE","CONSOLIDATE","low"
"NextGenTutors-BeyondInfinity","prototypes/setup-body.php","php","15240","701F8FDFBCA435AD567F68912BBA0D9BEDD95CF69E6E69E1146AD6ADDE2BB443","DUPLICATE","CONSOLIDATE","low"
"NextGenTutors-BeyondInfinity","prototypes/support-body.php","php","5403","4099E014B645D436BAA91732CBDAE90C0CC30AA05D34604D770E2AC1749A0C9A","DUPLICATE","CONSOLIDATE","low"
"NextGenTutors-BeyondInfinity","prototypes/terms-body.php","php","8262","0907683ED12220C569F919E6D7BB1A0EBAB4DDD97A4AD87C60D0B7D947D45599","DUPLICATE","CONSOLIDATE","low"
"NextGenTutors-BeyondInfinity","prototypes/tutor-dashboard-body.php","php","9731","CD388A87F051233965D4791D1E6F76DB5C89033C2A5A152DB68D430B6C617389","DUPLICATE","CONSOLIDATE","low"
"NextGenTutors-BeyondInfinity","prototypes/tutor-profile-body.php","php","10344","02B09B29AC436D7BCF78761A56712EA90E96E350E18625B087B3DBE69237DCE1","DUPLICATE","CONSOLIDATE","low"
"NextGenTutors-BeyondInfinity","prototypes/tutor-vetting-body.php","php","10359","87FADFF76A1E17894894EA80FEACD64F12D9E02564C28F9EBD1827E592F8A2E6","DUPLICATE","CONSOLIDATE","low"
"NextGenTutors-BeyondInfinity","content/nextgen-command-center-v1.0.zip","archive","20015","EBE16BE3FA53E4988815E37726CD1198F1277FCF581FDFF39BD498DEC4331DA7","VERIFIED","Retain","low"
"NextGenTutors-BeyondInfinity","content/nextgen-completion-suite-v1.0.zip","archive","7543","CAD6B85796942B0972B34EF9A31FB079CD84D3BE9530E99C2C3550264C87573F","VERIFIED","Retain","low"
"NextGenTutors-BeyondInfinity","content/nextgen-workflow-pack.json","json","12472","61B18D60993622C0DA66322230414A3F3C9501803F378E45E60528BB9E9D86D7","VERIFIED","Retain","low"
"NextGenTutors-BeyondInfinity","content/page-map.json","json","2113","C7ECF7E22D71966067AAB6F8A64AC916B8B52B798E61A7AA62DAA3DC4F2C3209","DUPLICATE","CONSOLIDATE","low"
"NextGenTutors-BeyondInfinity","content/_extracted/nextgen-command-center-v1.0/nextgen-command-center.php","php","2105","724B87396C777EACCC696B7C3F9BAF44F23BC974ABC50BB04CF07F9D8BAA569F","VERIFIED","Retain","low"
"NextGenTutors-BeyondInfinity","content/_extracted/nextgen-command-center-v1.0/assets/admin.css","css","427","7D61A8CDAE91A0D9C4439DECFA2050B05261015D55B7BA3F03BB23DA1E22B692","VERIFIED","Retain","low"
"NextGenTutors-BeyondInfinity","content/_extracted/nextgen-command-center-v1.0/assets/public.css","css","1647","EF25FE5649B693AF9D9AD84C28628AF64731572686D3C1AD7DCE15DC0438DCE0","VERIFIED","Retain","low"
"NextGenTutors-BeyondInfinity","content/_extracted/nextgen-command-center-v1.0/assets/public.js","js","2009","F85774B696DA1199A51A9FE51DEE7125EC74A10E793DE8E9F6790F188B80A3BB","VERIFIED","Retain","low"
"NextGenTutors-BeyondInfinity","content/_extracted/nextgen-command-center-v1.0/includes/class-ngcc-admin.php","php","5425","5D5097D5822653D22F22CCB164F12A0F752D27D7C205BB3EBD2F37F7E91953EC","VERIFIED","Retain","low"
"NextGenTutors-BeyondInfinity","content/_extracted/nextgen-command-center-v1.0/includes/class-ngcc-rest.php","php","2593","6F7116FB7E14FF73338B3C34C7C2D0A235C5B56122F422D2E79E9F8B130CCA7B","VERIFIED","Retain","low"
"NextGenTutors-BeyondInfinity","content/_extracted/nextgen-command-center-v1.0/includes/class-ngcc-setup.php","php","4144","5084C9EC6521AFDD0B2DB9BD47A9300DF789CC716BD42F82751B0B7BE4CB0E04","VERIFIED","Retain","low"
"NextGenTutors-BeyondInfinity","content/_extracted/nextgen-command-center-v1.0/includes/class-ngcc-shortcodes.php","php","6602","70E67834BFE91805F2CA9D638174E257DA45DE6176735778CF06813DAB7CDF8C","VERIFIED","Retain","low"
"NextGenTutors-BeyondInfinity","content/_extracted/nextgen-command-center-v1.0/includes/class-ngcc-workflows.php","php","1685","77C6E63C488BC88B894FBEA1014C8D93DCED1C309AD76892F6EABF17E467D7AC","VERIFIED","Retain","low"
"NextGenTutors-BeyondInfinity","content/_extracted/nextgen-command-center-v1.0/workflows-v2/001-parent-request-tutor.json","json","1371","2AAD918DC6B1EEBC0326C7C68B1A4771F81420C9B78BC4DB5BEA864F687A7A0F","DUPLICATE","CONSOLIDATE","low"
"NextGenTutors-BeyondInfinity","content/_extracted/nextgen-command-center-v1.0/workflows-v2/002-tutor-application.json","json","1277","692E29270AC0AFE798D48A111FE86432CA2EE80F723FA025DCF1D1391A85F1E6","DUPLICATE","CONSOLIDATE","low"
"NextGenTutors-BeyondInfinity","content/_extracted/nextgen-command-center-v1.0/workflows-v2/003-tutor-approved.json","json","1256","AAC4BA84F32F7022DCD0DD7C20B01B4296F92B82D91FCCA8C7C3414394D16F54","DUPLICATE","CONSOLIDATE","low"
"NextGenTutors-BeyondInfinity","content/_extracted/nextgen-command-center-v1.0/workflows-v2/004-student-created.json","json","1128","E8101ECE3F5229A6BF72634068C735DB79D16562752C8368E0576C292B4F76B2","DUPLICATE","CONSOLIDATE","low"
"NextGenTutors-BeyondInfinity","content/_extracted/nextgen-command-center-v1.0/workflows-v2/005-booking-created.json","json","1231","737E2CB33C2253BD5575D40D64DF0A6AD44471EA35E9CB2194ED509EDE9DF7E8","DUPLICATE","CONSOLIDATE","low"
"NextGenTutors-BeyondInfinity","content/_extracted/nextgen-command-center-v1.0/workflows-v2/006-booking-cancelled.json","json","1118","16FFE0741E5DBB619546775DA6C5757EAB77DE10ED8CBFC5FA6917FD77BA4C22","DUPLICATE","CONSOLIDATE","low"
"NextGenTutors-BeyondInfinity","content/_extracted/nextgen-command-center-v1.0/workflows-v2/007-payment-received.json","json","1232","9E475CEB8C1D6229C17A5DEAE8213B9E03731C417BD152866EAABA9AA90AAA96","DUPLICATE","CONSOLIDATE","low"
"NextGenTutors-BeyondInfinity","content/_extracted/nextgen-command-center-v1.0/workflows-v2/008-lesson-completed.json","json","1118","BC84B6427EFF48F20A556002DB2DE06F9CF89013462A09A55891DFAD42419861","DUPLICATE","CONSOLIDATE","low"
"NextGenTutors-BeyondInfinity","content/_extracted/nextgen-command-center-v1.0/workflows-v2/009-progress-report-submitted.json","json","1150","26E6D30E8CF0016170254D4F81238A378664506E3DB18CD61B49F88C5C411DDD","DUPLICATE","CONSOLIDATE","low"
"NextGenTutors-BeyondInfinity","content/_extracted/nextgen-command-center-v1.0/workflows-v2/010-parent-review-submitted.json","json","1006","CF1AF73005F4BE8F18122BB497A05602C9DD52B6B083C9622148B0B76175A33B","DUPLICATE","CONSOLIDATE","low"
"NextGenTutors-BeyondInfinity","content/_extracted/nextgen-command-center-v1.0/workflows-v2/011-support-escalated.json","json","1142","727E975D00DBA50E98A3709D17E26AFB3C641ED5A88CF7A08F86EC352CC1C6AA","DUPLICATE","CONSOLIDATE","low"
"NextGenTutors-BeyondInfinity","content/_extracted/nextgen-command-center-v1.0/workflows-v2/012-payout-approved.json","json","1110","D3A3708991D556A968EB9B903A92EBE3BD80B041A35F202E890C8483423E1CD4","DUPLICATE","CONSOLIDATE","low"
"NextGenTutors-BeyondInfinity","content/_extracted/nextgen-completion-suite/nextgen-completion-suite.php","php","10857","F99051F63BB397C13EAE6A1E7AC0D507B95EDF13C86E21C51D083A0B6053040B","VERIFIED","Retain","low"
"NextGenTutors-BeyondInfinity","content/_extracted/nextgen-completion-suite/assets/ngt-suite.css","css","4231","413E49277A2F177310DCF04812F7FCD6439D11CB3B61B580C14D1B6CD4D5A9C1","VERIFIED","Retain","low"
"NextGenTutors-BeyondInfinity","content/_extracted/nextgen-completion-suite/assets/ngt-suite.js","js","616","BE9FE307AE03E57016F27F7499C22047509804DD2E56D083538AC1ED90D1469E","VERIFIED","Retain","low"
"NextGenTutors-BeyondInfinity","content/_extracted/nextgen-completion-suite/workflows/011-progress-report-submitted.json","json","304","957945DC93DC1DE434ABE4EF5F47052C76C8F9CE67EA6C777DE561B51175E838","DUPLICATE","CONSOLIDATE","low"
"NextGenTutors-BeyondInfinity","content/_extracted/nextgen-completion-suite/workflows/012-tutor-lesson-note-created.json","json","303","459D8CFDD364328F3339E303888D2EAF377B33CFEDA1EB7B774D56C5BC48FA24","DUPLICATE","CONSOLIDATE","low"
"NextGenTutors-BeyondInfinity","content/_extracted/nextgen-completion-suite/workflows/013-support-escalated.json","json","299","4341ACC95A183866E724F98172B4B82776A76E0259A21B580DDD90576954D135","DUPLICATE","CONSOLIDATE","low"
"NextGenTutors-BeyondInfinity","content/_extracted/nextgen-completion-suite/workflows/014-tutor-payout-ready.json","json","289","05F498A0E080F2E890FA54053E4F9ACE91C5C2D8F896410E7A324EEF707AF64A","DUPLICATE","CONSOLIDATE","low"
"NextGenTutors-BeyondInfinity","content/_extracted/nextgen-completion-suite/workflows/015-parent-review-created.json","json","304","BCDC3BAA6C8186CDDC2EDCC52EDD643341DC651DDF5934C8427E39FF777D667F","DUPLICATE","CONSOLIDATE","low"
"NextGenTutors-BeyondInfinity","content/_extracted/nextgen-completion-suite/workflows/016-resource-recommended.json","json","301","F95C7FCC538FA0485C8DEBFCF543E186304C4504021A50B184970CF4F14CD392","DUPLICATE","CONSOLIDATE","low"
"NextGenTutors-BeyondInfinity","automations/automation-1-lead-intake.json","json","2156","9A692F55BAB0848E6EB8346DE1C2D73F2E45E5E6C1B4BACC34FFB4F5CA3277E9","VERIFIED","Retain","low"
"NextGenTutors-BeyondInfinity","automations/automation-2-booking-confirmed.json","json","1928","4F722A233E34F8950CE69855CEF05D9575513699DC9A1D57BBDA07CE48CA1D44","VERIFIED","Retain","low"
"NextGenTutors-BeyondInfinity","automations/automation-3-payment-complete.json","json","1874","751DDB1A0BA5A73CF7A44129B4A2828C15E3A95295EBDFB42556C05DDFFCA325","VERIFIED","Retain","low"
"NextGenTutors-BeyondInfinity","automations/automation-4-tutor-registration.json","json","1881","B43C5038F8CB65ED3F2BD8DAFB0847498F1BE7BEDE493E4E668496531816F06E","VERIFIED","Retain","low"
"NextGenTutors-BeyondInfinity","automations/automation-5-cancellation.json","json","937","BCAA2441DA34AD61C631AA3D5D1BB16CE6C08B52C59F0122ABA47C09FD51CB2E","VERIFIED","Retain","low"
"NextGenTutors-BeyondInfinity","automations/fluentcrm-sequence-lead-nurture.json","json","4451","C76292F30E43173C2ADE45A139BEEF22183D7244E0E6637B0059B80424A4BDD8","VERIFIED","Retain","low"
"NextGenTutors-BeyondInfinity","automations/fluentcrm-sequence-retention.json","json","2543","A84524E264C5B50607B30456EFCC4A25ECB673381DCC4DDBBE4D7EAC4386BEBC","VERIFIED","Retain","low"
"NextGenTutors-BeyondInfinity","automations/fluentcrm-sequence-tutor-onboarding.json","json","3684","C61DC37A9F2B1A682D00C65297007449AD53A06B45B8841F65FA4BDF6C6768D0","VERIFIED","Retain","low"
"NextGenTutors-BeyondInfinity","automations/README.md","markdown","2247","7BA1A65499DBCA48E1DDEC935A18370BBBAA097D517BA91BCCDF9BD071AA5111","VERIFIED","Retain","low"
"NextGenTutors-BeyondInfinity","automations/seed-sql/seed-all.sql","other","11421","4CFB5658839F1B6E74EDBB5E829FE53C3EA0546630387D25F8F851994F93A040","VERIFIED","Retain","low"
"NextGenTutors-BeyondInfinity","build-src/copy-to-theme.mjs","js","994","AA86B1C044FB622CE7BF2FC241790334F92C4AD22FC86B4ADE9FBC7BEAEE81F0","DUPLICATE","CONSOLIDATE","low"
"NextGenTutors-BeyondInfinity","build-src/package.json","json","962","8BA19DC666713C319D9A715C1EC4471EA9ED63882639ED273D2BA987E64ECD4F","DUPLICATE","CONSOLIDATE","low"
"NextGenTutors-BeyondInfinity","build-src/vite.config.ts","ts","1046","DF76B3C960AAA5F04F818A543198F2F6788E92AF361459B79895DA8C7ED23C25","DUPLICATE","CONSOLIDATE","low"
"NextGenTutors-BeyondInfinity","tests/uat/match-widget.md","markdown","1854","0878540B5ACEB079EB6360DD7FFDAC8C61F1902AF8F36E4AC3922119B23241CA","VERIFIED","Retain","low"
"NextGenTutors-BeyondInfinity","style.css","css","29360","62F879C3C35D52F9000021DB0FDB69076DD406C9358B6B5E8E31A9B4341EAE4A","VERIFIED","Retain","low"
"NextGenTutors-BeyondInfinity","functions.php","php","10660","280DAF0B660EC49FA8A4974313C98F67EA72D2299F37F0519367C8163409C060","VERIFIED","Retain","low"
"NextGenTutors-BeyondInfinity","header.php","php","945","E0276667EC7215F2B49BE084CD64E6D17EDF25774820A6E17AB3A916430629D5","VERIFIED","Retain","low"
"NextGenTutors-BeyondInfinity","footer.php","php","633","0954E55BE6F87C3947518E5E6B7462FBCD6D3569CC436FB2B673AD13BB4C37D0","DUPLICATE","CONSOLIDATE","low"
"NextGenTutors-BeyondInfinity","index.php","php","162","BED0E0FF495E6BA739F18A40E01CC65497FCE1097DEC841701C280C59F428586","DUPLICATE","CONSOLIDATE","low"
"NextGenTutors-BeyondInfinity","front-page.php","php","266","E68568E781FAB2513927BDF26D3E413219D8508D8C8F01D3AABA6B3201003A13","DUPLICATE","CONSOLIDATE","low"
"NextGenTutors-BeyondInfinity","home.php","php","166","C425B3523CF0611644A927A369800CFA8FB6722E12EC6D3AF22D3A8FFC9CB06C","DUPLICATE","CONSOLIDATE","low"
"NextGenTutors-BeyondInfinity","page.php","php","169","5B56A32AC176EF75D9EB4C6A3178230952E70AC6B3C26D7A6749D20427CA06A3","DUPLICATE","CONSOLIDATE","low"
"NextGenTutors-BeyondInfinity","single.php","php","653","8512712E4B0A5018B124E17B68F3ABC07C858B968185219DE36B33993D571B31","DUPLICATE","CONSOLIDATE","low"
"NextGenTutors-BeyondInfinity","single-tutors.php","php","479","F5133598D241313FDC18A970880F6754425D13FF85A739BDA2AF6BA020A4F4F1","DUPLICATE","CONSOLIDATE","low"
"NextGenTutors-BeyondInfinity","archive.php","php","1000","3F385D0782463F776D1485931123C8A3508B7546F67CF86CC0DAC55ECD625230","DUPLICATE","CONSOLIDATE","low"
"NextGenTutors-BeyondInfinity","archive-tutors.php","php","1224","CF9DA4E9BF21B5A8AC9C5FE28A846055E3D9CA942AFCBB77C62E3169B723AE5B","DUPLICATE","CONSOLIDATE","low"
"NextGenTutors-BeyondInfinity","searchform.php","php","618","465158946ED2CE99B3EC637EC6BF683AAD2331E15BE1BDE98DC6D905BD1B0DC2","DUPLICATE","CONSOLIDATE","low"
"NextGenTutors-BeyondInfinity","comments.php","php","1107","F9898E908A36518E286396F8F1D5EB053B066309CD434568FC8ACA6D98325EDD","DUPLICATE","CONSOLIDATE","low"
"NextGenTutors-BeyondInfinity","404.php","php","833","0C693F51A9946FAF94303538CED3C823304D79214EFA70C54F937E63C0031E22","DUPLICATE","CONSOLIDATE","low"
"NextGenTutors-BeyondInfinity","admin-dashboard.php","php","251","84C99881B115E68FF79B75BC9A3186F1924AA523B865934CDC92684FD51E8D8D","DUPLICATE","CONSOLIDATE","low"
"NextGenTutors-BeyondInfinity","screenshot.png","image","978890","2A75C5FF93F508BBFF246C5B6BDE73E24D693A29699D5DEEC94A124D92826AA8","DUPLICATE","CONSOLIDATE","low"
"NextGenTutors-BeyondInfinity","README.md","markdown","13678","D9328C77349A040B2784ACD75E5A6EDCF391003F7F68234EF538A15627F28709","DUPLICATE","CONSOLIDATE","low"
"NextGenTutors-BeyondInfinity","ARCHITECTURE.md","markdown","5634","76FB51D03E16F0BD4B2EFB96878D66048F31A962C25640DD69290373CBE91690","VERIFIED","Retain","low"
"NextGenTutors-BeyondInfinity","page-about.php","php","231","3F3E31BA5FBC903E9B2FB1F16D022BAE10D6F398566CCCF98C26FA057D05776C","DUPLICATE","CONSOLIDATE","low"
"NextGenTutors-BeyondInfinity","page-become-a-tutor.php","php","242","267A1B163E1E456A06E43C056DA164AC87F21A172699D8C4BDF81250894F12E4","DUPLICATE","CONSOLIDATE","low"
"NextGenTutors-BeyondInfinity","page-blog.php","php","186","F1601CBD40DBE0DAC9C94FC48CDCC1BDA5FCCDA215DFD3462755DFD1B28989C1","DUPLICATE","CONSOLIDATE","low"
"NextGenTutors-BeyondInfinity","page-child-safety.php","php","252","7F66EADE79D87E092E319C64A4611B301CA0000321945AA7F94511E4D23C2D7C","DUPLICATE","CONSOLIDATE","low"
"NextGenTutors-BeyondInfinity","page-contact.php","php","235","7A167A46A854B4CB804B44817DD30A716C68457781DDE8672F73E4B2651310B3","DUPLICATE","CONSOLIDATE","low"
"NextGenTutors-BeyondInfinity","page-find-tutor.php","php","245","B8A2D097E41B675976F551E399BB37B2CE9FF36EAB5DD98E76A49404E9637164","DUPLICATE","CONSOLIDATE","low"
"NextGenTutors-BeyondInfinity","page-guarantee.php","php","196","5306DA27E8249B39086AD33FD90980EAB3FE0ED00A543F6FECC0FECB6A3F0BBB","DUPLICATE","CONSOLIDATE","low"
"NextGenTutors-BeyondInfinity","page-login.php","php","231","D56908DFAC02610CDCFADE298AA4A4E6A5FEE6B698245CCEAA6681E9CB1F1E9C","DUPLICATE","CONSOLIDATE","low"
"NextGenTutors-BeyondInfinity","page-onboarding.php","php","234","8546E59921C3949722293B8ED13A6EB9D25EAED0704E2FF2AA32D37B213054E5","DUPLICATE","CONSOLIDATE","low"
"NextGenTutors-BeyondInfinity","page-parent-checkout.php","php","249","2F2C3819705F575C10FFF4FBAE98BB94F8876E586059FFE9F1E76AFB1535C42D","DUPLICATE","CONSOLIDATE","low"
"NextGenTutors-BeyondInfinity","page-parent-dashboard.php","php","253","2EE57BDF5EF7CBA74039B65582FDBEAD0E6169C3ED60228374D943C30C58EB47","DUPLICATE","CONSOLIDATE","low"
"NextGenTutors-BeyondInfinity","page-pricing.php","php","235","51013598D41525515FCE3E2208AD51E7DCE61136AD3412A69449C4BA12F020E1","DUPLICATE","CONSOLIDATE","low"
"NextGenTutors-BeyondInfinity","page-privacy-policy.php","php","249","7868F5055F3C3743B19DEFB9A27AA199A03ECFF046EA42D1AE987CA00CD0CA45","DUPLICATE","CONSOLIDATE","low"
"NextGenTutors-BeyondInfinity","page-register.php","php","237","C04C0576FA9C79D7B7CC9E00FDE1404A223DF89A10D6FD988078CA9AFE2A7851","DUPLICATE","CONSOLIDATE","low"
"NextGenTutors-BeyondInfinity","page-safety-guide.php","php","245","A6B61903DC1FCF8E54C76C1323362B67D89FBBB965A3F65581CD22FA51E39E52","DUPLICATE","CONSOLIDATE","low"
"NextGenTutors-BeyondInfinity","page-student-dashboard.php","php","255","A4F8D62F908A6591030DD6E4CD7CD3D2308335B2E7DE54C664049EB2C544F6B6","DUPLICATE","CONSOLIDATE","low"
"NextGenTutors-BeyondInfinity","page-support.php","php","192","AF002A8BD7AA367A44F6371AD074D5F19878A5BCAC4A33ABA3640185C16B0C77","DUPLICATE","CONSOLIDATE","low"
"NextGenTutors-BeyondInfinity","page-terms.php","php","242","BFA6DAB4E2F1824A8A0286B33A5783836F1C9F401E0BA88020B781B04D4C7D60","DUPLICATE","CONSOLIDATE","low"
"NextGenTutors-BeyondInfinity","page-thank-you.php","php","239","5A022B26A0150A43128AC58A712473A115751AC33984CA5DD783F3ED4F0411C6","DUPLICATE","CONSOLIDATE","low"
"NextGenTutors-BeyondInfinity","page-tutor-dashboard.php","php","251","B32B3CD6CE28479F298987A8CD98166FA43031D4F3DD380CEC8677BFFA3955E3","DUPLICATE","CONSOLIDATE","low"
"NextGenTutors-BeyondInfinity","page-tutor-vetting.php","php","247","C7F2CE19F78BF5CE52A3189B40FB1E6D4213429A07F0C87B6EB66C88E2E64BAA","DUPLICATE","CONSOLIDATE","low"
"NextGenTutors-BeyondInfinity","page-wordpress-setup.php","php","244","B04547A78471B48A9FC5EF6AC07BEF8FA44ECAE9A64194296536B4792CE17052","DUPLICATE","CONSOLIDATE","low"
"NextGenTutors-Companion","NextGenTutors-Companion/composer.json","json","389","1350E9E68E6052131E74EB92BAA3C3DE89C392CC211B2DC55DCAA6807A2066B9","VERIFIED","Retain","low"
"NextGenTutors-Companion","NextGenTutors-Companion/IMPLEMENTATION-PACKAGE.md","markdown","14297","E706AAE776A3BF4FC92F27549FDF45B6E7A7275E8A21C54F2814F091C368B777","VERIFIED","Retain","low"
"NextGenTutors-Companion","NextGenTutors-Companion/MATCHING-DATA-FLOW.md","markdown","1353","DF426B34DF00E3E74EDC9D45E1FA602F747CB3034260AA1A4AC8B36541E9CD00","VERIFIED","Retain","low"
"NextGenTutors-Companion","NextGenTutors-Companion/nextgencompanion.php","php","10938","6B29D0F32C0B3797D151E617AB9882F529029CE099926EC45C0B68796919A82F","VERIFIED","Retain","low"
"NextGenTutors-Companion","NextGenTutors-Companion/phpunit.xml.dist","other","587","91B212A24F5F186E3D381394B97BA555B823DB3F39623486B5B1062F3A2B201F","VERIFIED","Retain","low"
"NextGenTutors-Companion","NextGenTutors-Companion/REAL-DATA-FIRST-IMPLEMENTATION-PACKAGE.md","markdown","7377","C0C318C842F81EB358C4AB345B766FD7FEE5B522A853BEBBD66BA377521A6B98","VERIFIED","Retain","low"
"NextGenTutors-Companion","NextGenTutors-Companion/REST-ENDPOINTS.md","markdown","1674","B350502741DF9F2BA4962107AA60458D7BBD19261BBCB15A6D3CE12E1D3073D2","VERIFIED","Retain","low"
"NextGenTutors-Companion","NextGenTutors-Companion/TUTOR-CALENDAR-IMPLEMENTATION-PACKAGE.md","markdown","7153","5BADE516B2EF14E584F53CF9C7FB78ACBD22C737F39DE2BDC34462D21F7A4131","VERIFIED","Retain","low"
"NextGenTutors-Companion","NextGenTutors-Companion/uninstall.php","php","449","44C3D790F7A3B890F968E834F80423D9812C8ACA7402229461ABC4337E5E3D52","VERIFIED","Retain","low"
"NextGenTutors-Companion","NextGenTutors-Companion/WORKFLOW-INTEGRATION-PACKAGE.md","markdown","11326","F447B95A016C1C455B21DBD6FEE42B5A65FD86D0B7EE3A813FC7157E82530CB4","VERIFIED","Retain","low"
"NextGenTutors-Companion","NextGenTutors-Companion/assets/css/nextgen-beyond-infinity-admin.css","css","3470","78185315E3FC8AA5F8363A4709EFC4508B23E598D6CDC48EB4E216D29566B43F","DUPLICATE","CONSOLIDATE","low"
"NextGenTutors-Companion","NextGenTutors-Companion/assets/css/ngc-ai.css","css","857","74AA177325EF094C7A7E2DBAF4FB7E75452C0BBFB810EE1DD67CFA6BCAFE6ED1","VERIFIED","Retain","low"
"NextGenTutors-Companion","NextGenTutors-Companion/assets/css/ngc-button-processing.css","css","1020","CAD435C0C40B6901034D19B7AABC0D438FFA5C75514CA975C6F846E14BB3A038","VERIFIED","Retain","low"
"NextGenTutors-Companion","NextGenTutors-Companion/assets/css/ngc-marketplace.css","css","7425","38BF5EC70FBE10AA17CDA01DAC78115BB88A438EC24B976364214FE8AEF8A987","VERIFIED","Retain","low"
"NextGenTutors-Companion","NextGenTutors-Companion/assets/css/ngc-match-widget.css","css","4313","5616F1FD9C310D975B004B15CBE1B2283AD448C7425677F101527A792E1C75F3","VERIFIED","Retain","low"
"NextGenTutors-Companion","NextGenTutors-Companion/assets/css/ngc-matching.css","css","3816","5F6CF2971BC5DC6CB70BCCFBE3117530B47ED3AE755C4262DA896E8D13CEBD06","VERIFIED","Retain","low"
"NextGenTutors-Companion","NextGenTutors-Companion/assets/css/ngc-platform-analytics.css","css","3454","99DEE7BBD0583669AD91B442B8F3D3BF85159EEA0D0BA67A5A8B16CDAF5087BC","VERIFIED","Retain","low"
"NextGenTutors-Companion","NextGenTutors-Companion/assets/css/ngc-system-log.css","css","1562","F06DA051CA65EC43C2947324F286E006EA8B1B644DE3593721AEA6920296AEF2","VERIFIED","Retain","low"
"NextGenTutors-Companion","NextGenTutors-Companion/assets/css/ngc-validation.css","css","3417","2A2169E77EFE49F0AB4F0617982193BE54A68F6193C10AF4DBFF1732D3437038","DUPLICATE","CONSOLIDATE","low"
"NextGenTutors-Companion","NextGenTutors-Companion/assets/js/dashboard-rest.js","js","9354","FE2416C5A9FD838BAE78866DF05092711E388428EEF81AD239C10817557AC172","VERIFIED","Retain","low"
"NextGenTutors-Companion","NextGenTutors-Companion/assets/js/nextgen-beyond-infinity-admin.js","js","1847","095C7ADC5AB294761821AF976B8141160A275BD89128AAFC297EA78D3A9F3644","DUPLICATE","CONSOLIDATE","low"
"NextGenTutors-Companion","NextGenTutors-Companion/assets/js/ngc-ai.js","js","8817","02D230244D3D2F430C53A7B462EBDFC538C5B62D6C53A329FC436D9BA0062A81","VERIFIED","Retain","low"
"NextGenTutors-Companion","NextGenTutors-Companion/assets/js/ngc-button-processing.js","js","5904","8D2170CF53850D33B1B047BF45F99692BC9A1FB28B0D2E3D5E83C0D3B1A9CD78","VERIFIED","Retain","low"
"NextGenTutors-Companion","NextGenTutors-Companion/assets/js/ngc-marketplace.js","js","9511","AD30E28D41468C68E4B13EC7E81EED0E2EF5394DB5C8AAE9FBD3407E9A6489CD","VERIFIED","Retain","low"
"NextGenTutors-Companion","NextGenTutors-Companion/assets/js/ngc-match-widget.js","js","4858","D9D1E52D7917D41BB44A07C2B9B7B0B694AC420115B3083B8539145A7EB2C83A","VERIFIED","Retain","low"
"NextGenTutors-Companion","NextGenTutors-Companion/assets/js/ngc-matching.js","js","3523","E10A180C02564D0C8BBCFC87F8FAD7613B3F2EFB043DE4CDDD4C656C43B7F626","VERIFIED","Retain","low"
"NextGenTutors-Companion","NextGenTutors-Companion/assets/js/ngc-platform-analytics.js","js","13031","1351A38C610D185AC83D5B76C6D4DDC1B4400FDDBFEFD75BD3D91907CA32F16A","VERIFIED","Retain","low"
"NextGenTutors-Companion","NextGenTutors-Companion/assets/js/ngc-system-log.js","js","5738","6D5D415D6A0C157693B21EAFF896C6C856FA1A95ACD214D8242B8B645DF34403","VERIFIED","Retain","low"
"NextGenTutors-Companion","NextGenTutors-Companion/assets/js/ngc-validation.js","js","8586","26511B16697807E3A947A63A527988E3D99DF145B1F5B51176794D0B95845978","DUPLICATE","CONSOLIDATE","low"
"NextGenTutors-Companion","NextGenTutors-Companion/assets/studio/studio-fallback.js","js","4406","A31BFF8FEF36343CFF85BFB806F9B9FC28F180C562BCD43B69C062F5AFE7B64F","VERIFIED","Retain","low"
"NextGenTutors-Companion","NextGenTutors-Companion/assets/studio/studio-shell.css","css","153","392E1152A27F0DFE095A4099EA407546C6E4B935C0C00E54905D5B0F14E7A0EB","VERIFIED","Retain","low"
"NextGenTutors-Companion","NextGenTutors-Companion/assets/studio/studio.bundle.css","css","22138","603520D0141DFAE6382DC2113CCB9DAC9A8A0F7156339E64E63153EA9A58E6F4","DUPLICATE","CONSOLIDATE","low"
"NextGenTutors-Companion","NextGenTutors-Companion/assets/studio/studio.bundle.js","js","401626","498DB2F81E2DE63DA303FF0903956C053516906DA86F48DAD3BA60DF2503F648","DUPLICATE","CONSOLIDATE","low"
"NextGenTutors-Companion","NextGenTutors-Companion/build-src/copy-to-assets.mjs","js","517","917031A6B6FA26113632ECA15A46197ACD8F04199AD1BFD000B7BCAEECF5BCE2","VERIFIED","Retain","low"
"NextGenTutors-Companion","NextGenTutors-Companion/build-src/package-lock.json","json","69970","E59A67BD830100CC351EEAADE7D2A5486AA104AD1E3337965CEA68B66E94827F","VERIFIED","Retain","low"
"NextGenTutors-Companion","NextGenTutors-Companion/build-src/package.json","json","493","5BFE7DCA6656F75E310B25B9977B07C476C501CE62199A3B78646B10F5595911","VERIFIED","Retain","low"
"NextGenTutors-Companion","NextGenTutors-Companion/build-src/tsconfig.json","json","300","46DDD47E6969E341F1A96FD9255351FF775A5D067BE988501E8B1A1E1E0A99C9","VERIFIED","Retain","low"
"NextGenTutors-Companion","NextGenTutors-Companion/build-src/vite.config.ts","ts","729","F5C5745379AE9EA250ED1CB8993974FBB0A36DFC7AA5E166D0B984AE160D0FAF","VERIFIED","Retain","low"
"NextGenTutors-Companion","NextGenTutors-Companion/build-src/dist/studio.bundle.css","css","22138","603520D0141DFAE6382DC2113CCB9DAC9A8A0F7156339E64E63153EA9A58E6F4","DUPLICATE","CONSOLIDATE","low"
"NextGenTutors-Companion","NextGenTutors-Companion/build-src/dist/studio.bundle.js","js","401626","498DB2F81E2DE63DA303FF0903956C053516906DA86F48DAD3BA60DF2503F648","DUPLICATE","CONSOLIDATE","low"
"NextGenTutors-Companion","NextGenTutors-Companion/build-src/src/api.ts","ts","6223","B4F4122105ECEEE42C4A6CFF4F2A20969CAA68C4B222D0697D64B75CA9F1B994","VERIFIED","Retain","low"
"NextGenTutors-Companion","NextGenTutors-Companion/build-src/src/App.tsx","ts","8953","6DE7F184E2DDADC7153D48388189842AB3529CB133A0BED589F5BD648EE145F7","VERIFIED","Retain","low"
"NextGenTutors-Companion","NextGenTutors-Companion/build-src/src/main.tsx","ts","290","A2CD43AA2FED978E85BCC41DAD3AD128A2FEF4C885502A987DC88482CD9D4D5D","VERIFIED","Retain","low"
"NextGenTutors-Companion","NextGenTutors-Companion/build-src/src/studio.css","css","7293","4FFE10C9784E6E1CE92B97FA51F17E01AEBAD828ED579F0433D72FDD7F9B011C","VERIFIED","Retain","low"
"NextGenTutors-Companion","NextGenTutors-Companion/build-src/src/components/DashboardDesigner.tsx","ts","4782","612AEFEBF4B222427370909B85CC0D046913F151D049E4717C970D36F191ABA7","VERIFIED","Retain","low"
"NextGenTutors-Companion","NextGenTutors-Companion/build-src/src/components/EmailDesigner.tsx","ts","3636","E26B7AFF8B7E1C40608CFE369FF8923651091B101947D2AB18AF83C922B6F836","VERIFIED","Retain","low"
"NextGenTutors-Companion","NextGenTutors-Companion/build-src/src/components/FormDesigner.tsx","ts","4016","7DEE3586BAF11F9691A71476000D17C6B9302452C586C01CA1EF512D15A5B81B","VERIFIED","Retain","low"
"NextGenTutors-Companion","NextGenTutors-Companion/build-src/src/components/NodePalette.tsx","ts","579","4D3A7D84AA0DAAB2D35614A057097C2A8B93EEC522064937C661BC3BFC689814","VERIFIED","Retain","low"
"NextGenTutors-Companion","NextGenTutors-Companion/build-src/src/components/NotificationDesigner.tsx","ts","3763","42980F576DC38DA59C68C406BA6EC90A09CDDE59D6FB00F23E1C773A5909D338","VERIFIED","Retain","low"
"NextGenTutors-Companion","NextGenTutors-Companion/build-src/src/components/StudioNode.tsx","ts","1679","BF1F858D65A070B134FF78120EEC370548452069D0ADD3C7C43DAFEF7D0D49BA","VERIFIED","Retain","low"
"NextGenTutors-Companion","NextGenTutors-Companion/build-src/src/components/StudioToolbar.tsx","ts","700","9009A4DEA2590DCE0DBF98BBD2BFA46B679B590246C01883CE5502CE97F50A93","VERIFIED","Retain","low"
"NextGenTutors-Companion","NextGenTutors-Companion/build-src/src/components/WorkflowMonitor.tsx","ts","5511","1DA4AF8FA06DD767A55C4DEEC012792B2CDEADC7AF0FDE4BD092C3ACC5ED3F7D","VERIFIED","Retain","low"
"NextGenTutors-Companion","NextGenTutors-Companion/build-src/src/utils/pathHighlight.ts","ts","1562","19A31064AE6DF4D3DA00437A1E4AD8A7BA161725143533D9D3FFCDEDF1120746","VERIFIED","Retain","low"
"NextGenTutors-Companion","NextGenTutors-Companion/demo/demo_acquisition.json","json","439","CD8A3621B5E5634D2774C148ABD7E739958EB59B78C8FDE40D280C5A05E2E792","VERIFIED","Retain","low"
"NextGenTutors-Companion","NextGenTutors-Companion/demo/demo_admin.json","json","468","CB08ABC3FDB351D6AA83A7DCC3334016A4B4745697DE75D35CF435BAC6275225","VERIFIED","Retain","low"
"NextGenTutors-Companion","NextGenTutors-Companion/demo/demo_analytics.json","json","454","417008C3F13C4116616E5561B755EFC6B7275D7314538F9FDACF38D06C6ABBE0","VERIFIED","Retain","low"
"NextGenTutors-Companion","NextGenTutors-Companion/demo/demo_approved_tutor.json","json","283","3486B4794B125CAA00853BAC370F72D909C740A5D3811574D157F2B1120572D9","VERIFIED","Retain","low"
"NextGenTutors-Companion","NextGenTutors-Companion/demo/demo_finance.json","json","242","17333FDB9B1DD2707E2847B5DA09E0656620063B0D7468080CD99881BEE69E67","VERIFIED","Retain","low"
"NextGenTutors-Companion","NextGenTutors-Companion/demo/demo_parent.json","json","602","27A038DB18F4701158C46A950E658318B48A7D12054A3FAB02D847918C011D0E","VERIFIED","Retain","low"
"NextGenTutors-Companion","NextGenTutors-Companion/demo/demo_student.json","json","286","A8D463BA8E2556504A0D0F75C6D373FC92AC64A501782CD32A8CA39B28B0FBAF","VERIFIED","Retain","low"
"NextGenTutors-Companion","NextGenTutors-Companion/demo/demo_support.json","json","218","AE125B8C7AE36CAF6A7F1A85457A98F01FE8A3F7552A6E053D2D468B74985B81","VERIFIED","Retain","low"
"NextGenTutors-Companion","NextGenTutors-Companion/demo/demo_tutor_applicant.json","json","285","98337BDC15BE5E4D4A53D3450F28B4E32AF6BA10CB17E90016F651DC24872D63","VERIFIED","Retain","low"
"NextGenTutors-Companion","NextGenTutors-Companion/demo/demo_tutor_calendar.json","json","1207","0FD5073B52C7A2CBE6BDE57AD801EF2B9F906D6127838C6AAF366E6AB5B0C040","VERIFIED","Retain","low"
"NextGenTutors-Companion","NextGenTutors-Companion/docs/studio/ADMIN-MANUAL.md","markdown","1057","0666E9A7F8CAB8AEB20A4B22D397C99E98C7681FAF0610B68D45A7A1634E18A2","VERIFIED","Retain","low"
"NextGenTutors-Companion","NextGenTutors-Companion/docs/studio/ARCHITECTURE.md","markdown","2313","3A55F07A66BC01CFBDAFA1921B54143F7525695A25CCC116C00B0C1B9169FD73","VERIFIED","Retain","low"
"NextGenTutors-Companion","NextGenTutors-Companion/docs/studio/DEVELOPER-MANUAL.md","markdown","4460","A97D29857E090DAE806C28CCA761C300558EA3F0B658E600D6376A91EBB551DE","VERIFIED","Retain","low"
"NextGenTutors-Companion","NextGenTutors-Companion/docs/studio/USER-MANUAL.md","markdown","879","C8B881EDFF824A3CD03B511486CE71BEA61D89002706302C692BC8E4C5263E8E","VERIFIED","Retain","low"
"NextGenTutors-Companion","NextGenTutors-Companion/docs/studio/diagrams/platform-overview.svg","svg","2782","F976C452D4C79887DBA953338204DA9FAE1E8111F5635AEDDC9074C6FA3AAB61","VERIFIED","Retain","low"
"NextGenTutors-Companion","NextGenTutors-Companion/docs/studio/diagrams/realtime-apply.svg","svg","1784","505498EA714B33478F4C43C8A3328BC08D2845FE4DDD051403DCDC34115436E2","VERIFIED","Retain","low"
"NextGenTutors-Companion","NextGenTutors-Companion/includes/class-ngc-audit.php","php","2963","448B2154AA2300CE8EBAE7BAAE8222DFB46546A5E583683A26F5A30CC0D8C790","VERIFIED","Retain","low"
"NextGenTutors-Companion","NextGenTutors-Companion/includes/class-ngc-bookings.php","php","15445","1A7476BC0EEA0C58C281220BA3E258D9714C1C7B0A0266AF2A2632A00245ACEF","VERIFIED","Retain","low"
"NextGenTutors-Companion","NextGenTutors-Companion/includes/class-ngc-child-learners.php","php","6589","EFD4BEA63D8657763B9F79828AAE37314E27BEA0D63D0639DCA5F1C070E6CF4A","VERIFIED","Retain","low"
"NextGenTutors-Companion","NextGenTutors-Companion/includes/class-ngc-core-loader.php","php","2882","6CCF550D02650637FE99604E47ECFDCA362E20C764C697348A1CBCB3BB99AB27","VERIFIED","Retain","low"
"NextGenTutors-Companion","NextGenTutors-Companion/includes/class-ngc-dashboard-analytics.php","php","10262","7496B8E5B4606007D247346A95D7F2C3DBFBA251FBD8F4825FE69B2E9DD26774","VERIFIED","Retain","low"
"NextGenTutors-Companion","NextGenTutors-Companion/includes/class-ngc-database.php","php","34634","9DB57267507F7054F9FD171B5D2366F0FFC0F6260B41BFAC0DE05CC089F2C9DB","VERIFIED","Retain","low"
"NextGenTutors-Companion","NextGenTutors-Companion/includes/class-ngc-forms.php","php","948","A0F6A1DCF5CA57296F322DBDBA692B575E23E283BCFCABA0465D5EF2FC4155EB","VERIFIED","Retain","low"
"NextGenTutors-Companion","NextGenTutors-Companion/includes/class-ngc-invoices.php","php","3219","A5B34B35C09BC8826BA270F52AEFCC1C0FB2BD7C472C649B08DC19F40C59A93C","VERIFIED","Retain","low"
"NextGenTutors-Companion","NextGenTutors-Companion/includes/class-ngc-loader.php","php","1773","24038DCB57E627FC8B7CFC06A0562825D16FC333B872232FE83998DEDDD0ADBE","VERIFIED","Retain","low"
"NextGenTutors-Companion","NextGenTutors-Companion/includes/class-ngc-marketplace.php","php","14649","369F4397F6034783D0DB29F210D1ABBB7F62D92AC05E0083B5A7EFB195953F02","VERIFIED","Retain","low"
"NextGenTutors-Companion","NextGenTutors-Companion/includes/class-ngc-matching.php","php","12086","931767D8E000278A0125F7DD2210AC8BFD78DB889F4B2EA8043D09B513454CB0","VERIFIED","Retain","low"
"NextGenTutors-Companion","NextGenTutors-Companion/includes/class-ngc-page-forms-registry.php","php","12732","76875A7D8412D86FEE181745EE1FF25F89A5EEEC72371F3200DE3568ADFCF9A1","VERIFIED","Retain","low"
"NextGenTutors-Companion","NextGenTutors-Companion/includes/class-ngc-payments.php","php","5022","3373CED98A4B7D5005F8B7CD29953EB717A498A622FE3F6F2EB2FCA504B31C8C","VERIFIED","Retain","low"
"NextGenTutors-Companion","NextGenTutors-Companion/includes/class-ngc-platform-analytics.php","php","10541","49EACC1E324A7BCEBE61BDFB3DB428EC04D2EF375A01AEB2280CA15329290150","VERIFIED","Retain","low"
"NextGenTutors-Companion","NextGenTutors-Companion/includes/class-ngc-platform-demo.php","php","3922","2F3CA1FEEB26211417E0EEAAF48C58BF8331E92F475F7902A60A94D443D58275","VERIFIED","Retain","low"
"NextGenTutors-Companion","NextGenTutors-Companion/includes/class-ngc-platform-repository.php","php","8794","ABC8C964B6F0FB29FF0818CDF458F4390D96C2767CB61C3F8AE42022B9526A8A","VERIFIED","Retain","low"
"NextGenTutors-Companion","NextGenTutors-Companion/includes/class-ngc-platform-tracking.php","php","23632","515ABBA23CF280F84013F8ED59D25C3470F171F8ACA0EFE1298903C302156F8B","VERIFIED","Retain","low"
"NextGenTutors-Companion","NextGenTutors-Companion/includes/class-ngc-plugin.php","php","2974","C0BCEE84A28F7A7A33C763D4A02C445AF24EF69A741D4A72436C6036DCB78528","VERIFIED","Retain","low"
"NextGenTutors-Companion","NextGenTutors-Companion/includes/class-ngc-post-types.php","php","3523","CDDAE7C20AC9858D5066F588D6F623CEF4597F0FCEDB2FEFB302D3B341451B52","VERIFIED","Retain","low"
"NextGenTutors-Companion","NextGenTutors-Companion/includes/class-ngc-rate-limiter.php","php","2745","EEC10D86C86C9C737E9DE913C64BE42C3A2DA61CFAA6B823AD84B5E6D5398D89","VERIFIED","Retain","low"
"NextGenTutors-Companion","NextGenTutors-Companion/includes/class-ngc-registration.php","php","6013","08CAEB2557D33D402570F6CAAA2F51CC8146A7C3E8283C3DF9AFD58A0044F55C","VERIFIED","Retain","low"
"NextGenTutors-Companion","NextGenTutors-Companion/includes/class-ngc-reviews.php","php","8523","E6BAD95E426208F1F81D18D616B0D76F6A5181424A253DD464634D58C2C3D33D","VERIFIED","Retain","low"
"NextGenTutors-Companion","NextGenTutors-Companion/includes/class-ngc-roles.php","php","4235","DABED1D427516AE57FB8D1D639994F69AB2E936EE39F970C6F9A6AD8A905E94A","VERIFIED","Retain","low"
"NextGenTutors-Companion","NextGenTutors-Companion/includes/class-ngc-section-cms.php","php","19222","9772F884E8C6281A8A0404D0789D8D717D893B8CB3EA624905F5D50321AA50CF","VERIFIED","Retain","low"
"NextGenTutors-Companion","NextGenTutors-Companion/includes/class-ngc-self-healing.php","php","2883","DBE4F0088050207BB7696B78344DA4C851CB5ED2554175589D443F410A7F6905","VERIFIED","Retain","low"
"NextGenTutors-Companion","NextGenTutors-Companion/includes/class-ngc-tutor-availability-repository.php","php","4897","6E841F82F2D06C8626B35392D7E1ADDBD771077DD098B60AEA9A0EBE48BD37B6","VERIFIED","Retain","low"
"NextGenTutors-Companion","NextGenTutors-Companion/includes/class-ngc-tutor-calendar-service.php","php","10980","42E6046C30A6A9E7E819F874151C3B16C8A6116B0D57B0D6C00F46F984B6ABBD","VERIFIED","Retain","low"
"NextGenTutors-Companion","NextGenTutors-Companion/includes/class-ngc-tutor-lifecycle.php","php","7513","116EC24C22F2FA5455C171DBFC933082CF5ABC90CE62CB6B29526624A23F8711","VERIFIED","Retain","low"
"NextGenTutors-Companion","NextGenTutors-Companion/includes/class-ngc-tutor-seeder.php","php","9377","E80630D2409DC9029BDC23159E752EBA5D4836E7A14D2BC2A10AB12C68388804","VERIFIED","Retain","low"
"NextGenTutors-Companion","NextGenTutors-Companion/includes/class-ngc-uuid.php","php","935","659720303C65F3B19B68BD5FE281A924E41197969AE3E14BEEDC9633098075E0","VERIFIED","Retain","low"
"NextGenTutors-Companion","NextGenTutors-Companion/includes/class-ngc-verification.php","php","28055","E86ABA0CD01B7061002EF53E77196DE9B0CA072C86F0ABDDB55F4F7067AFE303","VERIFIED","Retain","low"
"NextGenTutors-Companion","NextGenTutors-Companion/includes/class-ngc-wallet.php","php","3514","AF45AE42A14D21F825B8255FC37556D252E4F9DFCB9BD534BA01BC8A9BFD9B5E","VERIFIED","Retain","low"
"NextGenTutors-Companion","NextGenTutors-Companion/includes/class-ngc-workflows.php","php","5393","0C83592B1DEFB2B6546A9D253E477C1FA4E4A07180FA2892AA7D1233F48A2451","VERIFIED","Retain","low"
"NextGenTutors-Companion","NextGenTutors-Companion/includes/adapters/class-ngc-adapter-base.php","php","3205","24531D624BA2BD85C4716B0E716938FFC8FF68B801F4C7CB1C0608A89D394C12","VERIFIED","Retain","low"
"NextGenTutors-Companion","NextGenTutors-Companion/includes/adapters/class-ngc-amelia-adapter.php","php","16944","D93EA3FD48C3E22642706F58D4957163630528492176958F39D108F81EFE49D0","VERIFIED","Retain","low"
"NextGenTutors-Companion","NextGenTutors-Companion/includes/adapters/class-ngc-amelia-availability-adapter.php","php","5664","D12A374026FEA15ABD711400B18D1208CBB20CCD0E7C1C7FCD32DEE564B815CA","VERIFIED","Retain","low"
"NextGenTutors-Companion","NextGenTutors-Companion/includes/adapters/class-ngc-audit-adapter.php","php","1784","7F7B72D74F9B6D9FF36C3B719B3EA04E9E5110D3A725DB31C8F74963D57C85BA","VERIFIED","Retain","low"
"NextGenTutors-Companion","NextGenTutors-Companion/includes/adapters/class-ngc-email-adapter.php","php","3289","7BC69E0C2E88CD1C6F093E0AD37495BE127E4E3B277444E5C35E7C4251B6B04A","VERIFIED","Retain","low"
"NextGenTutors-Companion","NextGenTutors-Companion/includes/adapters/class-ngc-fluentcrm-adapter.php","php","7209","691D978F8704CB06649A03BFCE5BBDF5D57B7C938BD72DF74143EC0193E97806","VERIFIED","Retain","low"
"NextGenTutors-Companion","NextGenTutors-Companion/includes/adapters/class-ngc-internal-booking-adapter.php","php","2055","F01C29E9D39884D29CF937A318ECFB4279234B80277487F8E1047F8E86A6D558","VERIFIED","Retain","low"
"NextGenTutors-Companion","NextGenTutors-Companion/includes/adapters/class-ngc-masterstudy-adapter.php","php","5429","E9B668D2A37AB14961E4C78A9DEAECAD2CFB953409074F67A3FE093C642DA61C","VERIFIED","Retain","low"
"NextGenTutors-Companion","NextGenTutors-Companion/includes/adapters/class-ngc-verification-adapter.php","php","3258","FCAC6E36DAA674C1D0D0A9BFD85058678DCEA770442012EC29541A5E87A2AD1D","VERIFIED","Retain","low"
"NextGenTutors-Companion","NextGenTutors-Companion/includes/adapters/interface-ngc-integration-adapter.php","php","1785","CCB99275117136C88ED5E2CE731306B044F92E5630E1E4646A007A6ABF923383","VERIFIED","Retain","low"
"NextGenTutors-Companion","NextGenTutors-Companion/includes/admin/class-ngc-admin.php","php","22609","00F25291F2973463B1EE55DF260976F9E3C05EB105BDADDD424FAB23BFA662B0","VERIFIED","Retain","low"
"NextGenTutors-Companion","NextGenTutors-Companion/includes/admin/class-ngc-ai-admin.php","php","6139","ED8809744A01988E44AEFC108CAE2E250A560B1E565B22D918098B68E65F6404","VERIFIED","Retain","low"
"NextGenTutors-Companion","NextGenTutors-Companion/includes/admin/class-ngc-page-forms-registry-admin.php","php","6164","17A0D81C360A1F7BBF0515566915CD7E0F4442104A7885A3BBFC1A72D5C2B221","VERIFIED","Retain","low"
"NextGenTutors-Companion","NextGenTutors-Companion/includes/admin/class-ngc-platform-admin.php","php","20016","D122CFAE4A455358FEF350D37023FEF845A0C8B4CFEA6B93CDFA845E015E8653","VERIFIED","Retain","low"
"NextGenTutors-Companion","NextGenTutors-Companion/includes/admin/class-ngc-platform-services-admin.php","php","12184","88BC6CC7DBB1CC0BC7592CB22A152A11E3C528A87C8763EF3A418E820B7BCACC","VERIFIED","Retain","low"
"NextGenTutors-Companion","NextGenTutors-Companion/includes/admin/class-ngc-studio-admin.php","php","3115","6A9510BD1E9239F4CE27A2062736F91DC280940F6C9513A94690C45C07D4200A","VERIFIED","Retain","low"
"NextGenTutors-Companion","NextGenTutors-Companion/includes/admin/class-ngc-system-log-admin.php","php","9762","370E00A5B318CC03500DA9DAF45395BABF9D3491E50C4CDFA6F3648D98144FC8","VERIFIED","Retain","low"
"NextGenTutors-Companion","NextGenTutors-Companion/includes/admin/class-ngc-tutor-demo-admin.php","php","5977","E1F73B67B92DF9F294F02486740CE73CDEFD7D3B7E9DB10E156AC5CAACF528E8","VERIFIED","Retain","low"
"NextGenTutors-Companion","NextGenTutors-Companion/includes/admin/class-ngc-ui-library-admin.php","php","4691","42871BE72A7429173F4BBA454069942A38A3FF04481B73AFDF96C6168FCC028C","VERIFIED","Retain","low"
"NextGenTutors-Companion","NextGenTutors-Companion/includes/admin/class-ngc-workflow-admin.php","php","23029","ED58FAC7B612E7B3C504355DE36F5FEBD6DB60126066B08442562319689597B7","VERIFIED","Retain","low"
"NextGenTutors-Companion","NextGenTutors-Companion/includes/ai/class-bia-policy.php","php","6549","47419FA8E610B953516EEF2307852DF62704DE4C079E44525079D400A82DBAE9","VERIFIED","Retain","low"
"NextGenTutors-Companion","NextGenTutors-Companion/includes/ai/class-ngc-ai-agents.php","php","4497","3D95E7415C42C8354261D9B196F024604E248D4ACC679687FA3A7ED055BBD594","VERIFIED","Retain","low"
"NextGenTutors-Companion","NextGenTutors-Companion/includes/ai/class-ngc-ai-chat.php","php","4881","3CEAD35F994689F4B3D1715B8B17C25EF4A65C0B5B4B775C0AF7E7FC538BB0D4","VERIFIED","Retain","low"
"NextGenTutors-Companion","NextGenTutors-Companion/includes/ai/class-ngc-ai-models.php","php","7957","6B21C569724F74685EB6D23CAC8304D181FA1159426686674131511AD064BD94","VERIFIED","Retain","low"
"NextGenTutors-Companion","NextGenTutors-Companion/includes/ai/class-ngc-crypto.php","php","3168","5AE5E455C652032E170B3F7EA1061D2E65703A4B3B1D5EBC76341C9815066ACC","VERIFIED","Retain","low"
"NextGenTutors-Companion","NextGenTutors-Companion/includes/audit/class-ngc-audit-presenter.php","php","9349","1DC83E7E6D7C38C15D497FA1F1A32ED17422549D1A21D55904C3EBACD526FD57","VERIFIED","Retain","low"
"NextGenTutors-Companion","NextGenTutors-Companion/includes/audit/class-ngc-audit-service.php","php","5801","15C383FB352A0AACEACB1DF802F9D880E085DC15B9AC15D25CFBDF4AB73C9FF5","VERIFIED","Retain","low"
"NextGenTutors-Companion","NextGenTutors-Companion/includes/cli/class-ngc-cli.php","php","13738","835BAE17B5E57054CCE6BD740BD9C1F1D53B24F10726F071EA41B5BB51B7B979","VERIFIED","Retain","low"
"NextGenTutors-Companion","NextGenTutors-Companion/includes/diagnostics/class-ngc-ai-diagnostics.php","php","4342","5F359F3A5428EC344222D909A4EA825A868C8F2A11E354892E77C6D6CBD68694","VERIFIED","Retain","low"
"NextGenTutors-Companion","NextGenTutors-Companion/includes/diagnostics/class-ngc-ai-provider-registry.php","php","4209","23E53D5507AD9E6E548F78C8B0CC5A7E5369297614E764B88449C77B425B629E","VERIFIED","Retain","low"
"NextGenTutors-Companion","NextGenTutors-Companion/includes/diagnostics/class-ngc-exception-log.php","php","10498","D4B88FE53E1A787F89B66B054627607CC779CDF33B1A1294DE1F42DF595EB858","VERIFIED","Retain","low"
"NextGenTutors-Companion","NextGenTutors-Companion/includes/diagnostics/class-ngc-health-scanner.php","php","7427","BC6A23C44BB9B32D350E4D468FBFE3B0EA40469E67FEBCF89F893FBCDAE75C15","VERIFIED","Retain","low"
"NextGenTutors-Companion","NextGenTutors-Companion/includes/diagnostics/class-ngc-repair-engine.php","php","5316","C53635D8A53745A4D8B03A4A67D4D61F145F4644AFBE24771BFE21C84ABA5201","VERIFIED","Retain","low"
"NextGenTutors-Companion","NextGenTutors-Companion/includes/diagnostics/class-ngc-system-log-service.php","php","7422","F18FB890962A9142836C2551ABBBFA8284AC7EFBFCF1718D0F6413BE6891365D","VERIFIED","Retain","low"
"NextGenTutors-Companion","NextGenTutors-Companion/includes/diagnostics/class-ngc-system-log.php","php","6701","C672AE2160416D59983043170F91E321302AECCBE83FB2BC5B182DE9D3F4B6B9","VERIFIED","Retain","low"
"NextGenTutors-Companion","NextGenTutors-Companion/includes/export/class-ngc-export-engine.php","php","7895","48F4AAF0E3011E51FC00FEE465DB1719056FFD3977A6D736784166961FB807E8","VERIFIED","Retain","low"
"NextGenTutors-Companion","NextGenTutors-Companion/includes/export/class-ngc-export-formats.php","php","5518","9E6A164C0601EB427E8D258EF711F3C68A19B1D69F50E2417E72604A8D444D22","VERIFIED","Retain","low"
"NextGenTutors-Companion","NextGenTutors-Companion/includes/export/class-ngc-export-scheduler.php","php","4023","D63A8DF3E19D9920EF39167859DC5E0B0A024246B446A0F7C86165E16641F3DC","VERIFIED","Retain","low"
"NextGenTutors-Companion","NextGenTutors-Companion/includes/gamification/class-ngc-achievement-engine.php","php","5347","3D8C211CE6DCCA356F7931BD5F25D62A6D546BA920D0F4452301CDEB924D1EA4","VERIFIED","Retain","low"
"NextGenTutors-Companion","NextGenTutors-Companion/includes/gamification/class-ngc-gamification.php","php","7694","6E2E285B36C5890080B9F9A360B496DDEF6C49B7896CAA4FD22B89AC94AC70E5","VERIFIED","Retain","low"
"NextGenTutors-Companion","NextGenTutors-Companion/includes/gamification/class-ngc-gamipress-adapter.php","php","4557","6151AD654BAA441837BA2E60A13CAE7CF2E7CE8F7AF4C2178193C2B899F6EBC1","VERIFIED","Retain","low"
"NextGenTutors-Companion","NextGenTutors-Companion/includes/gamification/class-ngc-leaderboard-engine.php","php","5548","D8DFF671A2FCCF3D96EDE6EB22B00F4C968AEA57385D540833492C24151860DF","VERIFIED","Retain","low"
"NextGenTutors-Companion","NextGenTutors-Companion/includes/gamification/class-ngc-scoring-engine.php","php","5916","896DCC35947AAD904B135E590404DCC75821BB029B2D31E876AF9D693A554105","VERIFIED","Retain","low"
"NextGenTutors-Companion","NextGenTutors-Companion/includes/integrations/class-ngc-amelia-bootstrap.php","php","12446","8313817081AA8DC466CADFA9A14A6B1628EF9881F9E5AA1FAB9466AFEBFF0A20","VERIFIED","Retain","low"
"NextGenTutors-Companion","NextGenTutors-Companion/includes/integrations/class-ngc-amelia.php","php","2405","97586A27D06BB2605D73227D50D8D699228B9B11BEEB9ADF7BCEBBF8FCE6D6A0","VERIFIED","Retain","low"
"NextGenTutors-Companion","NextGenTutors-Companion/includes/integrations/class-ngc-automatorwp-importer.php","php","7591","A78B91EA023F1ABAEE856770E80BF827A3E4E4331F07355B234C54CF55E943CC","VERIFIED","Retain","low"
"NextGenTutors-Companion","NextGenTutors-Companion/includes/integrations/class-ngc-automatorwp-integration.php","php","4545","9A25D7163C1AA581E23C45053A40B305030C34C6D945D6A2437D8D998823E06A","VERIFIED","Retain","low"
"NextGenTutors-Companion","NextGenTutors-Companion/includes/integrations/class-ngc-content-pack-bridge.php","php","7753","BF60CD9967BF21B9A264F7D34C25B39968710CD4C264423921008F46960E8238","VERIFIED","Retain","low"
"NextGenTutors-Companion","NextGenTutors-Companion/includes/integrations/class-ngc-fluentcrm.php","php","1178","502D659070C03F047CECA9B2FEDDFAFF2F580A2A6720D519C5043D136A04E6A0","VERIFIED","Retain","low"
"NextGenTutors-Companion","NextGenTutors-Companion/includes/integrations/class-ngc-integrate-runtime.php","php","3577","DB7F95066ED2E27F9C13A1F94BB51E1731F4F29FC2A8B57834DEB6D314AE5366","VERIFIED","Retain","low"
"NextGenTutors-Companion","NextGenTutors-Companion/includes/integrations/class-ngc-integrations-bootstrap.php","php","7865","B6EA5305D74936E04518925C9F7677312CE9455585E375E151854A5C8CB025E3","VERIFIED","Retain","low"
"NextGenTutors-Companion","NextGenTutors-Companion/includes/integrations/class-ngc-lms.php","php","1545","BE974C25CE9E2C34C20EBCE668ACF5C82E8B256EF71DE22AB90020C91277EFCE","VERIFIED","Retain","low"
"NextGenTutors-Companion","NextGenTutors-Companion/includes/integrations/class-ngc-parent-checkout.php","php","6409","BAAB993041F7398D167D4B5A751E1C1A5E2089B5746C3C5FA1C2B68430079EA0","VERIFIED","Retain","low"
"NextGenTutors-Companion","NextGenTutors-Companion/includes/integrations/class-ngc-payfast-gateway.php","php","6862","E9D8972682086B4EF7A5BBCD48268D195CE384774D722CB702B2466836218E8B","VERIFIED","Retain","low"
"NextGenTutors-Companion","NextGenTutors-Companion/includes/integrations/class-ngc-payfast.php","php","1118","E2F8E319C96E7E6EEA3681D4427C27ACC7AE6DCC102F567C6719A5211AA27C5E","VERIFIED","Retain","low"
"NextGenTutors-Companion","NextGenTutors-Companion/includes/integrations/class-ngc-payout-export.php","php","5227","29FC16B641A0E14A009E426E868784DF05EC84C74580DE41912A7BC9E6F917B1","VERIFIED","Retain","low"
"NextGenTutors-Companion","NextGenTutors-Companion/includes/integrations/class-ngc-payout-scheduler.php","php","2789","6B1F7E587442ABD1B6050FA30E7AD2D1503196EDCBCDD8A43CA33E24E106AD2B","VERIFIED","Retain","low"
"NextGenTutors-Companion","NextGenTutors-Companion/includes/integrations/class-ngc-plugin-manager-bridge.php","php","1579","651B9C6F5DF8F7145A494BD9BBAEFCE0C9BF3B0F276AF515C65ECADE599A3E49","VERIFIED","Retain","low"
"NextGenTutors-Companion","NextGenTutors-Companion/includes/integrations/class-ngc-referrals.php","php","3777","938B5C63CA8EFC71E234392ADE7CDAC62F2BBC79ADF2273A6F3F9A5D7890CF63","VERIFIED","Retain","low"
"NextGenTutors-Companion","NextGenTutors-Companion/includes/integrations/class-ngc-session-reminders.php","php","7981","900FC49147184450B7AE4C67C133DEE6FEC5C84995A6941A24E6F924E115B936","VERIFIED","Retain","low"
"NextGenTutors-Companion","NextGenTutors-Companion/includes/integrations/class-ngc-woocommerce-catalog.php","php","4228","EE10398A030EADE1D673ABD1C85068E776C502BE407DD4019594F58DA1832E5E","VERIFIED","Retain","low"
"NextGenTutors-Companion","NextGenTutors-Companion/includes/integrations/class-ngc-workflow-spec-registry.php","php","14254","00C135FD51445406D728FE8566E57659431FAA55246EB34A99215B8DA6031DED","VERIFIED","Retain","low"
"NextGenTutors-Companion","NextGenTutors-Companion/includes/matching/class-ngc-smart-matching.php","php","25024","876D14686D4A1ABCC05975D381C570B872D0EE8EBB121BDC823F9016B8EF09B1","VERIFIED","Retain","low"
"NextGenTutors-Companion","NextGenTutors-Companion/includes/matching/class-ngc-tutor-cpt-source.php","php","10916","3C3024013C9FF797DD166A628BF2281A9F0381407EC4BCCEFE58D93C3000DE94","VERIFIED","Retain","low"
"NextGenTutors-Companion","NextGenTutors-Companion/includes/rest/class-ngc-rest-admin.php","php","5308","5A2A25EFD123289DFB4498BA8AEC004153D7F7A7298E96134AB0FEF49E31DD2D","VERIFIED","Retain","low"
"NextGenTutors-Companion","NextGenTutors-Companion/includes/rest/class-ngc-rest-ai.php","php","5596","85FB1D2488CBDA2ADEE74DB0F9E3030865BEBE7C0AD790C9DAAB62800FE59D6D","VERIFIED","Retain","low"
"NextGenTutors-Companion","NextGenTutors-Companion/includes/rest/class-ngc-rest-bookings.php","php","5408","07A43D10878785D1707AF58D80551CF1542D58A42423438B09996C51DB310FB9","VERIFIED","Retain","low"
"NextGenTutors-Companion","NextGenTutors-Companion/includes/rest/class-ngc-rest-dashboard.php","php","8223","2E203F091E45FB4DF21A29F80FBED0CC01D49C5A270FF7186ED9ED870D57E6D8","VERIFIED","Retain","low"
"NextGenTutors-Companion","NextGenTutors-Companion/includes/rest/class-ngc-rest-finance.php","php","3705","F0F3B70CD1559B0DC7C0CA043DDD66139FAFFB15AA6B9A17B04DFE97BA7E6EB2","VERIFIED","Retain","low"
"NextGenTutors-Companion","NextGenTutors-Companion/includes/rest/class-ngc-rest-legacy-alias.php","php","2208","35F725E698CDFC961607AB2D3E6576F7BE720931BEB113152C36B96E494D4B86","VERIFIED","Retain","low"
"NextGenTutors-Companion","NextGenTutors-Companion/includes/rest/class-ngc-rest-marketplace.php","php","2406","80023D09D93E29D0F74C069A422FD2C4A715941E917D5F729D62C5CEF32100E2","VERIFIED","Retain","low"
"NextGenTutors-Companion","NextGenTutors-Companion/includes/rest/class-ngc-rest-matching.php","php","6069","EDCD07B405C8EDAEF43A7ABE4573EDB45BDC5D41777D40E7E3E6F10371DA19B7","VERIFIED","Retain","low"
"NextGenTutors-Companion","NextGenTutors-Companion/includes/rest/class-ngc-rest-page-forms-registry.php","php","2102","09C1D39A22DC53706EF0FFFE3BADE773A3D186D5DDEC343C5F923BB2DCC66B57","VERIFIED","Retain","low"
"NextGenTutors-Companion","NextGenTutors-Companion/includes/rest/class-ngc-rest-platform-services.php","php","9436","646D7147361C4CD228CDF7C737CF5FFD809BA2216423DCE5D8CCD9F75E0C98A7","VERIFIED","Retain","low"
"NextGenTutors-Companion","NextGenTutors-Companion/includes/rest/class-ngc-rest-platform.php","php","8810","D3AB2000B849C78393BE0A8A72094F6D940ED41C71101E5D32083CDBB31A6E24","VERIFIED","Retain","low"
"NextGenTutors-Companion","NextGenTutors-Companion/includes/rest/class-ngc-rest-reviews.php","php","2682","1737D8E0F2EB70235402367B060C47DF9FCD471D57A1EF612587743A8DF73AFC","VERIFIED","Retain","low"
"NextGenTutors-Companion","NextGenTutors-Companion/includes/rest/class-ngc-rest-section-cms.php","php","2815","F73B2CC0C50211072F22693479E5E2F91442E12972561B22D38261097E5942B8","VERIFIED","Retain","low"
"NextGenTutors-Companion","NextGenTutors-Companion/includes/rest/class-ngc-rest-studio.php","php","24920","BD5F18D0C6ADF005E7422675E2F094D0058625C730DE7B234BCAFC5EAFC052A1","VERIFIED","Retain","low"
"NextGenTutors-Companion","NextGenTutors-Companion/includes/rest/class-ngc-rest-system-log.php","php","1872","7DFE25A87E7345216908C97971E876F669960003E94F1E8C2C464ECB6EB61BE7","VERIFIED","Retain","low"
"NextGenTutors-Companion","NextGenTutors-Companion/includes/rest/class-ngc-rest-tutor-calendar.php","php","3592","9B4DA7460EB28362216016CE5811D2B07EACC2B96F61DC3785511BC8C4BE0AB4","VERIFIED","Retain","low"
"NextGenTutors-Companion","NextGenTutors-Companion/includes/rest/class-ngc-rest.php","php","3103","03D42ED022A0E138BFD65AD9859435F5FCF50C1277EE32024BE01CA88E899B12","VERIFIED","Retain","low"
"NextGenTutors-Companion","NextGenTutors-Companion/includes/shortcodes/class-ngc-shortcodes.php","php","21001","40B5DC4129DE89AE96220532891D046B20B775226B912A7D20C3326D738C8D42","VERIFIED","Retain","low"
"NextGenTutors-Companion","NextGenTutors-Companion/includes/studio/class-ngc-studio-compiler.php","php","4483","A311810DCC8AC5DC3630F4F9F6FC316BB31D44F328618005F121D107518A4133","VERIFIED","Retain","low"
"NextGenTutors-Companion","NextGenTutors-Companion/includes/studio/class-ngc-studio-dashboards.php","php","14704","911AFCB1A3F2BB9BF97653B668937464E71DD3859F81FA1F5407FC872A3BA34A","VERIFIED","Retain","low"
"NextGenTutors-Companion","NextGenTutors-Companion/includes/studio/class-ngc-studio-email.php","php","4696","B4691ABEDF9DF08D770F8D8BF679AE5803D1351A205FCE25EF64391524502213","VERIFIED","Retain","low"
"NextGenTutors-Companion","NextGenTutors-Companion/includes/studio/class-ngc-studio-engine.php","php","21383","C41EA4CEDE4CB5A0D9F5D54D2EA42972220DED6BB70BC8A2C1957C7A2785C17C","VERIFIED","Retain","low"
"NextGenTutors-Companion","NextGenTutors-Companion/includes/studio/class-ngc-studio-event-bus.php","php","1580","A0F1B9CFEE79208073E66F915031851D04427B6DEB406D10173A8201C589D614","VERIFIED","Retain","low"
"NextGenTutors-Companion","NextGenTutors-Companion/includes/studio/class-ngc-studio-forms.php","php","11819","ED9F301A9431A32AA32F8FF68FBBE9D571586936B9E1AB8EF82412EE6489F106","VERIFIED","Retain","low"
"NextGenTutors-Companion","NextGenTutors-Companion/includes/studio/class-ngc-studio-notifications.php","php","5208","5E194C268B5BE14305BCDB3B6AF0907B4F773C6BCDD3C98C6809C1AE051569DE","VERIFIED","Retain","low"
"NextGenTutors-Companion","NextGenTutors-Companion/includes/studio/class-ngc-studio-repository.php","php","31324","DFCB83EA827763AA9A8A7C356DA7C8A8D5D0879BD65AF188B74370212E840A20","VERIFIED","Retain","low"
"NextGenTutors-Companion","NextGenTutors-Companion/includes/studio/class-ngc-studio-runtime.php","php","5736","1ABB9215EF65E69A16E3C652301244125D4C2C14E4BDF76722029882CF98F048","VERIFIED","Retain","low"
"NextGenTutors-Companion","NextGenTutors-Companion/includes/studio/class-ngc-studio-simulator.php","php","1792","9E09F474D8DA1852676F54C45BCB29E9779717C5D1EA159D4512BBE29DE41B6C","VERIFIED","Retain","low"
"NextGenTutors-Companion","NextGenTutors-Companion/includes/studio/class-ngc-studio-stream.php","php","4223","31DBA50D475387AE99FC086415FB80F94430ACF0D2D38A14F5328CD177BE9ED3","VERIFIED","Retain","low"
"NextGenTutors-Companion","NextGenTutors-Companion/includes/studio/class-ngc-studio-templates.php","php","8973","9DFF806248844A6E15B8D8A35ABCC7E84E8F7A265D2A73A565DBE6D755283582","VERIFIED","Retain","low"
"NextGenTutors-Companion","NextGenTutors-Companion/includes/studio/class-ngc-studio-triggers.php","php","5410","F009172E3916D538B873FA3B2FC60941202607295B4217B22584727C7E4FF29C","VERIFIED","Retain","low"
"NextGenTutors-Companion","NextGenTutors-Companion/includes/studio/class-ngc-studio-verification.php","php","2594","0866365C8626EAC55F8F2E79FD7A8A3C30031764AF077214054BF5ADE2F87B9E","VERIFIED","Retain","low"
"NextGenTutors-Companion","NextGenTutors-Companion/includes/studio/class-ngc-studio.php","php","3696","A1A4AE18886ABD593B07B3CE7DC74F2C82F288CB248574501DB7EE8923D672A1","VERIFIED","Retain","low"
"NextGenTutors-Companion","NextGenTutors-Companion/includes/ui-library/class-ngc-ui-component-registry.php","php","3938","4F4E960AD136A96E14882FFE7A769D68628B23A98C1671C9C598000DDB869146","VERIFIED","Retain","low"
"NextGenTutors-Companion","NextGenTutors-Companion/includes/ui-library/class-ngc-ui-data-provider.php","php","2408","3D2027B8B38F8E843439019ACB312C826036AB288674554118C2D4E109A5270C","VERIFIED","Retain","low"
"NextGenTutors-Companion","NextGenTutors-Companion/includes/ui-library/class-ngc-ui-duplicate-detector.php","php","2929","2B23E0CA024140415625031A214C76E0B24247E0AE3D9296A25007CDD3C53D03","VERIFIED","Retain","low"
"NextGenTutors-Companion","NextGenTutors-Companion/includes/ui-library/class-ngc-ui-import-scanner.php","php","5103","63CEC2718353C9FB149AAFCBEB661510CDA28AC284169CFED27482518C2770E5","VERIFIED","Retain","low"
"NextGenTutors-Companion","NextGenTutors-Companion/includes/ui-library/class-ngc-ui-library.php","php","3526","FF5B2B6CFFEA7A1ADB25B6C5A4168A81AAF5804CC322920BC50FD7BAB6D379A3","VERIFIED","Retain","low"
"NextGenTutors-Companion","NextGenTutors-Companion/includes/ui-library/class-ngc-ui-provider-registry.php","php","2565","0A30F9BAB725F61B95917E580631C56DA7FDAA08C749338F43D4B12D8DD639C0","VERIFIED","Retain","low"
"NextGenTutors-Companion","NextGenTutors-Companion/includes/ui-library/providers/class-ngc-ui-analytics-data-provider.php","php","1912","42F97B140DD6349B55F2ED8155DD9DFDB2E11AB181CE889CB01818C2B7F174BB","VERIFIED","Retain","low"
"NextGenTutors-Companion","NextGenTutors-Companion/includes/ui-library/providers/class-ngc-ui-booking-data-provider.php","php","2344","2CE8C4DACEFC9BFD7B2BB7A5663C83EF224CEB024FDA7A4D5619AC93BD1AB00B","VERIFIED","Retain","low"
"NextGenTutors-Companion","NextGenTutors-Companion/includes/ui-library/providers/class-ngc-ui-calendar-data-provider.php","php","1456","F8143A57BDAC111062AAC58ED42757D6BEDD218D6CACD1652D246D979FFCDEA0","VERIFIED","Retain","low"
"NextGenTutors-Companion","NextGenTutors-Companion/includes/ui-library/providers/class-ngc-ui-company-data-provider.php","php","1824","F4F1D10B6C6F6597A9FDF5AA255EE65C969E5B9F5BFCB0345E7ECE419EDBD969","VERIFIED","Retain","low"
"NextGenTutors-Companion","NextGenTutors-Companion/includes/ui-library/providers/class-ngc-ui-dashboard-data-provider.php","php","1835","DE4C1BD109D75F12134D809A223BDAEABBB42699CC1E4DA3A9699FAEBB158E5E","VERIFIED","Retain","low"
"NextGenTutors-Companion","NextGenTutors-Companion/includes/ui-library/providers/class-ngc-ui-gamification-data-provider.php","php","1775","A78C98344D2959E0B7D387A9DB07F8FDE5C7AB952CA9CA52469B02075AC651F4","VERIFIED","Retain","low"
"NextGenTutors-Companion","NextGenTutors-Companion/includes/ui-library/providers/class-ngc-ui-page-content-provider.php","php","2687","B268551A7B44B7E9D9957B0D3779BDB76F482E903CF4D8819FE0763AA3ED10E4","VERIFIED","Retain","low"
"NextGenTutors-Companion","NextGenTutors-Companion/includes/ui-library/providers/class-ngc-ui-pricing-data-provider.php","php","2032","6A633B5B7862BB27BD00DF503DD00892B6B447ED3BE91C1FDBEC4CC7BD01BE7C","VERIFIED","Retain","low"
"NextGenTutors-Companion","NextGenTutors-Companion/includes/ui-library/providers/class-ngc-ui-review-data-provider.php","php","2265","72C5A904CB512595F07894AA062AD7CD218AC5761BC9805803CC10887BED30D2","VERIFIED","Retain","low"
"NextGenTutors-Companion","NextGenTutors-Companion/includes/ui-library/providers/class-ngc-ui-subject-data-provider.php","php","2068","843F6E962C9C085FABF0487A1E4825FF07AA1DCF514E731B8CF5BFC1E08FBC56","VERIFIED","Retain","low"
"NextGenTutors-Companion","NextGenTutors-Companion/includes/ui-library/providers/class-ngc-ui-tutor-data-provider.php","php","4109","8E4A3E83A20CF51E0407B316B11B885C772462E822550658490FA623B2F737DE","VERIFIED","Retain","low"
"NextGenTutors-Companion","NextGenTutors-Companion/includes/workflows/class-ngc-workflow-email-templates.php","php","13012","AF141208FDE6EF77C2AABFF1C56A2E0CC4B47F6FAF6E554FF3D465A3539504B5","VERIFIED","Retain","low"
"NextGenTutors-Companion","NextGenTutors-Companion/includes/workflows/class-ngc-workflow-integrate-executor.php","php","7482","689A8A4A5332C7FC03278A399619EB234ABCCE44245A3B819C5B9270AAE6488C","VERIFIED","Retain","low"
"NextGenTutors-Companion","NextGenTutors-Companion/includes/workflows/class-ngc-workflow-orchestrator.php","php","23444","C8E1CA30D9B01A71BEC3E87A31F8DC8D84D8B2A05735DE87C61B0081CC991F88","VERIFIED","Retain","low"
"NextGenTutors-Companion","NextGenTutors-Companion/includes/workflows/class-ngc-workflow-retry-queue.php","php","3114","E2229C776D22CC2BCAC8F0E2228177F722DA79A3691EE1AC1C0B84A1120503E7","VERIFIED","Retain","low"
"NextGenTutors-Companion","NextGenTutors-Companion/integrate/INTEGRATION_REPORT.md","markdown","7765","9CC47DCCBBBF1055F7EA5C7C1BF3C1F4DEB955AE49D7E7180F1F09A0488B457C","VERIFIED","Retain","low"
"NextGenTutors-Companion","NextGenTutors-Companion/integrate/nextgen-tutors-woocommerce-products.csv","other","3435","4524C3EA0B624D261133DDE34DF7F53EBF4B859F71AF3F39681AF1FB235BA3FD","VERIFIED","Retain","low"
"NextGenTutors-Companion","NextGenTutors-Companion/integrate/nextgentutors-workflows.php","php","1278","979D4320E09A56672527CF5677681B5BF2640036E219C17B613419763B3207EC","VERIFIED","Retain","low"
"NextGenTutors-Companion","NextGenTutors-Companion/integrate/README.md","markdown","1291","9ABBDBC0C20D606053F57DDF96902AC4BF92E2314443C6B89B90645A3BE4DA1F","VERIFIED","Retain","low"
"NextGenTutors-Companion","NextGenTutors-Companion/integrate/workflow-01-tutor-onboarding.json","json","1467","31E75D3B1DE6A8983B213E185FB3CAFC9D43C9E1A4D0241D760235C9E1CAEC7B","VERIFIED","Retain","low"
"NextGenTutors-Companion","NextGenTutors-Companion/integrate/workflow-02-booking-payment.json","json","1433","456B13C855DD318C571115504EDC1AD9DA7A331D7668A2ABFEAEF8278454E13D","VERIFIED","Retain","low"
"NextGenTutors-Companion","NextGenTutors-Companion/integrate/workflow-03-reminder-notification.json","json","1196","D2D972296C764B5D80D941BBC7D5E581A8CB345228C7E5D15259730039AD1173","VERIFIED","Retain","low"
"NextGenTutors-Companion","NextGenTutors-Companion/integrate/workflow-04-review-rating.json","json","1300","F873440424D0638425A4ABDDD48660CBC06ABBCA46883330FCE277E0AA23089A","VERIFIED","Retain","low"
"NextGenTutors-Companion","NextGenTutors-Companion/integrate/workflow-05-tutor-payout.json","json","1375","E1E82D4E4D25EF1107BFCDBB4B24407920BBC165AD66AF8180B48D35E6F8A331","VERIFIED","Retain","low"
"NextGenTutors-Companion","NextGenTutors-Companion/integrate/workflow-06-lead-intake.json","json","648","0629213923C1925A7AAFC98584298D00F2D7FD848CFE2D8815EA9ECAB4E4AEEA","VERIFIED","Retain","low"
"NextGenTutors-Companion","NextGenTutors-Companion/integrate/workflow-07-booking-confirmed.json","json","592","B7710EC6FE26E84C564B4FD4C26EE78926ABE1601259900035E504958360B46C","VERIFIED","Retain","low"
"NextGenTutors-Companion","NextGenTutors-Companion/integrate/workflow-08-payment-complete.json","json","669","86BE460835DBB8C3E66C50BA0B5CE9D4109E23BBD9282745B7309A78F06F5399","VERIFIED","Retain","low"
"NextGenTutors-Companion","NextGenTutors-Companion/integrate/workflow-09-automated-matching.json","json","749","CB6524E1A721E5E7129FE0FD8B13B6D8451ED23A2BAB20BCDD6E7457521AE1B8","VERIFIED","Retain","low"
"NextGenTutors-Companion","NextGenTutors-Companion/integrate/workflow-10-cancellation.json","json","499","30F5D16CDEC9730ACCFB9ADA2A451A4A394E6AD9012623444ED0CC00864009AC","VERIFIED","Retain","low"
"NextGenTutors-Companion","NextGenTutors-Companion/integrate/catalog/completion/011-progress-report-submitted.json","json","304","957945DC93DC1DE434ABE4EF5F47052C76C8F9CE67EA6C777DE561B51175E838","DUPLICATE","CONSOLIDATE","low"
"NextGenTutors-Companion","NextGenTutors-Companion/integrate/catalog/completion/012-tutor-lesson-note-created.json","json","303","459D8CFDD364328F3339E303888D2EAF377B33CFEDA1EB7B774D56C5BC48FA24","DUPLICATE","CONSOLIDATE","low"
"NextGenTutors-Companion","NextGenTutors-Companion/integrate/catalog/completion/013-support-escalated.json","json","299","4341ACC95A183866E724F98172B4B82776A76E0259A21B580DDD90576954D135","DUPLICATE","CONSOLIDATE","low"
"NextGenTutors-Companion","NextGenTutors-Companion/integrate/catalog/completion/014-tutor-payout-ready.json","json","289","05F498A0E080F2E890FA54053E4F9ACE91C5C2D8F896410E7A324EEF707AF64A","DUPLICATE","CONSOLIDATE","low"
"NextGenTutors-Companion","NextGenTutors-Companion/integrate/catalog/completion/015-parent-review-created.json","json","304","BCDC3BAA6C8186CDDC2EDCC52EDD643341DC651DDF5934C8427E39FF777D667F","DUPLICATE","CONSOLIDATE","low"
"NextGenTutors-Companion","NextGenTutors-Companion/integrate/catalog/completion/016-resource-recommended.json","json","301","F95C7FCC538FA0485C8DEBFCF543E186304C4504021A50B184970CF4F14CD392","DUPLICATE","CONSOLIDATE","low"
"NextGenTutors-Companion","NextGenTutors-Companion/integrate/catalog/v2/001-parent-request-tutor.json","json","1371","2AAD918DC6B1EEBC0326C7C68B1A4771F81420C9B78BC4DB5BEA864F687A7A0F","DUPLICATE","CONSOLIDATE","low"
"NextGenTutors-Companion","NextGenTutors-Companion/integrate/catalog/v2/002-tutor-application.json","json","1277","692E29270AC0AFE798D48A111FE86432CA2EE80F723FA025DCF1D1391A85F1E6","DUPLICATE","CONSOLIDATE","low"
"NextGenTutors-Companion","NextGenTutors-Companion/integrate/catalog/v2/003-tutor-approved.json","json","1256","AAC4BA84F32F7022DCD0DD7C20B01B4296F92B82D91FCCA8C7C3414394D16F54","DUPLICATE","CONSOLIDATE","low"
"NextGenTutors-Companion","NextGenTutors-Companion/integrate/catalog/v2/004-student-created.json","json","1128","E8101ECE3F5229A6BF72634068C735DB79D16562752C8368E0576C292B4F76B2","DUPLICATE","CONSOLIDATE","low"
"NextGenTutors-Companion","NextGenTutors-Companion/integrate/catalog/v2/005-booking-created.json","json","1231","737E2CB33C2253BD5575D40D64DF0A6AD44471EA35E9CB2194ED509EDE9DF7E8","DUPLICATE","CONSOLIDATE","low"
"NextGenTutors-Companion","NextGenTutors-Companion/integrate/catalog/v2/006-booking-cancelled.json","json","1118","16FFE0741E5DBB619546775DA6C5757EAB77DE10ED8CBFC5FA6917FD77BA4C22","DUPLICATE","CONSOLIDATE","low"
"NextGenTutors-Companion","NextGenTutors-Companion/integrate/catalog/v2/007-payment-received.json","json","1232","9E475CEB8C1D6229C17A5DEAE8213B9E03731C417BD152866EAABA9AA90AAA96","DUPLICATE","CONSOLIDATE","low"
"NextGenTutors-Companion","NextGenTutors-Companion/integrate/catalog/v2/008-lesson-completed.json","json","1118","BC84B6427EFF48F20A556002DB2DE06F9CF89013462A09A55891DFAD42419861","DUPLICATE","CONSOLIDATE","low"
"NextGenTutors-Companion","NextGenTutors-Companion/integrate/catalog/v2/009-progress-report-submitted.json","json","1150","26E6D30E8CF0016170254D4F81238A378664506E3DB18CD61B49F88C5C411DDD","DUPLICATE","CONSOLIDATE","low"
"NextGenTutors-Companion","NextGenTutors-Companion/integrate/catalog/v2/010-parent-review-submitted.json","json","1006","CF1AF73005F4BE8F18122BB497A05602C9DD52B6B083C9622148B0B76175A33B","DUPLICATE","CONSOLIDATE","low"
"NextGenTutors-Companion","NextGenTutors-Companion/integrate/catalog/v2/011-support-escalated.json","json","1142","727E975D00DBA50E98A3709D17E26AFB3C641ED5A88CF7A08F86EC352CC1C6AA","DUPLICATE","CONSOLIDATE","low"
"NextGenTutors-Companion","NextGenTutors-Companion/integrate/catalog/v2/012-payout-approved.json","json","1110","D3A3708991D556A968EB9B903A92EBE3BD80B041A35F202E890C8483423E1CD4","DUPLICATE","CONSOLIDATE","low"
"NextGenTutors-Companion","NextGenTutors-Companion/scripts/amelia-e2e-docker.php","php","4115","B63A6506ADE9956AF3BC3BE0623864A73F163B954C1284A3EADB162D6EAD5393","VERIFIED","Retain","low"
"NextGenTutors-Companion","NextGenTutors-Companion/scripts/amelia-safe-activate.php","php","735","23D0AEDF2B6CBBA0CDD36CBB77EE35A541D9D808E24F6D73473BC85831BA130F","VERIFIED","Retain","low"
"NextGenTutors-Companion","NextGenTutors-Companion/scripts/e2e-docker.php","php","5506","11C575E8C8E6F8242A56E2AE65C8393F9B6E388FC0DDBC6E228B945FA719C4BA","VERIFIED","Retain","low"
"NextGenTutors-Companion","NextGenTutors-Companion/scripts/fluentcrm-debug.php","php","498","5C61EC73DBDE14340376491D8840D49B46FE8153926354EA6A804AABCD4F16A3","VERIFIED","Retain","low"
"NextGenTutors-Companion","NextGenTutors-Companion/scripts/integrate-test.php","php","14943","929CE49E6C90CF83655565EA2AF1578905A78E9FCF719BA4E325BC9473A26263","VERIFIED","Retain","low"
"NextGenTutors-Companion","NextGenTutors-Companion/scripts/ngc-e2e-guard.php","php","653","90D167470BA43F218E1766B6891DDD3A0F2DDD87CAF9831494132E99D2B7B7DF","VERIFIED","Retain","low"
"NextGenTutors-Companion","NextGenTutors-Companion/scripts/payfast-e2e-docker.php","php","6082","C00E91A9D9B12FA3864855F65D3B6C654FE1A61ABADD9B914D777B96EA52A83A","VERIFIED","Retain","low"
"NextGenTutors-Companion","NextGenTutors-Companion/scripts/phase2-e2e-docker.php","php","4489","BCFF24114721876903756340993E73F28342832146869405AF9C52A1B7E018E1","VERIFIED","Retain","low"
"NextGenTutors-Companion","NextGenTutors-Companion/scripts/phase3-e2e-docker.php","php","2563","13D1460174078AEF8D59FB25BF0C0F61C99F4ACB5285CB0FBA5CAE428E416AAE","VERIFIED","Retain","low"
"NextGenTutors-Companion","NextGenTutors-Companion/scripts/platform-verification-repair.php","php","2089","0C53CD9B3C23DEEC181D39C9F62EEBC108FBEBBF3D8B1B91B3A9784E602C1B73","VERIFIED","Retain","low"
"NextGenTutors-Companion","NextGenTutors-Companion/scripts/run-phpunit.php","php","564","9D54A1C6E65326A10EE0E49BD902A512E3DB1D39189997AB4FDD600215B6E07F","VERIFIED","Retain","low"
"NextGenTutors-Companion","NextGenTutors-Companion/scripts/seed-tutors-docker.php","php","367","4838FA8C240DB6AAA288BBD23850DE0C4FAFD0C77BD47FE6BF5C2FF1E87FF944","VERIFIED","Retain","low"
"NextGenTutors-Companion","NextGenTutors-Companion/scripts/smoke-registry.php","php","553","9AA23E9A5F92108841AC14648F5E9FF010945D6FC62F80B06C7486AA50E22811","VERIFIED","Retain","low"
"NextGenTutors-Companion","NextGenTutors-Companion/scripts/smoke-verification.php","php","5451","E95053AD4AA28FB2FE5EB51A5C03DE71297666B3D0D974F3B5AFF185F54B4B32","VERIFIED","Retain","low"
"NextGenTutors-Companion","NextGenTutors-Companion/scripts/uat-integrations.php","php","3184","1B6E3FA6889E7D22FD4595E3E801F7CF6A5CE50C6701AC0A7F99F4D6E37D1685","VERIFIED","Retain","low"
"NextGenTutors-Companion","NextGenTutors-Companion/scripts/validate.php","php","7836","D47A70C6AF695A4F219FD0D025939326CBA291CBA4E1C68671B024256CCD38B4","VERIFIED","Retain","low"
"NextGenTutors-Companion","NextGenTutors-Companion/scripts/verify-ui-library.php","php","3287","603E78B9CE9BDE0BE8AB09D4E9E6100B7C7E06E0F799EDCB5912B5425C6A376D","VERIFIED","Retain","low"
"NextGenTutors-Companion","NextGenTutors-Companion/scripts/verify-versions.php","php","1753","951100EA3BF9A6FDE7F5440875BEC2E7E54DD50584A7592470D4EE044B739087","VERIFIED","Retain","low"
"NextGenTutors-Companion","NextGenTutors-Companion/tests/run.php","php","3460","CCF81618F7D66E0B8B51B770A3CA8223D67F011A4A31CAFF34ECFCF09D17320B","VERIFIED","Retain","low"
"NextGenTutors-Companion","NextGenTutors-Companion/tests/phpunit/bootstrap.php","php","504","1CAE76A3BAF076E2C5D5BADCFA91D11B3041617B3B0DC8F28D1010343B8236EE","VERIFIED","Retain","low"
"NextGenTutors-Companion","NextGenTutors-Companion/tests/phpunit/PayoutExportTest.php","php","773","24DED2EC403B4E89B53FC3976F5FF6FAAD9CD4E7F39E26F42E48049988A1972C","VERIFIED","Retain","low"
"NextGenTutors-Companion","NextGenTutors-Companion/tests/phpunit/WooCommerceCatalogTest.php","php","553","AABCD3585915C57C72B80844C797BF098FCEEDB68D68F66ACF52CFEEEBF0318F","VERIFIED","Retain","low"
"NextGenTutors-Plugin-Manager","NextGenTutors-Plugin-Manager/NextGenTutors-Plugin-Manager.php","php","2861","A79F7AF9EAB9A2134976DF376DDA519A907F5EB34E1719F0171ED39573187286","VERIFIED","Retain","low"
"NextGenTutors-Plugin-Manager","NextGenTutors-Plugin-Manager/readme.txt","other","2394","F1220D0E6A6B6E49D98B9181254AE1C81EA503356D13C873D7D3232CD5F9F763","VERIFIED","Retain","low"
"NextGenTutors-Plugin-Manager","NextGenTutors-Plugin-Manager/uninstall.php","php","531","95C116DAAFF3F4BFA9AC73E4DC458FA394A8DC6FF2ED264E89B17E6B5501DB54","VERIFIED","Retain","low"
"NextGenTutors-Plugin-Manager","NextGenTutors-Plugin-Manager/assets/css/admin-ui.css","css","46257","B59CF3E2910A60692BAAE27054B4E9A89133E167C4930A06A29115CFDADADB43","VERIFIED","Retain","low"
"NextGenTutors-Plugin-Manager","NextGenTutors-Plugin-Manager/assets/css/nextgen-beyond-infinity-admin.css","css","3470","78185315E3FC8AA5F8363A4709EFC4508B23E598D6CDC48EB4E216D29566B43F","DUPLICATE","CONSOLIDATE","low"
"NextGenTutors-Plugin-Manager","NextGenTutors-Plugin-Manager/assets/js/admin-ui.js","js","6798","014838E2339C26CD0C48A12E1CE7EE0E259662A79EA0CBC5E343C8F6ACEDB1A6","VERIFIED","Retain","low"
"NextGenTutors-Plugin-Manager","NextGenTutors-Plugin-Manager/assets/js/nextgen-beyond-infinity-admin.js","js","1847","095C7ADC5AB294761821AF976B8141160A275BD89128AAFC297EA78D3A9F3644","DUPLICATE","CONSOLIDATE","low"
"NextGenTutors-Plugin-Manager","NextGenTutors-Plugin-Manager/assets/js/modules/ngcpm-actions.js","js","19132","6836907F5509E459436D81EFF1501BE7977D977D87C66CAA0DED782B28940B65","VERIFIED","Retain","low"
"NextGenTutors-Plugin-Manager","NextGenTutors-Plugin-Manager/assets/js/modules/ngcpm-command.js","js","3658","F8B82F97F354D36620DA17BA9054371CF996F5BA90803FE903C62ECA6EE3D936","VERIFIED","Retain","low"
"NextGenTutors-Plugin-Manager","NextGenTutors-Plugin-Manager/assets/js/modules/ngcpm-core.js","js","5721","00FDF339A1755462D2675EB0C842BAAC422D4CA8EB0BB766697C2DD64EA307CD","VERIFIED","Retain","low"
"NextGenTutors-Plugin-Manager","NextGenTutors-Plugin-Manager/assets/js/modules/ngcpm-diagnostics.js","js","2306","891C88CB30373A0F10383C607EA5505D33F509ACED49E989E66B74EE98A99745","VERIFIED","Retain","low"
"NextGenTutors-Plugin-Manager","NextGenTutors-Plugin-Manager/assets/js/modules/ngcpm-interactions.js","js","2949","3E638EE103364B6811594494827D721C4C752BC247634BCC2941C3904ECA2CB5","VERIFIED","Retain","low"
"NextGenTutors-Plugin-Manager","NextGenTutors-Plugin-Manager/assets/js/modules/ngcpm-modal.js","js","4934","89F45F431561717A92B12332882F8DA14693E90155F81F51DE45F62BA9720BC5","VERIFIED","Retain","low"
"NextGenTutors-Plugin-Manager","NextGenTutors-Plugin-Manager/assets/js/modules/ngcpm-navigation.js","js","3797","94ED5EA29968E73966DEFEF9098DDC3F1F76B5E1FDCA405D6341B5EA06C506D8","VERIFIED","Retain","low"
"NextGenTutors-Plugin-Manager","NextGenTutors-Plugin-Manager/assets/js/modules/ngcpm-notifications.js","js","3465","A26DDEA7BE4109BCB52C1E02EE94BBD6E114C0FCAE7FB5A39A9732C77997233D","VERIFIED","Retain","low"
"NextGenTutors-Plugin-Manager","NextGenTutors-Plugin-Manager/assets/js/modules/ngcpm-queue.js","js","8513","14DC6631B7E640C7AF0DEC6CF87BC54D8E15B05375D916DAB10897CB52A27A8C","VERIFIED","Retain","low"
"NextGenTutors-Plugin-Manager","NextGenTutors-Plugin-Manager/assets/js/modules/ngcpm-repair.js","js","1743","A44591BB98A3846F5DBC90C69C7790FCE077C5609EB75CE3ECD431F9F4933618","VERIFIED","Retain","low"
"NextGenTutors-Plugin-Manager","NextGenTutors-Plugin-Manager/assets/js/modules/ngcpm-tour.js","js","14441","71722E7297B87CE0DFCDF6821A9CC1EF5E7002FB26F72A7D0992A43F7D4BF64E","VERIFIED","Retain","low"
"NextGenTutors-Plugin-Manager","NextGenTutors-Plugin-Manager/assets/js/modules/ngcpm-ui-feedback.js","js","5283","B28ED4D83D1FECB42AC30530BD0B797EB1047A59764097A3F05FFA7B11276A60","VERIFIED","Retain","low"
"NextGenTutors-Plugin-Manager","NextGenTutors-Plugin-Manager/includes/class-ngcpm-activator.php","php","2328","5F20A6402B220247D7334801D8A28C0BD433D669C989365DC6E545C45C401241","VERIFIED","Retain","low"
"NextGenTutors-Plugin-Manager","NextGenTutors-Plugin-Manager/includes/class-ngcpm-admin.php","php","7979","6D75A134A18CC2856910AA213C80CD5B7B3BC20DDA4352D02D97821D8A1E7F7D","VERIFIED","Retain","low"
"NextGenTutors-Plugin-Manager","NextGenTutors-Plugin-Manager/includes/class-ngcpm-ajax.php","php","19621","4BD42BD3563B1ECBCA10A92D98D6A94FECC97B3C8E74E863E59D6336022C23A5","VERIFIED","Retain","low"
"NextGenTutors-Plugin-Manager","NextGenTutors-Plugin-Manager/includes/class-ngcpm-assets.php","php","7366","65AFF711B614CB88D487548FC8B216E6FE138B162C610F46CAF02A90CB9D1B59","VERIFIED","Retain","low"
"NextGenTutors-Plugin-Manager","NextGenTutors-Plugin-Manager/includes/class-ngcpm-buttons.php","php","10753","1D1A6B046A4310EB4B10BB8E133703F18AFD96A85BC9873180F9BE5184C019CA","VERIFIED","Retain","low"
"NextGenTutors-Plugin-Manager","NextGenTutors-Plugin-Manager/includes/class-ngcpm-cli.php","php","1472","5616E7C4423A8222A451335584B915E6B3BC58BC7E27B961ECAA1CFC64A98997","VERIFIED","Retain","low"
"NextGenTutors-Plugin-Manager","NextGenTutors-Plugin-Manager/includes/class-ngcpm-cookies.php","php","14282","47CA933BA28A6F2760CAE418278A3AAE03FA88BB247C1CC28A7FDB51D7181AE2","VERIFIED","Retain","low"
"NextGenTutors-Plugin-Manager","NextGenTutors-Plugin-Manager/includes/class-ngcpm-diagnostics.php","php","6995","884A4A36E7489E4FEFAFCA67A8901F7133778106A305DA209828A79E6420A53C","VERIFIED","Retain","low"
"NextGenTutors-Plugin-Manager","NextGenTutors-Plugin-Manager/includes/class-ngcpm-discovery.php","php","13021","A183E6B4B396AF7A59933F2C1A0A9632DC37D8171498DA259A236C2F211C6591","VERIFIED","Retain","low"
"NextGenTutors-Plugin-Manager","NextGenTutors-Plugin-Manager/includes/class-ngcpm-errors.php","php","4657","5C399DDA41E7D4C2ACE485A9313E913D6FB180422964F6E49218E897F9903DA0","VERIFIED","Retain","low"
"NextGenTutors-Plugin-Manager","NextGenTutors-Plugin-Manager/includes/class-ngcpm-health.php","php","6624","D6612BC164770ADB1E33EE17DF6CAEF439A50247DE571B2A66FC19A4C9CE4960","VERIFIED","Retain","low"
"NextGenTutors-Plugin-Manager","NextGenTutors-Plugin-Manager/includes/class-ngcpm-installer.php","php","35276","91AC24C9D0FEA577F5EDD4E22E0146D07EB05B910AEEEB4709102ADA47826CB8","VERIFIED","Retain","low"
"NextGenTutors-Plugin-Manager","NextGenTutors-Plugin-Manager/includes/class-ngcpm-lifecycle.php","php","6875","5E28F307A80083C5E3F79FD03A97E372B07147A2AC4605176E0E9485C66ADC37","VERIFIED","Retain","low"
"NextGenTutors-Plugin-Manager","NextGenTutors-Plugin-Manager/includes/class-ngcpm-local-packages.php","php","6786","8EE52ED21C4715F0A6C6A50912D8BFF82685B284C143B2FF0D69E9ECC19DA647","VERIFIED","Retain","low"
"NextGenTutors-Plugin-Manager","NextGenTutors-Plugin-Manager/includes/class-ngcpm-logger.php","php","2116","284E12A0B54F62BD897C1F52036719DBAD9E806BA69352E6EA9E5F9F637885AC","VERIFIED","Retain","low"
"NextGenTutors-Plugin-Manager","NextGenTutors-Plugin-Manager/includes/class-ngcpm-notifications.php","php","5918","BEC82701B58E7A3C9BDE0A5EED277ED2BC66CF48D39BFD75CE47654F466F7B89","VERIFIED","Retain","low"
"NextGenTutors-Plugin-Manager","NextGenTutors-Plugin-Manager/includes/class-ngcpm-plugin.php","php","1815","E914A7938B8192F5CE716EC49CF29257C817D3528589D8492BBF4DE136050A01","VERIFIED","Retain","low"
"NextGenTutors-Plugin-Manager","NextGenTutors-Plugin-Manager/includes/class-ngcpm-queue.php","php","2643","442EA9E4BB2E7A808B76D72117A1F3C834909F1C66BE3AF2DFD2F1442B90B575","VERIFIED","Retain","low"
"NextGenTutors-Plugin-Manager","NextGenTutors-Plugin-Manager/includes/class-ngcpm-rate-limiter.php","php","1149","AB0A55587298A07FFD599C1B7DE41AC27B55DE867895A228EA48728782C4875D","VERIFIED","Retain","low"
"NextGenTutors-Plugin-Manager","NextGenTutors-Plugin-Manager/includes/class-ngcpm-registry.php","php","10253","23AD45AF7DDE8F1A979FC16AF8DBE42E3B08486B929CD2244A02A3DAB2CF8D22","VERIFIED","Retain","low"
"NextGenTutors-Plugin-Manager","NextGenTutors-Plugin-Manager/includes/class-ngcpm-repair.php","php","3497","90596D4CC4AFB7C852A7A9DD9D71022E3E42017E4EA456C9301034ED906775F6","VERIFIED","Retain","low"
"NextGenTutors-Plugin-Manager","NextGenTutors-Plugin-Manager/includes/class-ngcpm-scanner.php","php","4983","C8C90256FC666F2306F4FCA05602A9E34E9C4B352B80EB21B9D747B2AE0A2590","VERIFIED","Retain","low"
"NextGenTutors-Plugin-Manager","NextGenTutors-Plugin-Manager/includes/class-ngcpm-settings.php","php","4365","F8CFBF746ADED417AA5DEAFC4FF58C5D45813C2CA3B06C00670B24F1A2AB08FC","VERIFIED","Retain","low"
"NextGenTutors-Plugin-Manager","NextGenTutors-Plugin-Manager/includes/class-ngcpm-shortcode.php","php","1280","D6E11083961BBCEF0E572CC47E058A1878BFB58B26DAF2B5152224C5E4554FB4","VERIFIED","Retain","low"
"NextGenTutors-Plugin-Manager","NextGenTutors-Plugin-Manager/includes/class-ngcpm-ui.php","php","19190","E45D09C31D6ABE434CD16B60EE607F73F8A697313633E6783A2B50DD0E0EAA2E","VERIFIED","Retain","low"
"NextGenTutors-Plugin-Manager","NextGenTutors-Plugin-Manager/includes/class-ngcpm-view-model.php","php","1792","72694BE9AC31A4F037E83681B359CAA6C3ECF0B31B9CDFE803ACC7FE76411952","VERIFIED","Retain","low"
"NextGenTutors-Plugin-Manager","NextGenTutors-Plugin-Manager/offline-packages/.gitkeep","other","2","7EB70257593DA06F682A3DDDA54A9D260D4FC514F645237F5CA74B08F8DA61A6","VERIFIED","Retain","low"
"NextGenTutors-Plugin-Manager","NextGenTutors-Plugin-Manager/offline-packages/automatorwp.zip","archive","4101942","2470A27DC5F5C2F3CCBF4BD9055B84961FB9389A726A69515BCEF18BD004EF8A","VERIFIED","Retain","low"
"NextGenTutors-Plugin-Manager","NextGenTutors-Plugin-Manager/offline-packages/elementor.zip","archive","22749131",,"VERIFIED","Retain","low"
"NextGenTutors-Plugin-Manager","NextGenTutors-Plugin-Manager/offline-packages/fluent-crm.zip","archive","6515267","F1C80354F745563C4FD88A4846A82D68D8F17FE823AB615F39B8AC91EB93EBAB","VERIFIED","Retain","low"
"NextGenTutors-Plugin-Manager","NextGenTutors-Plugin-Manager/offline-packages/fluent-smtp.zip","archive","2346659","83DBA3C27F36A65ACC29A4811B2BD218CF8D462F2328170AE93152A2960614CD","VERIFIED","Retain","low"
"NextGenTutors-Plugin-Manager","NextGenTutors-Plugin-Manager/offline-packages/gamipress.zip","archive","4434239","55E9206A0E021F8CB29AC753AF0E2E886413F381E637D7EDE4367DDF3856E4BE","VERIFIED","Retain","low"
"NextGenTutors-Plugin-Manager","NextGenTutors-Plugin-Manager/offline-packages/masterstudy-lms-learning-management-system.zip","archive","24966759",,"VERIFIED","Retain","low"
"NextGenTutors-Plugin-Manager","NextGenTutors-Plugin-Manager/offline-packages/paygate-payweb-for-woocommerce.1.7.1.zip","archive","456882","A2CD94C4D3FE0D48E8DFF2E40E2284738B470A898BCCCBEF3A572A1858C4F140","VERIFIED","Retain","low"
"NextGenTutors-Plugin-Manager","NextGenTutors-Plugin-Manager/offline-packages/user-role-editor.zip","archive","620711","2765BEE200D439A5001BF7F4556C7753E488F2052EA2EB30307168D185EA14ED","VERIFIED","Retain","low"
"NextGenTutors-Plugin-Manager","NextGenTutors-Plugin-Manager/offline-packages/woocommerce-payfast-gateway.1.7.7.zip","archive","194016","97BEBB9F00E7918EA0F0BD1456AA694B8A99B0724B9DB78A4526A0440D8A2314","VERIFIED","Retain","low"
"NextGenTutors-Plugin-Manager","NextGenTutors-Plugin-Manager/offline-packages/woocommerce.zip","archive","20546094",,"VERIFIED","Retain","low"
"NextGenTutors-Plugin-Manager","NextGenTutors-Plugin-Manager/scripts/button-audit.php","php","1318","8A423AAD7D184B0B1FE6DAA8B478D47576178261BFF21839F15023E2B438BDF0","VERIFIED","Retain","low"
"NextGenTutors-Plugin-Manager","NextGenTutors-Plugin-Manager/scripts/install-registry-zips.php","php","4029","1BE47BDAB1BC2615B16EF406CB37792C90D90FCA9D7D8476F03D7C748814C8F9","VERIFIED","Retain","low"
"NextGenTutors-Plugin-Manager","NextGenTutors-Plugin-Manager/scripts/validate.php","php","9899","D3EF3570DF688F9917583E9D12EFBEEEFED70C00609F647EF189BCB244167868","VERIFIED","Retain","low"
"NextGenTutors-Plugin-Manager","NextGenTutors-Plugin-Manager/scripts/wp-smoke.php","php","1816","3BBC74D6F0D0710770B7149F48331A4F3767D8F14036D492D3870AD10BE9EE76","VERIFIED","Retain","low"
"NextGenTutors-Plugin-Manager","NextGenTutors-Plugin-Manager/templates/app.php","php","36081","7460E7E2A3BA2276DD8384336526A7B0EF057A7A4F10EC7720E758178DC73F9A","VERIFIED","Retain","low"
"NextGenTutors-Plugin-Manager","NextGenTutors-Plugin-Manager/templates/partials/local-packages.php","php","4173","D0BCE068C483616E34BEE600A0B1CE329320A28DA1BB169D15AB160C0457ABDA","VERIFIED","Retain","low"
"NextGenTutors-Plugin-Manager","NextGenTutors-Plugin-Manager/templates/partials/plugin-list.php","php","9645","383D49B077EADC039091B4568337130C883F463257D14901202FE3B8ADD00C8E","VERIFIED","Retain","low"
"NextGenTutors-Plugin-Manager","NextGenTutors-Plugin-Manager/templates/partials/views-extended.php","php","13176","14E14069447DB2D51C305F9312C231646DBF18E855986B9D19EF8F3750EE5DDC","VERIFIED","Retain","low"
"NextGenTutors-Plugin-Manager","NextGenTutors-Plugin-Manager/tests/bootstrap.php","php","2484","9EC0F1886DEEC1401A53948A3A4D08829EAAEA1C735ABABF524D14C680D92A4F","VERIFIED","Retain","low"
"NextGenTutors-Plugin-Manager","NextGenTutors-Plugin-Manager/tests/run.php","php","5308","114CF2085239404760EB29DD53F27A8BD2E81D520CD0090C933D285EF406D275","VERIFIED","Retain","low"
"NextGenTutors-Html-Importer","NextGenTutors-Html-Importer/README.md","markdown","5550","A29E4B589B742C5E5CD7F17BB8AFBEF4AF8C731D619FDC8E9EAF01907EC49E93","VERIFIED","Retain","low"
"NextGenTutors-Html-Importer","NextGenTutors-Html-Importer/revamp-html-importer.php","php","1558","7100732900DAB06B6EBF596F6874D9D77538CE7F917FE801472002D98EFAF3B9","VERIFIED","Retain","low"
"NextGenTutors-Html-Importer","NextGenTutors-Html-Importer/admin/class-rhi-admin.php","php","10299","2917BDC44AB34F74EF3E2120BC94944E22073B1D7470DCFA720F3F0E5B69F848","VERIFIED","Retain","low"
"NextGenTutors-Html-Importer","NextGenTutors-Html-Importer/assets/admin.css","css","703","838FD641E07CBFE700E607F43FF6A2F10B075C6594ED20CA2B0AAB056DFD1569","VERIFIED","Retain","low"
"NextGenTutors-Html-Importer","NextGenTutors-Html-Importer/assets/admin.js","js","3261","3C9044C2FC052C3F2AB202D63913059FA47C29B99A2EEC25B553C7744E8D72D0","VERIFIED","Retain","low"
"NextGenTutors-Html-Importer","NextGenTutors-Html-Importer/assets/importer-content.css","css","1531","D01A036F3B568A2427978F8B8A279D8517E3C28B1BF098EF19E3B29D566C0B32","VERIFIED","Retain","low"
"NextGenTutors-Html-Importer","NextGenTutors-Html-Importer/assets/nextgen-beyond-infinity-admin.css","css","3470","78185315E3FC8AA5F8363A4709EFC4508B23E598D6CDC48EB4E216D29566B43F","DUPLICATE","CONSOLIDATE","low"
"NextGenTutors-Html-Importer","NextGenTutors-Html-Importer/assets/nextgen-beyond-infinity-admin.js","js","1847","095C7ADC5AB294761821AF976B8141160A275BD89128AAFC297EA78D3A9F3644","DUPLICATE","CONSOLIDATE","low"
"NextGenTutors-Html-Importer","NextGenTutors-Html-Importer/includes/class-rhi-css-adoption.php","php","3936","38095DA2EB7882E603F26D04CF221501600287A22C258403E989861E20389535","VERIFIED","Retain","low"
"NextGenTutors-Html-Importer","NextGenTutors-Html-Importer/includes/class-rhi-html-parser.php","php","6383","9CF0DF87442FD2AF85BC532584733B35A71D3108C0FC37024A0330810DB01EA4","VERIFIED","Retain","low"
"NextGenTutors-Html-Importer","NextGenTutors-Html-Importer/includes/class-rhi-importer.php","php","8088","4CDA4CE031B46949EED8E797484EEBA83F48E22608E2E2CDAE8BA41A0901D577","VERIFIED","Retain","low"
"NextGenTutors-Html-Importer","NextGenTutors-Html-Importer/includes/class-rhi-logger.php","php","1431","4E2EDBC7B7815FFB96EFD636CDD2AFBF95B64126D5735F92C3208A59D75A9607","VERIFIED","Retain","low"
"NextGenTutors-Html-Importer","NextGenTutors-Html-Importer/includes/class-rhi-media-importer.php","php","4564","02EC7DE539421FE7BAAA5050377A8E87FADB3D7F7EDC93A2D707E919A7640199","VERIFIED","Retain","low"
"NextGenTutors-Html-Importer","NextGenTutors-Html-Importer/includes/class-rhi-page-matcher.php","php","5683","2BAF29668633FB177F562516B372E75184B935F39A86F7522816241DF939F97F","VERIFIED","Retain","low"
"NextGenTutors-Html-Importer","NextGenTutors-Html-Importer/includes/class-rhi-plugin.php","php","1693","4572CCBF52F557201810C70EB9D2E64E5CE0AB9C224BB5954EDD1558403B4F26","VERIFIED","Retain","low"
"NextGenTutors-Html-Importer","NextGenTutors-Html-Importer/includes/class-rhi-rollback.php","php","2140","512CF4CCE5BD8C4E7B96624ED3D40C8767AC1590CD364EA6E1720F0BF15D7598","VERIFIED","Retain","low"
"NextGenTutors-Html-Importer","NextGenTutors-Html-Importer/includes/class-rhi-sanitizer.php","php","4461","97243D18A5D04B7388C533084C1FAB31C5CD0AAF16EC296E915EFD65655E57FF","VERIFIED","Retain","low"
"NextGenTutors-Html-Importer","NextGenTutors-Html-Importer/includes/class-rhi-scanner.php","php","2031","3932D42221355815381528AB3C3F62989DAFF03E4A1B2E5203BFE5468BC83931","VERIFIED","Retain","low"
"NextGenTutors-Html-Importer","NextGenTutors-Html-Importer/includes/class-rhi-source-resolver.php","php","2772","CDDE4E2BC23C600A0246CB70BE55D2051C484EE35FD629976166DCB61913B106","VERIFIED","Retain","low"
"NextGenTutors-Html-Importer","NextGenTutors-Html-Importer/scripts/test-scan.php","php","1577","44C87057ADFDB819CD8DB1846F50DC987FEFAB5C814A7DFC8A96C90D427A1FF0","VERIFIED","Retain","low"
"NextGenTutors-Html-Importer","NextGenTutors-Html-Importer/scripts/validate.php","php","2679","BE081B9CFCD496B9E2E4F45AE71746A817698B10F530A883D4E1792C2780B5E4","VERIFIED","Retain","low"
"NextGenTutors-Html-Importer","NextGenTutors-Html-Importer/tests/run.php","php","948","361141402EC7146211EEC9DCC1181781657AD822E1918138A1CC0DF4C5025B6C","VERIFIED","Retain","low"
"agntix-child","agntix/agntix-child/functions.php","php","4542","ADBF43C51AF64894D0F431EE0D74D8D7075FF881FAD3F9F33D0F1EE0649B9DB2","VERIFIED","Retain","low"
"agntix-child","agntix/agntix-child/screenshot.png","image","163921","7C332ECF8CA44F2581A1AC78B8B23E7F1A1A6A407A225CC936114B455B8A6E68","VERIFIED","Retain","low"
"agntix-child","agntix/agntix-child/style.css","css","695","56556404BDF94413E7F770AA7DA3B471DE6D7D0512A9913490FA0C405A86E79E","VERIFIED","Retain","low"
"agntix-child","agntix/agntix-child/assets/css/ngt-alive.css","css","15820","0E301C71EFB0BC049414AADC7A2129FE83F71C5A42F0BC341DAE3311517FDA23","VERIFIED","Retain","low"
"agntix-child","agntix/agntix-child/assets/js/ngt-alive-nav.js","js","1257","EDEC3507F42FADDCC80F5E57E6DF631E70D534BB6471C76C29889EDABA2C6529","VERIFIED","Retain","low"
"agntix-child","agntix/agntix-child/inc/agntix-bi-shims.php","php","5297","6FEAAF15B7701D4998C6062D97BA4B2B26654AF9755AACF8D002C78479DFA39B","VERIFIED","Retain","low"
"agntix-child","agntix/agntix-child/inc/agntix-companion-bridge.php","php","6093","C7EDBB52F3309A4B69F3D85F565E1F453359D7B0086CEE637E21453A83FA8C8D","VERIFIED","Retain","low"
"agntix-child","agntix/agntix-child/inc/agntix-ngt-frontend.php","php","13053","6D57CD45071930D24CB7C5C7823210B137EE83F330DF6767D9A02895D7BC4DBC","VERIFIED","Retain","low"
"agntix-child","agntix/agntix-child/page-templates/ngt-page.php","php","2915","EA8957F7A31A7431EDFBA6E25AEE25C2E8486572B5679D465F5A9C668C09CA38","VERIFIED","Retain","low"
"magicui-main","reference-style-extraction/inventory/magicui-main/.editorconfig","other","165","5B8F2B807A32E309DC84BEF9BA045828ABE4BD8CF666C9A43F27557CB0A68263","NOT VERIFIED","Convert-candidate","low"
"magicui-main","reference-style-extraction/inventory/magicui-main/.gitattributes","other","18","F70D755466B101646B043FE3C62C4F8A39EAE827C1A2A303A2D39CCD93F534F8","NOT VERIFIED","Convert-candidate","low"
"magicui-main","reference-style-extraction/inventory/magicui-main/.gitignore","other","464","58D6EDD8627F9F190F65A836215969531B1632A406ED0A0765F8715775B89E1F","NOT VERIFIED","Convert-candidate","low"
"magicui-main","reference-style-extraction/inventory/magicui-main/.nvmrc","other","3","F14B4987904BCB5814E4459A057ED4D20F58A633152288A761214DCD28780B56","NOT VERIFIED","Convert-candidate","low"
"magicui-main","reference-style-extraction/inventory/magicui-main/.prettierignore","other","37","25DEE84B11BC7A5CE19072BCD6AAE9B995C7B6CFA41B35B364AC96EE75F713E7","NOT VERIFIED","Convert-candidate","low"
"magicui-main","reference-style-extraction/inventory/magicui-main/AGENTS.md","markdown","16706","91B9EA08B2B54BBD23F9F5A7FA7D9FEAA2A89D8279975A78836D0FA28D1629D3","NOT VERIFIED","Convert-candidate","low"
"magicui-main","reference-style-extraction/inventory/magicui-main/CONTRIBUTING.md","markdown","5896","5FA42A4E64D5A1E02F0E3DE329033867C5DE4F2FF7D74C989A75A41FC92ED4DC","NOT VERIFIED","Convert-candidate","low"
"magicui-main","reference-style-extraction/inventory/magicui-main/lefthook.yml","other","669","92C7C7602DD8B150FF3CA4F6ED8B18D3D25633205757E6B770FFEFA3DA98A059","NOT VERIFIED","Convert-candidate","low"
"magicui-main","reference-style-extraction/inventory/magicui-main/LICENSE.md","markdown","1060","0147B84235ED916B8B4E89C1F80655351C5AFE7D211B629BE61F553A227B34BA","NOT VERIFIED","Convert-candidate","low"
"magicui-main","reference-style-extraction/inventory/magicui-main/package.json","json","1186","4AE6C1DF2F8C4779ADF7C1E7139D499F9AE9388C8373766A0ACB199CCC0BCDFF","NOT VERIFIED","Convert-candidate","low"
"magicui-main","reference-style-extraction/inventory/magicui-main/pnpm-lock.yaml","other","433328","35A7277A5BED235B9BD3526B188C30000071ED1F1802A0D8E1D1DD84E1A33BE1","NOT VERIFIED","Convert-candidate","low"
"magicui-main","reference-style-extraction/inventory/magicui-main/pnpm-workspace.yaml","other","36","253208FA7C1B64372C219B9E19CEF15ED70CA93B66A4D5C4C4D2297A5AFF8880","NOT VERIFIED","Convert-candidate","low"
"magicui-main","reference-style-extraction/inventory/magicui-main/README.md","markdown","1767","D735BBA4DB6AD7CB3EB3B6ECC5DED768FC6995E86EE74516BBBFA3FA1ED474E9","NOT VERIFIED","Convert-candidate","low"
"magicui-main","reference-style-extraction/inventory/magicui-main/registry.json","json","105749","940C7727100A57E2E7EA35603FA12C3A55F7709DDD55FD895A14176805B009EA","NOT VERIFIED","Convert-candidate","low"
"magicui-main","reference-style-extraction/inventory/magicui-main/turbo.json","json","918","DE4872A6F779062BD2B65318878823A962A81E7788FEA0DF0FCB0B6A5E752DD9","NOT VERIFIED","Convert-candidate","low"
"magicui-main","reference-style-extraction/inventory/magicui-main/.cursor/mcp.json","json","111","1517B01B814EF4753590CA3942D60AE31A8E3A03850F66D50ABDE9842DF219A7","NOT VERIFIED","Convert-candidate","low"
"magicui-main","reference-style-extraction/inventory/magicui-main/.github/PULL_REQUEST_TEMPLATE.md","markdown","572","65EEA257FB93CB4BC8EE246998323FEA0F70A859FC7D686BEAC308EC616BCCD8","NOT VERIFIED","Convert-candidate","low"
"magicui-main","reference-style-extraction/inventory/magicui-main/.github/ISSUE_TEMPLATE/bug_report.yml","other","3022","5DA59FC011D984E617FFE8A00741CEF9998E0CC932253862506144D4BD232ED2","NOT VERIFIED","Convert-candidate","low"
"magicui-main","reference-style-extraction/inventory/magicui-main/.github/ISSUE_TEMPLATE/feature_request.yml","other","1926","6DE6F33EF8F92FEFE5A77211CA98EB20A75D5BF0AD347278E3AECD3301EE56BE","NOT VERIFIED","Convert-candidate","low"
"magicui-main","reference-style-extraction/inventory/magicui-main/.github/scripts/publish-articles.cjs","js","995","136F966D201B516149B27C33E1175B3F2223DE8C21CA2DCE2EF02D2D256988AA","NOT VERIFIED","Convert-candidate","low"
"magicui-main","reference-style-extraction/inventory/magicui-main/.github/scripts/submit-sitemap.mjs","js","921","C57D007E4B934D124BF5EE3164DBEDBABA9BFB6B6F7AA9150F6122CE73E9037F","NOT VERIFIED","Convert-candidate","low"
"magicui-main","reference-style-extraction/inventory/magicui-main/.github/workflows/code-check.yml","other","5520","CD5D063A42A611B99FBEA0DB65AF57582CF419BE266E3E30CCCC09312585E701","NOT VERIFIED","Convert-candidate","low"
"magicui-main","reference-style-extraction/inventory/magicui-main/.github/workflows/publish-article.yml","other","1314","B48191C91254B8C00D2BC31BADB02F097C54C4D9AC9E54F20C06120171931DEF","NOT VERIFIED","Convert-candidate","low"
"magicui-main","reference-style-extraction/inventory/magicui-main/.github/workflows/submit-sitemap.yml","other","1093","DD761D92F45FC3C221215633E49DB243A7E1C3CFFB32FFEE5A88684F3AF7985C","NOT VERIFIED","Convert-candidate","low"
"magicui-main","reference-style-extraction/inventory/magicui-main/apps/www/.env.example","other","42","97D4883213A7535FB3706D55FE7A2DFEB10AC9558D378CFE0063C0665D8E8742","NOT VERIFIED","Convert-candidate","low"
"magicui-main","reference-style-extraction/inventory/magicui-main/apps/www/.gitignore","other","103","FB53693162F2D829163759B75C000EE58375AB342D15AEA575E7DE3BACE0E6F5","NOT VERIFIED","Convert-candidate","low"
"magicui-main","reference-style-extraction/inventory/magicui-main/apps/www/.prettierignore","other","23","1BA67F04E34A959AD3863A2A09226FA0EA92760C721464830C9DA763E4ABFF74","NOT VERIFIED","Convert-candidate","low"
"magicui-main","reference-style-extraction/inventory/magicui-main/apps/www/components.json","json","448","C6C53174B636BA5EB5A8ABEF5B0ED0C54B83D3701FF275BE2DB0DC1A4A6BFFEC","NOT VERIFIED","Convert-candidate","low"
"magicui-main","reference-style-extraction/inventory/magicui-main/apps/www/eslint.config.mjs","js","727","2FC24D6B354C956DB72442529EE8341C18E54C8F892D1E43F6A9B2B559516A23","NOT VERIFIED","Convert-candidate","low"
"magicui-main","reference-style-extraction/inventory/magicui-main/apps/www/mdx-components.tsx","ts","11053","7FF9901E71B7D4616B24139B46B1E32AF29657E6F7DF56FB8D81C5E59F9AEE3C","NOT VERIFIED","Convert-candidate","low"
"magicui-main","reference-style-extraction/inventory/magicui-main/apps/www/middleware.ts","ts","123","F021F4982BA0C15904E05816CEBBE7B29DFDC083DE4DDBEE2BD774FDE774113E","NOT VERIFIED","Convert-candidate","low"
"magicui-main","reference-style-extraction/inventory/magicui-main/apps/www/next.config.mjs","js","1383","D038FFFD34827E83F557457030888714A3E6BE7AE0D989A3404FDD5CB6D15BCE","NOT VERIFIED","Convert-candidate","low"
"magicui-main","reference-style-extraction/inventory/magicui-main/apps/www/package.json","json","4834","B5363AC27422370957FE9D9DEE5B8C1D1699DB9BD775D4196C4FB402B9725753","NOT VERIFIED","Convert-candidate","low"
"magicui-main","reference-style-extraction/inventory/magicui-main/apps/www/postcss.config.mjs","js","93","97AB34F7517584BBB828C26113103BFEDF1329754CC4ECDF12CD9BE105630070","NOT VERIFIED","Convert-candidate","low"
"magicui-main","reference-style-extraction/inventory/magicui-main/apps/www/registry.json","json","107545","A44BBF92B5B9FF46AEFF72238B5F6BC6321DD18CECD4721D3B0569404FB6794F","NOT VERIFIED","Convert-candidate","low"
"magicui-main","reference-style-extraction/inventory/magicui-main/apps/www/source.config.ts","ts","1899","B03EEC051F52DC80318E252749158B868649784A366E633D84526901DFBD53BB","NOT VERIFIED","Convert-candidate","low"
"magicui-main","reference-style-extraction/inventory/magicui-main/apps/www/tsconfig.json","json","697","5154BB84ADAC34939EB63BFFA0194490BEB5B75C10A81DE0C8C1C912BD76E252","NOT VERIFIED","Convert-candidate","low"
"magicui-main","reference-style-extraction/inventory/magicui-main/apps/www/tsconfig.scripts.json","json","317","7E024833CA7A9200199A8B1FBED0599194DF63ED0D1D2B4C442E8D032AC52922","NOT VERIFIED","Convert-candidate","low"
"magicui-main","reference-style-extraction/inventory/magicui-main/apps/www/app/apple-icon.png","image","38767","E4602D5E37585CBFFB0F64ACD7EC1972789CC745EB9047A0946D74FE3CBE7060","NOT VERIFIED","Convert-candidate","low"
"magicui-main","reference-style-extraction/inventory/magicui-main/apps/www/app/favicon.ico","image","38767","E4602D5E37585CBFFB0F64ACD7EC1972789CC745EB9047A0946D74FE3CBE7060","NOT VERIFIED","Convert-candidate","low"
"magicui-main","reference-style-extraction/inventory/magicui-main/apps/www/app/icon.png","image","38767","E4602D5E37585CBFFB0F64ACD7EC1972789CC745EB9047A0946D74FE3CBE7060","NOT VERIFIED","Convert-candidate","low"
"magicui-main","reference-style-extraction/inventory/magicui-main/apps/www/app/icon.svg","svg","3981","9A0872FF7D4D44E72E7C6E2B83133FEA9F474252875684F39F01660027E93BCB","NOT VERIFIED","Convert-candidate","low"
"magicui-main","reference-style-extraction/inventory/magicui-main/apps/www/app/layout.tsx","ts","1851","FCD21F8C43607A14C5147D4D4C775D02BFDEBF81709B6E19C43541F71D21AE09","NOT VERIFIED","Convert-candidate","low"
"magicui-main","reference-style-extraction/inventory/magicui-main/apps/www/app/not-found.tsx","ts","1490","B226AFBB2D078698499125EE9E74497516274170AD29EA2F8F0E44FC86B2E35F","NOT VERIFIED","Convert-candidate","low"
"magicui-main","reference-style-extraction/inventory/magicui-main/apps/www/app/robots.ts","ts","273","7F19202863D77C099BAE8732C8D30B0F529A6AC43376995447FA058A3E7ADF4A","NOT VERIFIED","Convert-candidate","low"
"magicui-main","reference-style-extraction/inventory/magicui-main/apps/www/app/sitemap.ts","ts","761","C3C60AC9BCE58AF075D0492A988100032D96673E6C7E6C65290782D4102B360D","NOT VERIFIED","Convert-candidate","low"
"magicui-main","reference-style-extraction/inventory/magicui-main/apps/www/app/(blog)/blog/layout.tsx","ts","323","8DCDF7DD7BDACD4843BC7B6F818549937D215B5D6A83EB00B2BAF26A1ED66DAA","NOT VERIFIED","Convert-candidate","low"
"magicui-main","reference-style-extraction/inventory/magicui-main/apps/www/app/(blog)/blog/page.tsx","ts","8966","843E9544EAA8DC3A8438F287C0BE76C03A8D6B940258FB9FEEE96356067F29DF","NOT VERIFIED","Convert-candidate","low"
"magicui-main","reference-style-extraction/inventory/magicui-main/apps/www/app/(blog)/blog/[...slug]/page.tsx","ts","8259","1962C3E7EA7816BDD0D81C3766C36A404DCD5B1FA86E6A4095E943DAC23EC618","NOT VERIFIED","Convert-candidate","low"
"magicui-main","reference-style-extraction/inventory/magicui-main/apps/www/app/(docs)/layout.tsx","ts","458","3CBCA99776F55B2190F8FC1D00CD8A39922829EC276897A50E45C3CAE7FDD581","NOT VERIFIED","Convert-candidate","low"
"magicui-main","reference-style-extraction/inventory/magicui-main/apps/www/app/(docs)/docs/layout.tsx","ts","750","49F57E3AE129B67508557A0A6BDEE722D66EEE1A2DCBEB9054E3A5197D975081","NOT VERIFIED","Convert-candidate","low"
"magicui-main","reference-style-extraction/inventory/magicui-main/apps/www/app/(docs)/docs/loading.tsx","ts","2361","933D5861D76BB39A9F61B617A988063B1F9464184A2665C42A56EC637D8CD385","NOT VERIFIED","Convert-candidate","low"
"magicui-main","reference-style-extraction/inventory/magicui-main/apps/www/app/(docs)/docs/not-found.tsx","ts","1490","B226AFBB2D078698499125EE9E74497516274170AD29EA2F8F0E44FC86B2E35F","NOT VERIFIED","Convert-candidate","low"
"magicui-main","reference-style-extraction/inventory/magicui-main/apps/www/app/(docs)/docs/[[...slug]]/page.tsx","ts","10845","92B98B98655C71DED493178C8B69D1EC4ED7B1ABEEFA21E886820881FC2B6B7F","NOT VERIFIED","Convert-candidate","low"
"magicui-main","reference-style-extraction/inventory/magicui-main/apps/www/app/(marketing)/layout.tsx","ts","855","6EF6E60562FF618A632CB3290F43B2466E4DACF4D85C293A87247CA57CA3D594","NOT VERIFIED","Convert-candidate","low"
"magicui-main","reference-style-extraction/inventory/magicui-main/apps/www/app/(marketing)/page.tsx","ts","402","75D3C04A8615C8BF11703CB0187B8AAB895F83BC29A22F90E27B59E4E6030553","NOT VERIFIED","Convert-candidate","low"
"magicui-main","reference-style-extraction/inventory/magicui-main/apps/www/app/(marketing)/showcase/page.tsx","ts","1142","C8CCF5F67817B7EB1D3230154F94A062F5B2D4252ED81157CE60171BF81913BB","NOT VERIFIED","Convert-candidate","low"
"magicui-main","reference-style-extraction/inventory/magicui-main/apps/www/app/(marketing)/showcase/[...slug]/page.tsx","ts","2293","2F20005076950D8EB8411ABF7A55DB36393E84FF1C24867F6A2D8BE8947A5072","NOT VERIFIED","Convert-candidate","low"
"magicui-main","reference-style-extraction/inventory/magicui-main/apps/www/app/api/blog-webhook/route.ts","ts","1307","BAF347BB3C6C18AEE2B5EA776B13FE52E03DB038196B29FC991E76832F9C1126","NOT VERIFIED","Convert-candidate","low"
"magicui-main","reference-style-extraction/inventory/magicui-main/apps/www/app/llm/[[...slug]]/route.ts","ts","849","6E17104B33DD1B91A01DC96B37D094673FEAAC1558834A7C8ACB5275FB9F2035","NOT VERIFIED","Convert-candidate","low"
"magicui-main","reference-style-extraction/inventory/magicui-main/apps/www/app/og/geist-regular-otf.json","json","77793","4D5E1A4F06A741A7E51FE2070D42BCF1A20411F07554799475C8D2E69C6BB224","NOT VERIFIED","Convert-candidate","low"
"magicui-main","reference-style-extraction/inventory/magicui-main/apps/www/app/og/geist-semibold-otf.json","json","92541","ED1CF46EDDEA0C3ECB6C6D7F78786538C77DDFF6EBE25447F721665694321205","NOT VERIFIED","Convert-candidate","low"
"magicui-main","reference-style-extraction/inventory/magicui-main/apps/www/app/og/geistmono-regular-otf.json","json","89273","433EEDA736BCEDC6A8C74EFA0679C9D7C23E014EF7AB368954280C6D34BC9842","NOT VERIFIED","Convert-candidate","low"
"magicui-main","reference-style-extraction/inventory/magicui-main/apps/www/app/og/route.tsx","ts","3464","64AB64937E94B2D2E90F0042B4A4E968B481E77C2D1B9F6606398BD66A76916F","NOT VERIFIED","Convert-candidate","low"
"magicui-main","reference-style-extraction/inventory/magicui-main/apps/www/components/analytics.tsx","ts","439","D4438D37D7757BD8E50875BCA756B353F87FC09756679D196CDA4911869E83E4","NOT VERIFIED","Convert-candidate","low"
"magicui-main","reference-style-extraction/inventory/magicui-main/apps/www/components/blur-image.tsx","ts","745","C60FB92CDCFEBEE075DCFEA96DFF703B21A4005476515C269ED9E107C896F0E0","NOT VERIFIED","Convert-candidate","low"
"magicui-main","reference-style-extraction/inventory/magicui-main/apps/www/components/callout.tsx","ts","619","241467095C5D1C5D6170C1B6FAA0DF8CF12702A90A271E6FAACA157818E0EE1A","NOT VERIFIED","Convert-candidate","low"
"magicui-main","reference-style-extraction/inventory/magicui-main/apps/www/components/code-block-command.tsx","ts","3764","ADEFEE4025341DC0D951BA1798936F1EFA245999B881629E177E661AC8D1260F","NOT VERIFIED","Convert-candidate","low"
"magicui-main","reference-style-extraction/inventory/magicui-main/apps/www/components/code-block-wrapper.tsx","ts","1616","5A42A2B6B129B89F8FCBDFE227CEC83B794FD1C63368D7A78314EA7E9703F33B","NOT VERIFIED","Convert-candidate","low"
"magicui-main","reference-style-extraction/inventory/magicui-main/apps/www/components/code-collapsible-wrapper.tsx","ts","1620","C46C38456E5BDFA785A768E97C444B8DF6F9933E206528FB071D1A1D24E67103","NOT VERIFIED","Convert-candidate","low"
"magicui-main","reference-style-extraction/inventory/magicui-main/apps/www/components/code-tabs.tsx","ts","616","7A5F17302FC2B76058FC619470894B8AE6A8CDF2213E089995E7DA4DD34A87DD","NOT VERIFIED","Convert-candidate","low"
"magicui-main","reference-style-extraction/inventory/magicui-main/apps/www/components/command-menu.tsx","ts","4391","1A938925CE6B6B748255DC448D09C8CE599AA9FAD4D82CA756A856CB7912F46F","NOT VERIFIED","Convert-candidate","low"
"magicui-main","reference-style-extraction/inventory/magicui-main/apps/www/components/component-preview-tabs.tsx","ts","3251","D3A82DEA34F6CDDFE8E2D5AB753B6FA543F94071D217D8CE344EBBF14EDE2DC9","NOT VERIFIED","Convert-candidate","low"
"magicui-main","reference-style-extraction/inventory/magicui-main/apps/www/components/component-preview.tsx","ts","1135","080A420D084BE59E6EC1B19C0800DE404E95A1B28C52F9871541C29769A7DC7F","NOT VERIFIED","Convert-candidate","low"
"magicui-main","reference-style-extraction/inventory/magicui-main/apps/www/components/component-source.tsx","ts","2438","C0668D6D0DC5FF2473DFC9DA2DDCC233A09CF71642FFAC08269588A661594A84","NOT VERIFIED","Convert-candidate","low"
"magicui-main","reference-style-extraction/inventory/magicui-main/apps/www/components/components-list.tsx","ts","724","DBEF04C85D6E3EF1F9291043086F989F17EEFA4773100B09AC1F76D8F0E0A9EC","NOT VERIFIED","Convert-candidate","low"
"magicui-main","reference-style-extraction/inventory/magicui-main/apps/www/components/contribute.tsx","ts","1747","AF3395BCDD74769B621B675B60C4031CCE618FA213E2DC330302D3554D66DCAE","NOT VERIFIED","Convert-candidate","low"
"magicui-main","reference-style-extraction/inventory/magicui-main/apps/www/components/copy-button.tsx","ts","1809","96DE84B73A1629E2CD494E0C09526D9CD30F598F8601235862AB74B50B69B314","NOT VERIFIED","Convert-candidate","low"
"magicui-main","reference-style-extraction/inventory/magicui-main/apps/www/components/deal-banner.tsx","ts","1098","30855A8BAF61121FFBBE8E9527740BD86112512EA1546AF1561D0E9DD26DACA1","NOT VERIFIED","Convert-candidate","low"
"magicui-main","reference-style-extraction/inventory/magicui-main/apps/www/components/discord-link.tsx","ts","2607","4735E92ABA60508B6723D067A215CC2AEE109C83F2BC59E4298071176BE86483","NOT VERIFIED","Convert-candidate","low"
"magicui-main","reference-style-extraction/inventory/magicui-main/apps/www/components/docs-copy-page.tsx","ts","8099","1BFCCA3A70BC6EF25470AF209FD532A4A2237E079DE8E2C973C13BD756230755","NOT VERIFIED","Convert-candidate","low"
"magicui-main","reference-style-extraction/inventory/magicui-main/apps/www/components/docs-sidebar.tsx","ts","4288","977332855D69C04E7956FF0F926B363373FB6106365868A9B89AFECBDAE264F3","NOT VERIFIED","Convert-candidate","low"
"magicui-main","reference-style-extraction/inventory/magicui-main/apps/www/components/docs-toc.tsx","ts","3146","BCDC47E2234E5438C44846CA2C62C866410BA993989547B00EBCF82C4FF51740","NOT VERIFIED","Convert-candidate","low"
"magicui-main","reference-style-extraction/inventory/magicui-main/apps/www/components/github-link.tsx","ts","2253","E11596DE8AA95FEFC1A0B6836666482CD09764721C96DB15720D483B171B6EDF","NOT VERIFIED","Convert-candidate","low"
"magicui-main","reference-style-extraction/inventory/magicui-main/apps/www/components/gradient-blur.tsx","ts","2061","C3CD1B60D5564B5DAFE49C4407BBBF1692A702FB25E3865FED1F4370D59CDB56","NOT VERIFIED","Convert-candidate","low"
"magicui-main","reference-style-extraction/inventory/magicui-main/apps/www/components/icons.tsx","ts","53004","D7E7D881C9E39A3ECF6FEA1B19F3F3074438A7E61C4658EEA0D7A0BA04E5CBA1","NOT VERIFIED","Convert-candidate","low"
"magicui-main","reference-style-extraction/inventory/magicui-main/apps/www/components/logo-button.tsx","ts","2001","2B3B5986EE34A4C82A1FBD57528845A4B84130AE764D8BA7A4471E3D862AFDD7","NOT VERIFIED","Convert-candidate","low"
"magicui-main","reference-style-extraction/inventory/magicui-main/apps/www/components/main-nav.tsx","ts","939","4AA93ECC7C5F4F8EE918FB38AECE8A195A95C41C176380353453BEC4F1D50F8C","NOT VERIFIED","Convert-candidate","low"
"magicui-main","reference-style-extraction/inventory/magicui-main/apps/www/components/mobile-nav.tsx","ts","5820","C8A54A725067D257493869316F7BBBA8A611F8C687C04C97FF47E20506EB2337","NOT VERIFIED","Convert-candidate","low"
"magicui-main","reference-style-extraction/inventory/magicui-main/apps/www/components/mode-toggle.tsx","ts","1385","9914EF9229BB87AAB7EC53B9709664779B7CA2733E784901245FE821762EE60B","NOT VERIFIED","Convert-candidate","low"
"magicui-main","reference-style-extraction/inventory/magicui-main/apps/www/components/open-in-v0-button.tsx","ts","1370","302E1C142827C57160E6B778912AB5A581262603D12FD38C7C6A66B4510E3837","NOT VERIFIED","Convert-candidate","low"
"magicui-main","reference-style-extraction/inventory/magicui-main/apps/www/components/ping-dot.tsx","ts","283","E6B0D7A0D5DD74DCCB79397BE998970A6DF4B94F802FB5C7FA929FC4D7152559","NOT VERIFIED","Convert-candidate","low"
"magicui-main","reference-style-extraction/inventory/magicui-main/apps/www/components/posthog-provider.tsx","ts","978","F22DCD204C6661B5B19FE4A737E7A2D12264818B49DAB4C9E287A2B84AD7E8CA","NOT VERIFIED","Convert-candidate","low"
"magicui-main","reference-style-extraction/inventory/magicui-main/apps/www/components/sidebar-cta.tsx","ts","5363","DC64C486F839532EDF905CD8EDF1B6545FA3F73543EE0CE933ED788F66EE67D0","NOT VERIFIED","Convert-candidate","low"
"magicui-main","reference-style-extraction/inventory/magicui-main/apps/www/components/site-banner.tsx","ts","2334","BCB532BD94316987AA8D17EB630AD8A8C184C9254DB2D21E2C2B844CEBFAECE3","NOT VERIFIED","Convert-candidate","low"
"magicui-main","reference-style-extraction/inventory/magicui-main/apps/www/components/site-footer.tsx","ts","1149","6C827F9C9A6907D13E474ED2AAACA6224BA817E1ABF348C9C42FC481B1207312","NOT VERIFIED","Convert-candidate","low"
"magicui-main","reference-style-extraction/inventory/magicui-main/apps/www/components/site-header.tsx","ts","1658","75B84E0D9C8AFC30DBB5684295EAF946245B60A077D8F272FD679622DE6F18D6","NOT VERIFIED","Convert-candidate","low"
"magicui-main","reference-style-extraction/inventory/magicui-main/apps/www/components/tech-stack.tsx","ts","9121","1432931C90DE5138043E689424EC9972A5FEA840058FA3CE8222EAE3A5228196","NOT VERIFIED","Convert-candidate","low"
"magicui-main","reference-style-extraction/inventory/magicui-main/apps/www/components/template-open.tsx","ts","1095","475910D23091E7F84FEA50197CDF150E3AD84726AC3910742F24B37A3F5ACFA3","NOT VERIFIED","Convert-candidate","low"
"magicui-main","reference-style-extraction/inventory/magicui-main/apps/www/components/template-preview.tsx","ts","612","E0D0AF2F9C7B7AEA8D135575B83084C96E62C0668CB4E299B2639472116D392A","NOT VERIFIED","Convert-candidate","low"
"magicui-main","reference-style-extraction/inventory/magicui-main/apps/www/components/theme-provider.tsx","ts","256","869C5064463A22E9B54AB2C6DEE8CCF204FEB7DFFE6E8970A955B4DD7FDB6323","NOT VERIFIED","Convert-candidate","low"
"magicui-main","reference-style-extraction/inventory/magicui-main/apps/www/components/version-select.tsx","ts","2017","4AA016BF826AD1E0EFD0B29E41DF964183C3FD90E04CBE8D83C0D7DE0C238DBC","NOT VERIFIED","Convert-candidate","low"
"magicui-main","reference-style-extraction/inventory/magicui-main/apps/www/components/blog/mobile-toc.tsx","ts","1739","73C1F074F743F15F08199FA3213331318945B48B59ABDE1D863855169120EA57","NOT VERIFIED","Convert-candidate","low"
"magicui-main","reference-style-extraction/inventory/magicui-main/apps/www/components/blog/table-of-contents.tsx","ts","4058","D78A00A141B5B09C7486DCF50224685E0B51B46560B1F21C0D3E211B7D7EA029","NOT VERIFIED","Convert-candidate","low"
"magicui-main","reference-style-extraction/inventory/magicui-main/apps/www/components/sections/component-demos.tsx","ts","852","FA6320FB47E49BFA0CCE766A6953D6BBABA3FB79EE6ED4C7C5CCCF9D8F0E7D2E","NOT VERIFIED","Convert-candidate","low"
"magicui-main","reference-style-extraction/inventory/magicui-main/apps/www/components/sections/cta.tsx","ts","1556","F6DDC3BC19E1964DF04B6C798B30BFE2795D7A458B299F73BAE59BD783D2B28A","NOT VERIFIED","Convert-candidate","low"
"magicui-main","reference-style-extraction/inventory/magicui-main/apps/www/components/sections/expandable-masonary-section.tsx","ts","1673","0DA007FF947187689AF5B026DB6D902064ABA37BCBA11210F11F6D7F4D29A3FA","NOT VERIFIED","Convert-candidate","low"
"magicui-main","reference-style-extraction/inventory/magicui-main/apps/www/components/sections/hero.tsx","ts","4475","AB45D85011F1ACF56DCC741812DA370886D6BA941B77AC6AB2028BBB7B887121","NOT VERIFIED","Convert-candidate","low"
"magicui-main","reference-style-extraction/inventory/magicui-main/apps/www/components/sections/showcase.tsx","ts","3007","3816496D81B3B7D8B176CA51180092117988E04EDA93A163AB8B706E130A2EEB","NOT VERIFIED","Convert-candidate","low"
"magicui-main","reference-style-extraction/inventory/magicui-main/apps/www/components/sections/testimonial-tweet-link.tsx","ts","2187","46A98AB40024478B79764780AB7FAA4DF7AA5226B2C97E15F91FA20741F6E6F8","NOT VERIFIED","Convert-candidate","low"
"magicui-main","reference-style-extraction/inventory/magicui-main/apps/www/components/sections/testimonials.tsx","ts","3938","B189A86A3EC0C478DFD81D36B5AB32A82ABC2CA18EDD7E18FA0DDA14951101B2","NOT VERIFIED","Convert-candidate","low"
"magicui-main","reference-style-extraction/inventory/magicui-main/apps/www/components/sections/video-testimonials.tsx","ts","5157","02B868D5B2DD72524001324C5758B23F93DDB64CB881C1FFA9EDD0E578AA6579","NOT VERIFIED","Convert-candidate","low"
"magicui-main","reference-style-extraction/inventory/magicui-main/apps/www/components/ui/accordion.tsx","ts","2053","570A04F14242AE29726FF5AE95E90B68EC9AD6A99EA4CAD1CD8352D95FFA6081","NOT VERIFIED","Convert-candidate","low"
"magicui-main","reference-style-extraction/inventory/magicui-main/apps/www/components/ui/alert.tsx","ts","1598","49AC2B7E3091D8A8E33A2BCA103F25AE963B336006A8AD67AF4CD77F3D751398","NOT VERIFIED","Convert-candidate","low"
"magicui-main","reference-style-extraction/inventory/magicui-main/apps/www/components/ui/avatar.tsx","ts","1419","F27DF300437BCFDBF676A1803B99506B1E828A46D7C13A5286E9A94A3057222B","NOT VERIFIED","Convert-candidate","low"
"magicui-main","reference-style-extraction/inventory/magicui-main/apps/www/components/ui/badge.tsx","ts","1144","5651BC4F0CC03789E644017BF3F0B7BBAB2A1621A431305A0517BE8500BAB15B","NOT VERIFIED","Convert-candidate","low"
"magicui-main","reference-style-extraction/inventory/magicui-main/apps/www/components/ui/button.tsx","ts","4075","881FABAF889450B7C671FFABE455BD4B4D101C36F80868F1BF4819BA5F4F4886","NOT VERIFIED","Convert-candidate","low"
"magicui-main","reference-style-extraction/inventory/magicui-main/apps/www/components/ui/calendar.tsx","ts","7569","AA89C528FF5AEE5130EFEA70BF863854A128820D5CD97326783534F1D0D92E35","NOT VERIFIED","Convert-candidate","low"
"magicui-main","reference-style-extraction/inventory/magicui-main/apps/www/components/ui/card.tsx","ts","1828","588076549982A167B2BD72C9325100F77F9BA513CD57D80D815AB37D0A9BA5F5","NOT VERIFIED","Convert-candidate","low"
"magicui-main","reference-style-extraction/inventory/magicui-main/apps/www/components/ui/collapsible.tsx","ts","329","F4CDD104DE29928BFCD40B865C7D08EED9157A537FBB8B5E6D0921F02B63CC04","NOT VERIFIED","Convert-candidate","low"
"magicui-main","reference-style-extraction/inventory/magicui-main/apps/www/components/ui/command.tsx","ts","4818","71F7EFA974C1855940A2DAAA95BB6CBEADDC3F3C527841C6125EC858265DB82C","NOT VERIFIED","Convert-candidate","low"
"magicui-main","reference-style-extraction/inventory/magicui-main/apps/www/components/ui/context-menu.tsx","ts","7420","99D156995C47991A4BDBAC47B5F8654021062050BB11DD6E895F8BDD4300CF0D","NOT VERIFIED","Convert-candidate","low"
"magicui-main","reference-style-extraction/inventory/magicui-main/apps/www/components/ui/dialog.tsx","ts","3982","491A87BFAE8F28773624D353BF56B9288D0852413E814D508E0D086DC7B06EDB","NOT VERIFIED","Convert-candidate","low"
"magicui-main","reference-style-extraction/inventory/magicui-main/apps/www/components/ui/dropdown-menu.tsx","ts","8284","D56529974B67F5C2BC03FE0835EB7A94913C62B282D0240A50CD4984FCAF8847","NOT VERIFIED","Convert-candidate","low"
"magicui-main","reference-style-extraction/inventory/magicui-main/apps/www/components/ui/form.tsx","ts","4134","4F59E5C838C8A43C7E3C70E3195D383C18C11C32D8F3AD854D5691F3A619F35C","NOT VERIFIED","Convert-candidate","low"
"magicui-main","reference-style-extraction/inventory/magicui-main/apps/www/components/ui/input.tsx","ts","758","993BF6EDF0B78822E17EC20737BBBE2FB7A2DDF861F78EBF6A377C2842803D9C","NOT VERIFIED","Convert-candidate","low"
"magicui-main","reference-style-extraction/inventory/magicui-main/apps/www/components/ui/label.tsx","ts","724","2EAC8FBB04002C42B0FBC4062D20D131E421796EAF65C37D2049E29E42ECBC5A","NOT VERIFIED","Convert-candidate","low"
"magicui-main","reference-style-extraction/inventory/magicui-main/apps/www/components/ui/popover.tsx","ts","1356","9D2E4D4248B6035EFEF909D6333497EAD1D30E7A126DD861C18B4C8A14322A50","NOT VERIFIED","Convert-candidate","low"
"magicui-main","reference-style-extraction/inventory/magicui-main/apps/www/components/ui/scroll-area.tsx","ts","1656","1A06E1B69040141ACC38F0B80F6C850396BBC697486819C438A34B8A70598CC0","NOT VERIFIED","Convert-candidate","low"
"magicui-main","reference-style-extraction/inventory/magicui-main/apps/www/components/ui/select.tsx","ts","5735","05487A53951145780C775A1CDCA5045604A01B556A49D64311AD7E418D9CD298","NOT VERIFIED","Convert-candidate","low"
"magicui-main","reference-style-extraction/inventory/magicui-main/apps/www/components/ui/separator.tsx","ts","770","4BCFBB420D54C125FBD86157F031D81D968909984F4307EB9CAFC02AAF5E4E67","NOT VERIFIED","Convert-candidate","low"
"magicui-main","reference-style-extraction/inventory/magicui-main/apps/www/components/ui/sheet.tsx","ts","4283","8173432AEF21964034D9073424618A1D77C5FA6C61142E12DE0917A3BBB2FB2B","NOT VERIFIED","Convert-candidate","low"
"magicui-main","reference-style-extraction/inventory/magicui-main/apps/www/components/ui/sidebar.tsx","ts","21633","C027064854E8FA18DCDA889073A5C6FD8156934A585521864387C7A8479A5CA1","NOT VERIFIED","Convert-candidate","low"
"magicui-main","reference-style-extraction/inventory/magicui-main/apps/www/components/ui/skeleton.tsx","ts","266","53A473F26E15A6DA0BD8F3E4062ACC41EE2B568DA0B2D3659D9EBFC1BF46DC71","NOT VERIFIED","Convert-candidate","low"
"magicui-main","reference-style-extraction/inventory/magicui-main/apps/www/components/ui/sonner.tsx","ts","894","771AB8637D27384C3ED030BA3BE01A07B90C791C294EAE06646250F8E81BC49E","NOT VERIFIED","Convert-candidate","low"
"magicui-main","reference-style-extraction/inventory/magicui-main/apps/www/components/ui/switch.tsx","ts","1152","5A3C76CFF51920C176424B60089723B42E5B238279C912B4954D78F88C15349B","NOT VERIFIED","Convert-candidate","low"
"magicui-main","reference-style-extraction/inventory/magicui-main/apps/www/components/ui/table.tsx","ts","2859","6D913D450933B5187DCE5F532DC01818D1BF047BF6065E1B50FAE498932170A1","NOT VERIFIED","Convert-candidate","low"
"magicui-main","reference-style-extraction/inventory/magicui-main/apps/www/components/ui/tabs.tsx","ts","1969","0E5CE2BAF23963DB265716C338B9B73255DC5C9607D165EC92B8F92E48D27116","NOT VERIFIED","Convert-candidate","low"
"magicui-main","reference-style-extraction/inventory/magicui-main/apps/www/components/ui/tooltip.tsx","ts","1890","93145C085B4D547B1DDCE7C5D90488CE6E4E8BD73253150CA4042A6055B32E08","NOT VERIFIED","Convert-candidate","low"
"magicui-main","reference-style-extraction/inventory/magicui-main/apps/www/config/docs.ts","ts","15298","F0603D55E169614EEAE3C66CF4DA821D260127653D63DD552945EE7B6B15BCF2","NOT VERIFIED","Convert-candidate","low"
"magicui-main","reference-style-extraction/inventory/magicui-main/apps/www/config/site.ts","ts","608","A3B2CA4A9DF6E9AA41FCDA17FA49B9106AC0357280B25F553D8B12BE36152FCD","NOT VERIFIED","Convert-candidate","low"
"magicui-main","reference-style-extraction/inventory/magicui-main/apps/www/content/blog/animated-landing-page.mdx","other","23994","BF5D4B159074AB8E5145DB6B29BF4F73C1D72D561B5AAF65F863F2BFA1E12BF6","NOT VERIFIED","Convert-candidate","low"
"magicui-main","reference-style-extraction/inventory/magicui-main/apps/www/content/blog/animation-libraries.mdx","other","31198","F5A4EEF3889941A95D5178D96623A31ED3EB06BF6FF7948353300031A5C88C30","NOT VERIFIED","Convert-candidate","low"
"magicui-main","reference-style-extraction/inventory/magicui-main/apps/www/content/blog/animation-on-scroll-css.mdx","other","22322","70699124337D12D5F812D0F573796CAAA5E2F0705A6A084B517D0E5C57CCC80C","NOT VERIFIED","Convert-candidate","low"
"magicui-main","reference-style-extraction/inventory/magicui-main/apps/www/content/blog/ant-design-alternatives.mdx","other","23560","F70783CB9D5294D9014D7ED68177B244C3D057E8438572CB4E0C682ADB1826C6","NOT VERIFIED","Convert-candidate","low"
"magicui-main","reference-style-extraction/inventory/magicui-main/apps/www/content/blog/ant-design-vs-material-ui.mdx","other","23159","851633684CBE5487F0470FA2203B613E76CB786AA273FEFAD00247BFDDAB5A9D","NOT VERIFIED","Convert-candidate","low"
"magicui-main","reference-style-extraction/inventory/magicui-main/apps/www/content/blog/app-landing-page.mdx","other","31535","E3E4423196740B8F96A569E2198E46907C28C84D20A0A5D1E3F943A20D33A99A","NOT VERIFIED","Convert-candidate","low"
"magicui-main","reference-style-extraction/inventory/magicui-main/apps/www/content/blog/best-react-component-library.mdx","other","23712","E36B26E56BED19F3702D7895F69C9ADE4C45E8B18A831F7E5151D18E467AF6D3","NOT VERIFIED","Convert-candidate","low"
"magicui-main","reference-style-extraction/inventory/magicui-main/apps/www/content/blog/best-react-native-ui-library.mdx","other","19461","7B287731EF211576C9B343CF6E888817D8FF0CD9E538363B2006FBD95FB1AF11","NOT VERIFIED","Convert-candidate","low"
"magicui-main","reference-style-extraction/inventory/magicui-main/apps/www/content/blog/best-react-ui-framework.mdx","other","24365","169E662D5487D924C7BAFAC3C36524A341D3F4C8C616BAFA433292D789127F19","NOT VERIFIED","Convert-candidate","low"
"magicui-main","reference-style-extraction/inventory/magicui-main/apps/www/content/blog/best-saas-landing-pages.mdx","other","28541","0D1C6905C1515F2EC16D70108A9D51C2B2716EC26B33F717579AB61ABA31D342","NOT VERIFIED","Convert-candidate","low"
"magicui-main","reference-style-extraction/inventory/magicui-main/apps/www/content/blog/best-web-design-tools.mdx","other","30413","6C103D92579F99F30103BCAACD4E377FDDFDBAE30FF26931ACC86A11C314A0BA","NOT VERIFIED","Convert-candidate","low"
"magicui-main","reference-style-extraction/inventory/magicui-main/apps/www/content/blog/best-web-developer-portfolios.mdx","other","27062","4F7220BC7ACF7BE474A03DDD236F9590FCD321F1682107549C95DF72ED9F8D56","NOT VERIFIED","Convert-candidate","low"
"magicui-main","reference-style-extraction/inventory/magicui-main/apps/www/content/blog/bootstrap-vs-react.mdx","other","31665","DB72E234944049611BB1537013ED53F1333EEB099A89901F1FA98203282447F5","NOT VERIFIED","Convert-candidate","low"
"magicui-main","reference-style-extraction/inventory/magicui-main/apps/www/content/blog/cards-ui-design.mdx","other","27395","3BECC245A2346DC917BE7AE1806B86C10B27592E0A2D71699D2671F7A603C1C2","NOT VERIFIED","Convert-candidate","low"
"magicui-main","reference-style-extraction/inventory/magicui-main/apps/www/content/blog/carousel-user-interface.mdx","other","25106","0A05F2491C1FFFE46DCC498D6137585F5FD4D6E889270609ECB4EA5D54DA4964","NOT VERIFIED","Convert-candidate","low"
"magicui-main","reference-style-extraction/inventory/magicui-main/apps/www/content/blog/chakra-ui-vs-material-ui.mdx","other","18226","9886B2DF921B8F880529581B0E79BCDE2A6E25FD6F1A9A9DC09CB5C6587B4D0A","NOT VERIFIED","Convert-candidate","low"
"magicui-main","reference-style-extraction/inventory/magicui-main/apps/www/content/blog/color-theory-for-web-design.mdx","other","24579","26A542A4F08E2B6A671137DE0651ACA2BEF3D789010A12EAEB71B371421D9CE2","NOT VERIFIED","Convert-candidate","low"
"magicui-main","reference-style-extraction/inventory/magicui-main/apps/www/content/blog/component-libraries.mdx","other","35043","4383F7A94473AEDCA442B42D7EBEA715AB8FD59ADE24B14BF8903C4F86052DB6","NOT VERIFIED","Convert-candidate","low"
"magicui-main","reference-style-extraction/inventory/magicui-main/apps/www/content/blog/component-library-examples.mdx","other","36692","6D225D81BF8B1E692AAEBF69BB3217B67C5E4229933245DD98C6DCAC6220BBAB","NOT VERIFIED","Convert-candidate","low"
"magicui-main","reference-style-extraction/inventory/magicui-main/apps/www/content/blog/cool-css-animations.mdx","other","28306","259EC20F8F5807AC38682E8C43ED1C497FA16E8594DCD225584A9DCCD0FF8443","NOT VERIFIED","Convert-candidate","low"
"magicui-main","reference-style-extraction/inventory/magicui-main/apps/www/content/blog/cool-react-components.mdx","other","20968","7384A3275222649A6B93384403408EDEA7CC25199013C3FD55A7972F711CC829","NOT VERIFIED","Convert-candidate","low"
"magicui-main","reference-style-extraction/inventory/magicui-main/apps/www/content/blog/create-next-js-app.mdx","other","25727","8B1550DA55FBF57A7C881EB7AD0424064682FA630E14320B2BF24476D036A80E","NOT VERIFIED","Convert-candidate","low"
"magicui-main","reference-style-extraction/inventory/magicui-main/apps/www/content/blog/create-nextjs-app.mdx","other","24184","6D1A9D0F6AF0D0DDDA178E44965717E57B9F522259C5A077DB1A618814DD2F06","NOT VERIFIED","Convert-candidate","low"
"magicui-main","reference-style-extraction/inventory/magicui-main/apps/www/content/blog/create-react-component-library.mdx","other","13389","4D14F159EE06C015AA9BEE6B1BFBB31D09B18FD5F262410F691EA9C1A3DC4D95","NOT VERIFIED","Convert-candidate","low"
"magicui-main","reference-style-extraction/inventory/magicui-main/apps/www/content/blog/creating-next-js-app.mdx","other","21410","699775F12656F47C54DF1C785DD885D16F06A161553EAC3D8D5C49903C74064F","NOT VERIFIED","Convert-candidate","low"
"magicui-main","reference-style-extraction/inventory/magicui-main/apps/www/content/blog/creative-landing-page-design.mdx","other","51750","F220F33AC9623C50C81F8E6D07D0B4A95225A88CD8D5F3E397721C310AFF3ADB","NOT VERIFIED","Convert-candidate","low"
"magicui-main","reference-style-extraction/inventory/magicui-main/apps/www/content/blog/css-animation-on-scroll.mdx","other","24763","BC01CB930A63EED75D2542EDCAE98A9F81B2D0D5289AE47D071FFF822C952476","NOT VERIFIED","Convert-candidate","low"
"magicui-main","reference-style-extraction/inventory/magicui-main/apps/www/content/blog/css-buttons-hover.mdx","other","24205","1DE5F77BD5E5544FD5780188DBF26C82D1993FAFB8E6C1C9F4888ACB9466C713","NOT VERIFIED","Convert-candidate","low"
"magicui-main","reference-style-extraction/inventory/magicui-main/apps/www/content/blog/css-loader-animation.mdx","other","25230","7094EEA16A54FCD63E9FC83EC010766319A65D3EEBE2D51AE35C16D8561E8EC4","NOT VERIFIED","Convert-candidate","low"
"magicui-main","reference-style-extraction/inventory/magicui-main/apps/www/content/blog/css-loading-animation.mdx","other","23347","797475C371010148C03890DB886E79DC838E2A485A48C531FBE1ECC2E94E76EE","NOT VERIFIED","Convert-candidate","low"
"magicui-main","reference-style-extraction/inventory/magicui-main/apps/www/content/blog/cta-design.mdx","other","25609","F857E37C52122512D6CF78678A698C7BBFD6CF030E9F6D06D7995F62A861636F","NOT VERIFIED","Convert-candidate","low"
"magicui-main","reference-style-extraction/inventory/magicui-main/apps/www/content/blog/dashboard-design-ui.mdx","other","30682","F7CA7AF84FF6DB88D6B6018A2AE992A549C15C194A5A2E303534A796A43E3E02","NOT VERIFIED","Convert-candidate","low"
"magicui-main","reference-style-extraction/inventory/magicui-main/apps/www/content/blog/disable-textarea-resize.mdx","other","18822","0A3CFFA2C1A637AAFEE88C29EF7F5482BC3F874E90E9483666271AD18166068B","NOT VERIFIED","Convert-candidate","low"
"magicui-main","reference-style-extraction/inventory/magicui-main/apps/www/content/blog/drop-down-menu-in-js.mdx","other","16606","3B7B813A765012C94BD3DDACA194B6BB18F585DBB2D0DA257599CCE3B50480BF","NOT VERIFIED","Convert-candidate","low"
"magicui-main","reference-style-extraction/inventory/magicui-main/apps/www/content/blog/dropdown-in-react-js.mdx","other","25505","1C63DB2FB6F4E366816E5D8A1BE01F616E496CD138627BDAF380333D2FE6DC4E","NOT VERIFIED","Convert-candidate","low"
"magicui-main","reference-style-extraction/inventory/magicui-main/apps/www/content/blog/faq-template.mdx","other","21037","8DCB336B196FA105A8248A6BB58F01D9FA81DC58FBE0715265542003DF0B1DEF","NOT VERIFIED","Convert-candidate","low"
"magicui-main","reference-style-extraction/inventory/magicui-main/apps/www/content/blog/framer-motion-react.mdx","other","23913","4806FB6AA0DE055FC30FD47B16BA1E454D828BCBCD8BA1D839B24A9AA48282C9","NOT VERIFIED","Convert-candidate","low"
"magicui-main","reference-style-extraction/inventory/magicui-main/apps/www/content/blog/free-react-components.mdx","other","23702","1DB61017CCBF56AE62950EF8FCA7FEE64466C1C008A7DD83C50D20DA52548EFB","NOT VERIFIED","Convert-candidate","low"
"magicui-main","reference-style-extraction/inventory/magicui-main/apps/www/content/blog/hero-section-design.mdx","other","20571","625AA22FB589C46930795CEF050A643B3FAB84B4520D938DB0D54E03B32438A4","NOT VERIFIED","Convert-candidate","low"
"magicui-main","reference-style-extraction/inventory/magicui-main/apps/www/content/blog/how-to-add-animation-to-website.mdx","other","21721","8FAFFDE1D38702290DE52295723654A3588100E5DAAE509B0D824CDC868D4D1D","NOT VERIFIED","Convert-candidate","low"
"magicui-main","reference-style-extraction/inventory/magicui-main/apps/www/content/blog/how-to-build-a-landing-page.mdx","other","25250","0F1100C13030115FF4974BC481241C58CAB2536AEAF1FF912B8705AE9089E56F","NOT VERIFIED","Convert-candidate","low"
"magicui-main","reference-style-extraction/inventory/magicui-main/apps/www/content/blog/how-to-choose-tech-stack.mdx","other","25682","EFD426A800AF8B850A29950F59CC7455ED9C0CF14FF95E2AB906C6D8FAD51D61","NOT VERIFIED","Convert-candidate","low"
"magicui-main","reference-style-extraction/inventory/magicui-main/apps/www/content/blog/how-to-create-a-landing-page.mdx","other","19943","233DD62C8112C89F93D6FE77665A7B62CAA97A29889D6A1062A46092EF64D25D","NOT VERIFIED","Convert-candidate","low"
"magicui-main","reference-style-extraction/inventory/magicui-main/apps/www/content/blog/how-to-create-drop-down-menu.mdx","other","21740","2C337FD7AFFB511D8B896040F95AEEB23DA0695A495BB698B2C9E6950B94D322","NOT VERIFIED","Convert-candidate","low"
"magicui-main","reference-style-extraction/inventory/magicui-main/apps/www/content/blog/how-to-create-navigation-bar-in-html.mdx","other","19330","455DAA629BD84F88FC28462F1A1BDF9B316BD485F7FB1A63DD7E88CDBFBCC8AB","NOT VERIFIED","Convert-candidate","low"
"magicui-main","reference-style-extraction/inventory/magicui-main/apps/www/content/blog/how-to-design-a-landing-page.mdx","other","24518","59A00A9DDFB7A6C52A3FC2C401D341E20CECD38EA9A37405C5E13713CAE6EC88","NOT VERIFIED","Convert-candidate","low"
"magicui-main","reference-style-extraction/inventory/magicui-main/apps/www/content/blog/how-to-display-testimonials-on-website.mdx","other","32581","9CDBBB2C262B6BD26BDD930D66D8229DEBBAC8677F4471A79653FB3F2B4534A6","NOT VERIFIED","Convert-candidate","low"
"magicui-main","reference-style-extraction/inventory/magicui-main/apps/www/content/blog/how-to-improve-website-conversion-rates.mdx","other","23489","E6281662726D1A54F6BA7C7E6BCB64BEEA40CE721007BE49E907D82A0898B6C4","NOT VERIFIED","Convert-candidate","low"
"magicui-main","reference-style-extraction/inventory/magicui-main/apps/www/content/blog/how-to-improve-website-loading-speed.mdx","other","26595","228B7779689DEDFB790B081AAAC0EFA6DE9422015C60F2C09EB697B3FCCF9E15","NOT VERIFIED","Convert-candidate","low"
"magicui-main","reference-style-extraction/inventory/magicui-main/apps/www/content/blog/how-to-improve-website-performance.mdx","other","24722","5316E7199E7CCE615EA11739F2DA48F249F145ECBBDAA676E9B4D4E5FAA825B8","NOT VERIFIED","Convert-candidate","low"
"magicui-main","reference-style-extraction/inventory/magicui-main/apps/www/content/blog/how-to-learn-react.mdx","other","28172","F4B4DD16E3910E19177A3A6B9F1D2384B3907CFE184366409953D8D758B2F989","NOT VERIFIED","Convert-candidate","low"
"magicui-main","reference-style-extraction/inventory/magicui-main/apps/www/content/blog/how-to-make-an-animated-website.mdx","other","28987","BD9E515934CCDC0B054920C084F463A9E256A724C4B3E2047EBC570EBDB54048","NOT VERIFIED","Convert-candidate","low"
"magicui-main","reference-style-extraction/inventory/magicui-main/apps/www/content/blog/how-to-make-an-interactive-website.mdx","other","27099","0B9470A48DF871719C7C32FE6AEE35FF984B739754BFB43719F46188E71FE9BC","NOT VERIFIED","Convert-candidate","low"
"magicui-main","reference-style-extraction/inventory/magicui-main/apps/www/content/blog/how-to-make-backgrounds-for-animation.mdx","other","25198","30C74AA0735E8C57AD028DEE6DCBE096D9890099DB85F507386D1E3470173A38","NOT VERIFIED","Convert-candidate","low"
"magicui-main","reference-style-extraction/inventory/magicui-main/apps/www/content/blog/how-to-optimize-images-for-web.mdx","other","16961","991CF63B9D3ED1C478D6706BB3063431E1DDC2B222AB0FA464C30C1E3DFC5F1A","NOT VERIFIED","Convert-candidate","low"
"magicui-main","reference-style-extraction/inventory/magicui-main/apps/www/content/blog/infinite-scroll-react.mdx","other","22724","3B55853469B6C251B1009409F32FD2870E16B82405F956AD72E9C790892A4A03","NOT VERIFIED","Convert-candidate","low"
"magicui-main","reference-style-extraction/inventory/magicui-main/apps/www/content/blog/install-tailwind-css.mdx","other","24073","40545FACED4FDCCF61FCE4CF5E9687D7C5C35D3F1C947E1894CC2EDF0060A6F4","NOT VERIFIED","Convert-candidate","low"
"magicui-main","reference-style-extraction/inventory/magicui-main/apps/www/content/blog/install-tailwind-react.mdx","other","6976","AE7896AEDF6F494A543E651FCF3157133FE9C9E7F5B773F50A1EBD69B74E0489","NOT VERIFIED","Convert-candidate","low"
"magicui-main","reference-style-extraction/inventory/magicui-main/apps/www/content/blog/installing-tailwind-css.mdx","other","22835","4C5BE5AB5B54D8643F2B63F00432E4E7274A2FCE7F8FE388B574E970ADAC71D4","NOT VERIFIED","Convert-candidate","low"
"magicui-main","reference-style-extraction/inventory/magicui-main/apps/www/content/blog/interactive-landing-page.mdx","other","17361","D72B5E6FAA17A8E4BF5D0BF1273202E4D2619A47F489D491064C0F959F695F3B","NOT VERIFIED","Convert-candidate","low"
"magicui-main","reference-style-extraction/inventory/magicui-main/apps/www/content/blog/landing-page-call-to-action.mdx","other","30649","65D2FDB47553135F16A0740810F89E3B4A69878FF576BAA48ECB47A6FB8E203B","NOT VERIFIED","Convert-candidate","low"
"magicui-main","reference-style-extraction/inventory/magicui-main/apps/www/content/blog/landing-page-copywriting.mdx","other","29300","709204893561F6B9BCBDE73C94D9E3373B9A79E8F6CCA2E10AD79C551396F75B","NOT VERIFIED","Convert-candidate","low"
"magicui-main","reference-style-extraction/inventory/magicui-main/apps/www/content/blog/landing-page-design-templates.mdx","other","30882","C557650A2953F784A082ABE8186B733E08CE2D7517957D31D1DD84A0FD52DFAD","NOT VERIFIED","Convert-candidate","low"
"magicui-main","reference-style-extraction/inventory/magicui-main/apps/www/content/blog/landing-page-examples.mdx","other","24378","A65DB1C729FB726316354D5846C99971F4947A818A648E8F196A669AC004AAE3","NOT VERIFIED","Convert-candidate","low"
"magicui-main","reference-style-extraction/inventory/magicui-main/apps/www/content/blog/landing-page-sections.mdx","other","30043","F4E0FB7B4400FB9F013B0E3503F9A5A12A2165469A2606934B0646F86C12BD9B","NOT VERIFIED","Convert-candidate","low"
"magicui-main","reference-style-extraction/inventory/magicui-main/apps/www/content/blog/landing-page-ui.mdx","other","22281","07CCD03FE26D0C3C7525A48A6548C8CE487307292C764605B6F79FF2CA04CE03","NOT VERIFIED","Convert-candidate","low"
"magicui-main","reference-style-extraction/inventory/magicui-main/apps/www/content/blog/mantine-vs-chakra.mdx","other","20944","7368CB540937E0B914FEABDF0623FAFA88A28C828F7F7FC33E11052E449B35D1","NOT VERIFIED","Convert-candidate","low"
"magicui-main","reference-style-extraction/inventory/magicui-main/apps/www/content/blog/material-ui-alternatives.mdx","other","21793","ED5C7F27D1A0444E81065526BB793756DB5AB1191BD3631934FBCD57AED898B6","NOT VERIFIED","Convert-candidate","low"
"magicui-main","reference-style-extraction/inventory/magicui-main/apps/www/content/blog/material-ui-react.mdx","other","18497","A2754B7EA71B53F301F12745B9C20017D8FDE42AF6EB9A85A4932F59E6A81424","NOT VERIFIED","Convert-candidate","low"
"magicui-main","reference-style-extraction/inventory/magicui-main/apps/www/content/blog/material-ui-vs-joy-ui.mdx","other","17686","817E1C601C74C1555A19827BAAE218BEE12BFAD4DC8C05E8209631D9C6AEE23C","NOT VERIFIED","Convert-candidate","low"
"magicui-main","reference-style-extraction/inventory/magicui-main/apps/www/content/blog/mui-box.mdx","other","13561","72DEF370BDE805A69F6F5E2E59F85283B09A00F6783D135EAB2F0894AF14BB4C","NOT VERIFIED","Convert-candidate","low"
"magicui-main","reference-style-extraction/inventory/magicui-main/apps/www/content/blog/mui-card.mdx","other","19013","C54BD247112CD36A1C07E8DF6B68303373E923EC2827D78AA5E656E1384FBF77","NOT VERIFIED","Convert-candidate","low"
"magicui-main","reference-style-extraction/inventory/magicui-main/apps/www/content/blog/mui-react.mdx","other","15808","A55F23382D69B5F4BBBEF09C9839A5AFD3B4F8876A1D62B3A5E885795F76811A","NOT VERIFIED","Convert-candidate","low"
"magicui-main","reference-style-extraction/inventory/magicui-main/apps/www/content/blog/mui-table.mdx","other","20395","341172FC779CC05A2A8C33F3156E0569054D8C396DFFA681B956EDAE2D2C8098","NOT VERIFIED","Convert-candidate","low"
"magicui-main","reference-style-extraction/inventory/magicui-main/apps/www/content/blog/mui-transitions.mdx","other","21313","364447291116360883791C2D993B703E0EEC4AC1A9108A248439E82254D7F755","NOT VERIFIED","Convert-candidate","low"
"magicui-main","reference-style-extraction/inventory/magicui-main/apps/www/content/blog/navbar-in-react-js.mdx","other","23923","AAA80D1E3EF2F80D3374C4815C7FE8E58FEEECC04492B9CC194EB665016B564E","NOT VERIFIED","Convert-candidate","low"
"magicui-main","reference-style-extraction/inventory/magicui-main/apps/www/content/blog/navbar-react-js.mdx","other","23442","4E74661CB5404FE254F7CB3FAA585E3127920177C595993E47C16FD61E72ADE3","NOT VERIFIED","Convert-candidate","low"
"magicui-main","reference-style-extraction/inventory/magicui-main/apps/www/content/blog/navigation-bar-for-website.mdx","other","24058","99323690D44049EACB325F39B804C51E1A392B2B88718BF31BB6FBE62BDDF3B5","NOT VERIFIED","Convert-candidate","low"
"magicui-main","reference-style-extraction/inventory/magicui-main/apps/www/content/blog/next-js-app.mdx","other","18815","0CBBF1DA60E11644557797D65762B670AFABE29D5CCA315643BAB30F543689EF","NOT VERIFIED","Convert-candidate","low"
"magicui-main","reference-style-extraction/inventory/magicui-main/apps/www/content/blog/next-js-create-app.mdx","other","22214","3638E48D63046E3B62B5F56E6657965A83544485C698F1F3473E186A54459125","NOT VERIFIED","Convert-candidate","low"
"magicui-main","reference-style-extraction/inventory/magicui-main/apps/www/content/blog/next-js-getting-started.mdx","other","27972","49DE626316407F53FADAF6BCF6ADEA062A7748D37BD14A2402D7941A7D6DF054","NOT VERIFIED","Convert-candidate","low"
"magicui-main","reference-style-extraction/inventory/magicui-main/apps/www/content/blog/next-js-layout.mdx","other","29737","6EC6B6F45EBD213DA141EE11FE7629C4A1C963F3CA3C5903043839F777141EAB","NOT VERIFIED","Convert-candidate","low"
"magicui-main","reference-style-extraction/inventory/magicui-main/apps/www/content/blog/next-js-project-structure.mdx","other","29392","D145EE57C7A78B8DF5AD048B1E4C8860BE5F007E9BAE7FF7325956CD5F28902B","NOT VERIFIED","Convert-candidate","low"
"magicui-main","reference-style-extraction/inventory/magicui-main/apps/www/content/blog/next-js-tailwind.mdx","other","27346","C597C5D08B4C39CA2188B111242BAF5D54A5784F1D51958092BF97CB149911CF","NOT VERIFIED","Convert-candidate","low"
"magicui-main","reference-style-extraction/inventory/magicui-main/apps/www/content/blog/next-js.mdx","other","19621","B065360502AAD7A44FBB42DAD353E20061D31254AF9897858B8C0BD9229FA111","NOT VERIFIED","Convert-candidate","low"
"magicui-main","reference-style-extraction/inventory/magicui-main/apps/www/content/blog/nextjs-landing-page.mdx","other","24767","7EC315364414309712C3EDF92DFC0312AA62FDF88E7A93E290FA470BDB104B8B","NOT VERIFIED","Convert-candidate","low"
"magicui-main","reference-style-extraction/inventory/magicui-main/apps/www/content/blog/nextjs-portfolio-template.mdx","other","26773","11B72055E9BE85D8F8F284E1BE62D076FA492CFB10F51370781EA05D198444AC","NOT VERIFIED","Convert-candidate","low"
"magicui-main","reference-style-extraction/inventory/magicui-main/apps/www/content/blog/nextjs-website-template.mdx","other","24026","A92A9851FBD85ED28243547135CE3F39788375238FF0B210C0FBA94AF6E205F2","NOT VERIFIED","Convert-candidate","low"
"magicui-main","reference-style-extraction/inventory/magicui-main/apps/www/content/blog/nextjs.mdx","other","18308","3A2CB18CF98314D3D32DC20CAE13FC95F6933B4521C60FC680338A4C7C20E174","NOT VERIFIED","Convert-candidate","low"
"magicui-main","reference-style-extraction/inventory/magicui-main/apps/www/content/blog/portfolio-landing-page.mdx","other","21447","A60D7C054DCCAABB80FA8A57907B43739E97EA1738F14EF7ADFC1DACD4CA9CC2","NOT VERIFIED","Convert-candidate","low"
"magicui-main","reference-style-extraction/inventory/magicui-main/apps/www/content/blog/pricing-page-examples.mdx","other","30652","487B3DE552500350258E0240F5EA9C05941C1A092523BBD7275A69A7B6DD2B6D","NOT VERIFIED","Convert-candidate","low"
"magicui-main","reference-style-extraction/inventory/magicui-main/apps/www/content/blog/react-animation-examples.mdx","other","23120","24263106360F241680E7C05376B05B32FB1B5E9ED32DD39D8742FED31DDE2482","NOT VERIFIED","Convert-candidate","low"
"magicui-main","reference-style-extraction/inventory/magicui-main/apps/www/content/blog/react-animation-libraries.mdx","other","21963","412775C67777D4DC5F1D7FC6BDFCB975F82BF51C73D670A44E88E5CCE0D29365","NOT VERIFIED","Convert-candidate","low"
"magicui-main","reference-style-extraction/inventory/magicui-main/apps/www/content/blog/react-best-practices.mdx","other","26811","EF766459B0720F55833DEBCA3CE037898DEDBAF18B662A1A1F2BA928832A604C","NOT VERIFIED","Convert-candidate","low"
"magicui-main","reference-style-extraction/inventory/magicui-main/apps/www/content/blog/react-bootstrap.mdx","other","19027","AE64246F03B434349A7AD85E33569AFC00516982A0DCAB90A7E799A76CD38EA2","NOT VERIFIED","Convert-candidate","low"
"magicui-main","reference-style-extraction/inventory/magicui-main/apps/www/content/blog/react-component-best-practices.mdx","other","21834","D3708919EE103138386EEF3BBD7FF84F0D0206AE2FEEDBF5E470292A3B25B688","NOT VERIFIED","Convert-candidate","low"
"magicui-main","reference-style-extraction/inventory/magicui-main/apps/www/content/blog/react-css-framework.mdx","other","30070","0D2F8B23C83034D3120A2EB13DEB54514BEE2946A954C55EBA3447BC3C283058","NOT VERIFIED","Convert-candidate","low"
"magicui-main","reference-style-extraction/inventory/magicui-main/apps/www/content/blog/react-design-patterns.mdx","other","20550","FD00DB774B84F2737EA3AECFC5EC5091004ABD3D4CCE8948D7760698C19FD24C","NOT VERIFIED","Convert-candidate","low"
"magicui-main","reference-style-extraction/inventory/magicui-main/apps/www/content/blog/react-frameworks.mdx","other","35319","568C8C0FF8261E99AF519A8F2504ACF88C64A4C6664913FF95959A93421DE706","NOT VERIFIED","Convert-candidate","low"
"magicui-main","reference-style-extraction/inventory/magicui-main/apps/www/content/blog/react-header.mdx","other","18961","9FF5DD658F0EB2CA9CFFC8B7823A23D1B66C1610328DDBB5DD56113FBA10B178","NOT VERIFIED","Convert-candidate","low"
"magicui-main","reference-style-extraction/inventory/magicui-main/apps/www/content/blog/react-hero-component.mdx","other","23779","236DECD566D0AB690005564486441F5FD05224BCC57D4C246DC33D2DE3DE6455","NOT VERIFIED","Convert-candidate","low"
"magicui-main","reference-style-extraction/inventory/magicui-main/apps/www/content/blog/react-infinite-scroll.mdx","other","24629","D626969ED07CB0BB2162DC5A65D362A737B76D12C8BA3925363D6B84A9C5EB8E","NOT VERIFIED","Convert-candidate","low"
"magicui-main","reference-style-extraction/inventory/magicui-main/apps/www/content/blog/react-js-file-upload.mdx","other","22653","A1F80CC5BF6A05CF6A4C90D653FBA652D240AF5DD169E4F64147AA1C5A9EEA08","NOT VERIFIED","Convert-candidate","low"
"magicui-main","reference-style-extraction/inventory/magicui-main/apps/www/content/blog/react-js-form-validation.mdx","other","23685","BC770D5F9E08CACCE4759A60E77C0F7E243CDA00D638CF1B4BAC2FF61F923694","NOT VERIFIED","Convert-candidate","low"
"magicui-main","reference-style-extraction/inventory/magicui-main/apps/www/content/blog/react-js-navbar.mdx","other","22483","DFB8AFF08DEA2C774DCAF9616D1582325E8C612A506C31FD11D8AF3A5DF34C60","NOT VERIFIED","Convert-candidate","low"
"magicui-main","reference-style-extraction/inventory/magicui-main/apps/www/content/blog/react-js-navigation-bar.mdx","other","23244","EEDECE7D002327934BF00BA4C6856F8A3EE614AFA241B5150D8892167048919C","NOT VERIFIED","Convert-candidate","low"
"magicui-main","reference-style-extraction/inventory/magicui-main/apps/www/content/blog/react-landing-page.mdx","other","32226","2328462C7909A414C3324A38FA3F4C0E3BE0621FCFE6E90A63AE0CD8C8871CF2","NOT VERIFIED","Convert-candidate","low"
"magicui-main","reference-style-extraction/inventory/magicui-main/apps/www/content/blog/react-libraries.mdx","other","29303","DFD116C5BB3707A388081245D8A0FE342B8E3580F5E99D61D294115414595429","NOT VERIFIED","Convert-candidate","low"
"magicui-main","reference-style-extraction/inventory/magicui-main/apps/www/content/blog/react-native-libraries.mdx","other","30321","413E5D9BC718E004578EA156996E8519132DD86B54655750961884EFB345A662","NOT VERIFIED","Convert-candidate","low"
"magicui-main","reference-style-extraction/inventory/magicui-main/apps/www/content/blog/react-portfolio-template.mdx","other","24690","FE113FABCED187929F9ACFBA0F1FE0E02A307199002F3BA99D6EE103B10427CF","NOT VERIFIED","Convert-candidate","low"
"magicui-main","reference-style-extraction/inventory/magicui-main/apps/www/content/blog/react-projects-for-beginners.mdx","other","31344","5AD0C6DFF695488A24250B0DE29850E5EDAC114C3A64B433F7B7DED26D327896","NOT VERIFIED","Convert-candidate","low"
"magicui-main","reference-style-extraction/inventory/magicui-main/apps/www/content/blog/react-tips.mdx","other","15878","E9CB9BB17095738EE983C2B23D4636AB9044C072C74781FB0BFBCA9080963B88","NOT VERIFIED","Convert-candidate","low"
"magicui-main","reference-style-extraction/inventory/magicui-main/apps/www/content/blog/react-ui-framework.mdx","other","29386","2287EC39A351F07F57765DC34F2C1A21272B0A8BBD79B00BD85AC7A8BE5C116F","NOT VERIFIED","Convert-candidate","low"
"magicui-main","reference-style-extraction/inventory/magicui-main/apps/www/content/blog/react-ux.mdx","other","23985","E4FD188E8658883AC758B1FED06A48CDBF31BA93C7DD07A716349DA822024A56","NOT VERIFIED","Convert-candidate","low"
"magicui-main","reference-style-extraction/inventory/magicui-main/apps/www/content/blog/responsive-web-design-templates.mdx","other","29023","D4043F5DC144EFD185C954BAE84277E46B62806A10FA9AFA6D71BF68AED62C8A","NOT VERIFIED","Convert-candidate","low"
"magicui-main","reference-style-extraction/inventory/magicui-main/apps/www/content/blog/saas-landing-page-best-practices.mdx","other","29722","D6D9036BE23DA68AB3D4A42A421B460C3E8729EC35708B5F63D2D2F19795B587","NOT VERIFIED","Convert-candidate","low"
"magicui-main","reference-style-extraction/inventory/magicui-main/apps/www/content/blog/search-input-with-icon.mdx","other","24428","9B40C865C85871981DF78AE7EC0A86F19E6BD925F6C266EDC93D0694E091B201","NOT VERIFIED","Convert-candidate","low"
"magicui-main","reference-style-extraction/inventory/magicui-main/apps/www/content/blog/semantic-ui-vs-material-ui.mdx","other","26704","2175BD1FE2FA2AD15D95DE56FC518F858CA8B4CB75361418216ECBC7E4684998","NOT VERIFIED","Convert-candidate","low"
"magicui-main","reference-style-extraction/inventory/magicui-main/apps/www/content/blog/shadcn-ui.mdx","other","29736","8FB0144DF68739CBEF884DAED186224791D532F9E332009D093030B59AEEB944","NOT VERIFIED","Convert-candidate","low"
"magicui-main","reference-style-extraction/inventory/magicui-main/apps/www/content/blog/sidebar-for-website.mdx","other","29250","90CD66F108759516EF5C69CDEFBA12FCFF9BCCFB037B62250F11FD3E39518650","NOT VERIFIED","Convert-candidate","low"
"magicui-main","reference-style-extraction/inventory/magicui-main/apps/www/content/blog/social-proof-on-website.mdx","other","36214","565A9FDD12003759F109EE15B9CACEF2433C864060B3362905960E7C2ED51E57","NOT VERIFIED","Convert-candidate","low"
"magicui-main","reference-style-extraction/inventory/magicui-main/apps/www/content/blog/startup-landing-page.mdx","other","27745","AB4E1E1A2EF6031F5EC95859252EE0F6CD1921E3AE9C95EDEE29521919D9F20A","NOT VERIFIED","Convert-candidate","low"
"magicui-main","reference-style-extraction/inventory/magicui-main/apps/www/content/blog/tailwind-border-radius.mdx","other","6854","DC5EA61E7D3DB3AC426AAF025501B2C62ADDC4E55972DADFE44EFBB4FCABA119","NOT VERIFIED","Convert-candidate","low"
"magicui-main","reference-style-extraction/inventory/magicui-main/apps/www/content/blog/tailwind-cdn-html.mdx","other","6200","AB2E223787114E9ED22C422D641EC384FAA4C16D9FD7C4E72A13EEF5BAD9CCD4","NOT VERIFIED","Convert-candidate","low"
"magicui-main","reference-style-extraction/inventory/magicui-main/apps/www/content/blog/tailwind-css-button.mdx","other","23990","166DD71C201E4582DE7DBBA3744609B0E23DCAC9C30100B2E817011DD25648F7","NOT VERIFIED","Convert-candidate","low"
"magicui-main","reference-style-extraction/inventory/magicui-main/apps/www/content/blog/tailwind-css-component-library.mdx","other","29857","FB4C4192F8516807191D99F2769562FD650A1DF67B5AA675D8311726B2077654","NOT VERIFIED","Convert-candidate","low"
"magicui-main","reference-style-extraction/inventory/magicui-main/apps/www/content/blog/tailwind-css-grid.mdx","other","7473","5481271782F458EB0CD39285B69F5BA7694D17B041C177C18E8FAA965209F291","NOT VERIFIED","Convert-candidate","low"
"magicui-main","reference-style-extraction/inventory/magicui-main/apps/www/content/blog/tailwind-css-install.mdx","other","24961","84CDB7440A311CD353F2991C49622774772F0AA1DBF4B2986AE5B2BA774CA733","NOT VERIFIED","Convert-candidate","low"
"magicui-main","reference-style-extraction/inventory/magicui-main/apps/www/content/blog/tailwind-css-react.mdx","other","24137","BEB1E896F511FF77DCFEFFA07D69BF079B0BB234AFD9F1A46C21FB659F8B9AC7","NOT VERIFIED","Convert-candidate","low"
"magicui-main","reference-style-extraction/inventory/magicui-main/apps/www/content/blog/tailwind-css-template.mdx","other","31604","C458C8F05A4475A4FAEA072812E2A56C5E972907DAAF52ED02825204EA278808","NOT VERIFIED","Convert-candidate","low"
"magicui-main","reference-style-extraction/inventory/magicui-main/apps/www/content/blog/tailwind-css-templates-free.mdx","other","31178","2F27F059B2A76FD6A6375941AD1F3AD233EAA1D7985D2796ADF2FFDABBA4842F","NOT VERIFIED","Convert-candidate","low"
"magicui-main","reference-style-extraction/inventory/magicui-main/apps/www/content/blog/tailwind-css-themes.mdx","other","29471","72314A7916231B54766D20EE498B22FDA28D4C1081031D5323A6FFC887BD3DDB","NOT VERIFIED","Convert-candidate","low"
"magicui-main","reference-style-extraction/inventory/magicui-main/apps/www/content/blog/tailwind-dark-mode.mdx","other","21237","03DA49F119EF9E500D99763D4B9276C5C7E068E177CBCC9F146F4DD3275776ED","NOT VERIFIED","Convert-candidate","low"
"magicui-main","reference-style-extraction/inventory/magicui-main/apps/www/content/blog/tailwind-font-size.mdx","other","7261","6AA5CE635656B04B64F65A33177E00FAFFB8D1C078C710FDE7769B4256F17FDB","NOT VERIFIED","Convert-candidate","low"
"magicui-main","reference-style-extraction/inventory/magicui-main/apps/www/content/blog/tailwind-landing-page-templates.mdx","other","23575","6F579C535A4032AA715EA3C32CC9242BF2903021996DC297BD0E08E50EB5EB94","NOT VERIFIED","Convert-candidate","low"
"magicui-main","reference-style-extraction/inventory/magicui-main/apps/www/content/blog/tailwind-landing-page.mdx","other","23293","412C5C8759F6A91B6701F612CA3DE9E39DC7EA6D962E76413CD63DE919D476D4","NOT VERIFIED","Convert-candidate","low"
"magicui-main","reference-style-extraction/inventory/magicui-main/apps/www/content/blog/tailwind-portfolio-template.mdx","other","17974","F70F82C0C6A153A082241B9C71859F68B8A1EED5F5EFDE9B9AEFD0E0134E3695","NOT VERIFIED","Convert-candidate","low"
"magicui-main","reference-style-extraction/inventory/magicui-main/apps/www/content/blog/tailwind-vs-bootstrap.mdx","other","25056","2D8D582A351ABDE747D57E89D7468410BF5E45B0D383EA2F32F8146F67416F60","NOT VERIFIED","Convert-candidate","low"
"magicui-main","reference-style-extraction/inventory/magicui-main/apps/www/content/blog/text-animation-css.mdx","other","20017","9D8CFEE691ABB36CF98015D47CD520EAE3940F3351180E04D82E5811E378D540","NOT VERIFIED","Convert-candidate","low"
"magicui-main","reference-style-extraction/inventory/magicui-main/apps/www/content/blog/text-loading-bar.mdx","other","23933","D16A9473A79A2B45D9A1F019CE1C34896F631AF1A5D9A23FB00BD52782E87A29","NOT VERIFIED","Convert-candidate","low"
"magicui-main","reference-style-extraction/inventory/magicui-main/apps/www/content/blog/time-and-date-picker.mdx","other","23614","7849CF3DF37A549AE808F6148F0BBAE393717842BF50AD6F9AA1961C07E10FE1","NOT VERIFIED","Convert-candidate","low"
"magicui-main","reference-style-extraction/inventory/magicui-main/apps/www/content/blog/typescript-vs-javascript-differences.mdx","other","30866","DBD8655176F286FCC23AD747C9CB710C417E18CF1C73EC13B0F27CFB328400D3","NOT VERIFIED","Convert-candidate","low"
"magicui-main","reference-style-extraction/inventory/magicui-main/apps/www/content/blog/ui-animation.mdx","other","25773","E6F4290AF290B18CD139D9C09774573747160A7074FC8817D79C615A0999039E","NOT VERIFIED","Convert-candidate","low"
"magicui-main","reference-style-extraction/inventory/magicui-main/apps/www/content/blog/ui-card-design.mdx","other","23055","D84247BEC21FD36B388A8344400F6617B1F5BEC07F0648A7EEC972165698A0E1","NOT VERIFIED","Convert-candidate","low"
"magicui-main","reference-style-extraction/inventory/magicui-main/apps/www/content/blog/ui-framework-for-react.mdx","other","25082","FBA74B6F10BF01A5F98E193B75035FE5F62F4D67D4285528D430E4E4209B8BE6","NOT VERIFIED","Convert-candidate","low"
"magicui-main","reference-style-extraction/inventory/magicui-main/apps/www/content/blog/ui-frameworks.mdx","other","24695","2843CCCB10EE9C68D02443BFA6FB448C9159804A408D7591F39B4E508654E730","NOT VERIFIED","Convert-candidate","low"
"magicui-main","reference-style-extraction/inventory/magicui-main/apps/www/content/blog/ui-libraries.mdx","other","29184","CFC756F76A219190DC5C1F3AA6AE67BBD0594293F8EA8E87A873920EBB8AA2A7","NOT VERIFIED","Convert-candidate","low"
"magicui-main","reference-style-extraction/inventory/magicui-main/apps/www/content/blog/user-interface-design-patterns.mdx","other","24161","87AFA2211FD027698262C406B547ABAEEB501ADE3391C4BE40832290933BE69A","NOT VERIFIED","Convert-candidate","low"
"magicui-main","reference-style-extraction/inventory/magicui-main/apps/www/content/blog/user-interface-themes.mdx","other","25230","8902D5B07A157FF00F4B2DFB47E354468EE60DD64BE62DEE0A5ED63363CAE57B","NOT VERIFIED","Convert-candidate","low"
"magicui-main","reference-style-extraction/inventory/magicui-main/apps/www/content/blog/visual-hierarchy-in-web-design.mdx","other","29088","64A3921E77ACF9EEA169EDF1BCB0E4167F34994067E02E58F8B4B6C3F1A5327E","NOT VERIFIED","Convert-candidate","low"
"magicui-main","reference-style-extraction/inventory/magicui-main/apps/www/content/blog/waitlist-landing-page.mdx","other","21897","6FD1594C2A4D03D8FB7DB26EFBA20010029F99DCE45045111B8C021ED4E4B869","NOT VERIFIED","Convert-candidate","low"
"magicui-main","reference-style-extraction/inventory/magicui-main/apps/www/content/blog/web-animation-tools.mdx","other","24949","A988BE7BAAF24F9ED133D6B7ADDC9A3538C49F208889405B5034DDB186F2586A","NOT VERIFIED","Convert-candidate","low"
"magicui-main","reference-style-extraction/inventory/magicui-main/apps/www/content/blog/web-application-design.mdx","other","33445","11C7D88DFCFB390400FB7C9E6D9CE1E389597C3EEA88BBCBB8B54EBC0E745F7A","NOT VERIFIED","Convert-candidate","low"
"magicui-main","reference-style-extraction/inventory/magicui-main/apps/www/content/blog/web-design-best-practices.mdx","other","31691","FFE8F43CC58891EFB521A56EA9FBB98819EE326F40C4569F04AF7A3EE8D9B51A","NOT VERIFIED","Convert-candidate","low"
"magicui-main","reference-style-extraction/inventory/magicui-main/apps/www/content/blog/web-design-trends.mdx","other","27159","0F98528BC1F5C4E3AEE58648BE3CE7DA26A00DACF0A4CA814045246EC5206900","NOT VERIFIED","Convert-candidate","low"
"magicui-main","reference-style-extraction/inventory/magicui-main/apps/www/content/blog/website-animation-examples.mdx","other","28336","62DFDF311EBDEE8C4FBD7993847824DA497A6EE5A461600ED8D555720B3C1C74","NOT VERIFIED","Convert-candidate","low"
"magicui-main","reference-style-extraction/inventory/magicui-main/apps/www/content/blog/website-footer.mdx","other","31928","2E7613FAE64A86E62FAAB4DF81B8717533353DBBF81EAB03BC3C7DA54FD09606","NOT VERIFIED","Convert-candidate","low"
"magicui-main","reference-style-extraction/inventory/magicui-main/apps/www/content/blog/website-header-examples.mdx","other","25798","EE5441D356A73CB79E431331D736EB15F8DEA79BB1C28E2D503D1253C7AA72FE","NOT VERIFIED","Convert-candidate","low"
"magicui-main","reference-style-extraction/inventory/magicui-main/apps/www/content/blog/website-logo-examples.mdx","other","41575","E537412C3DCE39B1F579727E8AEE22E0A9719241A12B74A02BE7B0639BDDDFE1","NOT VERIFIED","Convert-candidate","low"
"magicui-main","reference-style-extraction/inventory/magicui-main/apps/www/content/blog/websites-with-great-ui.mdx","other","29709","95DEC783B206DB6CFE9E6E21C62D52BB2BC8CFF5C599D4BB9EB99B5A0DA46763","NOT VERIFIED","Convert-candidate","low"
"magicui-main","reference-style-extraction/inventory/magicui-main/apps/www/content/blog/what-are-ui-components.mdx","other","16996","2549E32138606F009131235A7FEFB7DFD3837A623D721FD2DE636B75E2F133A7","NOT VERIFIED","Convert-candidate","low"
"magicui-main","reference-style-extraction/inventory/magicui-main/apps/www/content/blog/what-is-a-component-library.mdx","other","19625","8A9BB425DF28EFAA2C3104A7785C2B14C7F875EDD5981D9559FDDFA5EDA1F764","NOT VERIFIED","Convert-candidate","low"
"magicui-main","reference-style-extraction/inventory/magicui-main/apps/www/content/blog/what-is-mobile-first-design.mdx","other","23409","F998653382D55B2D54A382E267EDD4A8409FDD8AFA30F3EA7D7346979CEE1D31","NOT VERIFIED","Convert-candidate","low"
"magicui-main","reference-style-extraction/inventory/magicui-main/apps/www/content/blog/what-is-nextjs.mdx","other","22288","A2CC259B11BED86103E20DB542BA67306F3A043510AF06E273174706119235F0","NOT VERIFIED","Convert-candidate","low"
"magicui-main","reference-style-extraction/inventory/magicui-main/apps/www/content/docs/index.mdx","other","1561","07DAE7AFB3BC64D37106EE0E8597B015DCA597AD803E1F501A3BC91820C2B64B","NOT VERIFIED","Convert-candidate","low"
"magicui-main","reference-style-extraction/inventory/magicui-main/apps/www/content/docs/legacy.mdx","other","415","1BE8B614EDB86757ED534EA31CCB1A2CDA765621996BE62397AD5EDA894BAC30","NOT VERIFIED","Convert-candidate","low"
"magicui-main","reference-style-extraction/inventory/magicui-main/apps/www/content/docs/mcp.mdx","other","2167","F98D464C0C60D4AFC464B4684B6C791FBA4BEA1AB8154881D2D167249780DC5C","NOT VERIFIED","Convert-candidate","low"
"magicui-main","reference-style-extraction/inventory/magicui-main/apps/www/content/docs/story.mdx","other","1739","F7BCF852FA2703F6C068997DD69F10595CEC0BE401F41A87B695FF89B045897E","NOT VERIFIED","Convert-candidate","low"
"magicui-main","reference-style-extraction/inventory/magicui-main/apps/www/content/docs/components/android.mdx","other","1387","95235DF6D9A37979D8B7284E5D9DDA864E72EEA88992BEDCEFAC496098110BA6","NOT VERIFIED","Convert-candidate","low"
"magicui-main","reference-style-extraction/inventory/magicui-main/apps/www/content/docs/components/animated-beam.mdx","other","3853","5692F3A32077F7612FB7705ACDCC8BED553EC825F1D91B1D2484C774A13DDF1D","NOT VERIFIED","Convert-candidate","low"
"magicui-main","reference-style-extraction/inventory/magicui-main/apps/www/content/docs/components/animated-circular-progress-bar.mdx","other","1857","FBDA0861CA7C8C71B3435FB1390850C8A7C55563B68D1E264818504A77507312","NOT VERIFIED","Convert-candidate","low"
"magicui-main","reference-style-extraction/inventory/magicui-main/apps/www/content/docs/components/animated-gradient-text.mdx","other","2044","28A2E34692FC0869D8B7774B5087D741EEF69A9D30F59679279A3D302D2D69F4","NOT VERIFIED","Convert-candidate","low"
"magicui-main","reference-style-extraction/inventory/magicui-main/apps/www/content/docs/components/animated-grid-pattern.mdx","other","2066","D6F134BD3B9416D47D7677DB32E1545901D7F0663753AC8996E368136178268E","NOT VERIFIED","Convert-candidate","low"
"magicui-main","reference-style-extraction/inventory/magicui-main/apps/www/content/docs/components/animated-list.mdx","other","1306","3A82F1E8D577B4192F74D8F82B79BA26472E0C37FD9BC77059D84AC17E052614","NOT VERIFIED","Convert-candidate","low"
"magicui-main","reference-style-extraction/inventory/magicui-main/apps/www/content/docs/components/animated-shiny-text.mdx","other","1898","370C350EC857997A51AA69BAA8248C0C5F410408EE2842951AE241E91D245046","NOT VERIFIED","Convert-candidate","low"
"magicui-main","reference-style-extraction/inventory/magicui-main/apps/www/content/docs/components/animated-theme-toggler.mdx","other","4600","1D4359A8D70747B5C98DEA1CE731CB422F48B47BBE89DDC68BD407FB7A885840","NOT VERIFIED","Convert-candidate","low"
"magicui-main","reference-style-extraction/inventory/magicui-main/apps/www/content/docs/components/aurora-text.mdx","other","2454","C04619F4E179C0D35910DF7B058FAD18697A860D4A5DF5A79BCC00401EB0C8E2","NOT VERIFIED","Convert-candidate","low"
"magicui-main","reference-style-extraction/inventory/magicui-main/apps/www/content/docs/components/avatar-circles.mdx","other","1366","FB9F74F792F85F4D0B02B1629AF40B72CD2D27BEBB64EA331E110A6007FD327A","NOT VERIFIED","Convert-candidate","low"
"magicui-main","reference-style-extraction/inventory/magicui-main/apps/www/content/docs/components/backlight.mdx","other","1681","F6C37479777253865AFC921C4945008365B48DF5440508B7C94A051E432F1DCA","NOT VERIFIED","Convert-candidate","low"
"magicui-main","reference-style-extraction/inventory/magicui-main/apps/www/content/docs/components/bento-grid.mdx","other","971","EF5E472E5D8245F7A6B029A75C65726FDBD1033A409B7951C809A59FAC8F579C","NOT VERIFIED","Convert-candidate","low"
"magicui-main","reference-style-extraction/inventory/magicui-main/apps/www/content/docs/components/blur-fade.mdx","other","2497","E8A08233FF48D407AF9870E6E875DCA1F6CB1D7ED04D97A85821295F3E1136CF","NOT VERIFIED","Convert-candidate","low"
"magicui-main","reference-style-extraction/inventory/magicui-main/apps/www/content/docs/components/border-beam.mdx","other","2416","24BFA2490FDD4F3076B386D5789793C141B53CC56120438FDF589ABB5635C107","NOT VERIFIED","Convert-candidate","low"
"magicui-main","reference-style-extraction/inventory/magicui-main/apps/www/content/docs/components/code-comparison.mdx","other","2042","CC217137B26282102A21BC3B278E34912A7E61C54CE2223DFA38F23E52620545","NOT VERIFIED","Convert-candidate","low"
"magicui-main","reference-style-extraction/inventory/magicui-main/apps/www/content/docs/components/comic-text.mdx","other","1514","F7948CE755AE3004D0FD472159FEF117AA53236D480905E1E24C458150B41F3F","NOT VERIFIED","Convert-candidate","low"
"magicui-main","reference-style-extraction/inventory/magicui-main/apps/www/content/docs/components/confetti.mdx","other","5797","ED5A9A0E7B98940B4C5D4E48CA260CEB2067CD66E71891D592182CC20074E753","NOT VERIFIED","Convert-candidate","low"
"magicui-main","reference-style-extraction/inventory/magicui-main/apps/www/content/docs/components/cool-mode.mdx","other","1684","C2E461EBB706CB2C111416EE70059C39D79BE4E73F8B102BC33208FC1A7D3C5B","NOT VERIFIED","Convert-candidate","low"
"magicui-main","reference-style-extraction/inventory/magicui-main/apps/www/content/docs/components/dia-text-reveal.mdx","other","4368","8BA1975CD591EA13EFB31549E8ECE31ED0AC2C0AE307073BF8EEDE815C41F80F","NOT VERIFIED","Convert-candidate","low"
"magicui-main","reference-style-extraction/inventory/magicui-main/apps/www/content/docs/components/dock.mdx","other","3095","11467445B93E24035DE5ACEFAA317A6D33FB077CAD26493920B1327EF6EC5B74","NOT VERIFIED","Convert-candidate","low"
"magicui-main","reference-style-extraction/inventory/magicui-main/apps/www/content/docs/components/dot-pattern.mdx","other","2122","0FE20C5E0A3A59505308D446B5BCC51C3F3E5A7A3AFC1886481668D8E19F9D12","NOT VERIFIED","Convert-candidate","low"
"magicui-main","reference-style-extraction/inventory/magicui-main/apps/www/content/docs/components/dotted-map.mdx","other","4207","719199F3A683710E5F813F1E40FD1FCC6FC7D03D0B842CAB0B9465849E108B05","NOT VERIFIED","Convert-candidate","low"
"magicui-main","reference-style-extraction/inventory/magicui-main/apps/www/content/docs/components/file-tree.mdx","other","5345","6617721BADE26B900ABFFB011A8F68416CDAC67C7C77D0931F2FF85DAA5BD707","NOT VERIFIED","Convert-candidate","low"
"magicui-main","reference-style-extraction/inventory/magicui-main/apps/www/content/docs/components/flickering-grid.mdx","other","1896","D5E7067E173BAC314FA5B7DAAA281178CBAA0A5AFCCB78447F7F7DA51FB5ABC1","NOT VERIFIED","Convert-candidate","low"
"magicui-main","reference-style-extraction/inventory/magicui-main/apps/www/content/docs/components/glare-hover.mdx","other","4880","0E15893BBA47F3EDE2DF5CFCF397718F6B63A1968A121F4077E689D4ED75470A","NOT VERIFIED","Convert-candidate","low"
"magicui-main","reference-style-extraction/inventory/magicui-main/apps/www/content/docs/components/globe.mdx","other","1572","572CF023BC0C86AAFCED35E2E59A39D57156763B0A9B80CA747DA137B597A795","NOT VERIFIED","Convert-candidate","low"
"magicui-main","reference-style-extraction/inventory/magicui-main/apps/www/content/docs/components/grid-pattern.mdx","other","1913","E937A79E4CE5ECBF71E985ADB740EE9DF6EF0320DF59A73B1661AF532747AC11","NOT VERIFIED","Convert-candidate","low"
"magicui-main","reference-style-extraction/inventory/magicui-main/apps/www/content/docs/components/hero-video-dialog.mdx","other","2438","D509C659FE5247EE0E2934282F626080B405E1582BE071A791812B8E5CC7FED6","NOT VERIFIED","Convert-candidate","low"
"magicui-main","reference-style-extraction/inventory/magicui-main/apps/www/content/docs/components/hexagon-pattern.mdx","other","2875","9905202FF0EFD68922D5F6E54959114815269F31EE619D8221556735F1BE4FBA","NOT VERIFIED","Convert-candidate","low"
"magicui-main","reference-style-extraction/inventory/magicui-main/apps/www/content/docs/components/highlighter.mdx","other","3740","FE49344CD715D16B2BB06EBBED2A912196ACBFEB2C421A70E8710E68F8CC9B03","NOT VERIFIED","Convert-candidate","low"
"magicui-main","reference-style-extraction/inventory/magicui-main/apps/www/content/docs/components/hyper-text.mdx","other","2848","CB339C13F7B4126F1E47F93C5453E8FC7B0B8D4ADA3FA9F175DEAEEB72022860","NOT VERIFIED","Convert-candidate","low"
"magicui-main","reference-style-extraction/inventory/magicui-main/apps/www/content/docs/components/icon-cloud.mdx","other","1320","8775F9AB53659835FABAB58BECC29E82292EBF6D8BA2DB82E870E55E18A8EADE","NOT VERIFIED","Convert-candidate","low"
"magicui-main","reference-style-extraction/inventory/magicui-main/apps/www/content/docs/components/index.mdx","other","122","D874BACE9B6F55839B89C399DE7FD199B55AE127F985D633B0425D84954667DC","NOT VERIFIED","Convert-candidate","low"
"magicui-main","reference-style-extraction/inventory/magicui-main/apps/www/content/docs/components/interactive-grid-pattern.mdx","other","2197","A76B15FA5CAE6272612A951EDDD8801D7112D988BB82A07582A09ABF3BADBA8F","NOT VERIFIED","Convert-candidate","low"
"magicui-main","reference-style-extraction/inventory/magicui-main/apps/www/content/docs/components/interactive-hover-button.mdx","other","1519","5A1A512A195096DE5DE3CAFE231C5BB6A5E5A43F22F85D8D5542EC9862FB8B04","NOT VERIFIED","Convert-candidate","low"
"magicui-main","reference-style-extraction/inventory/magicui-main/apps/www/content/docs/components/iphone.mdx","other","2030","12C9176000FE0F6DC0AB7F7C540919E705A15DAF4605302353BC2333C75ACD24","NOT VERIFIED","Convert-candidate","low"
"magicui-main","reference-style-extraction/inventory/magicui-main/apps/www/content/docs/components/kinetic-text.mdx","other","1679","71ECC73CEB437FF503E167B7AC9DFFC3C4D9EBEAA06186BE77DBAB8B07D46269","NOT VERIFIED","Convert-candidate","low"
"magicui-main","reference-style-extraction/inventory/magicui-main/apps/www/content/docs/components/lens.mdx","other","2280","B7787126F9C9B6524CEFDD787E3854E4CD784ACDFE909EFDC383E944EFA925AA","NOT VERIFIED","Convert-candidate","low"
"magicui-main","reference-style-extraction/inventory/magicui-main/apps/www/content/docs/components/light-rays.mdx","other","2197","F3DC4133BCA21A880C8D0171E78F18503379CF5A6DDEE50E520D521C6D8C906B","NOT VERIFIED","Convert-candidate","low"
"magicui-main","reference-style-extraction/inventory/magicui-main/apps/www/content/docs/components/line-shadow-text.mdx","other","2168","0D2B98C05DDB1AF43E2257560AFD003A50B2A5EC24D6A14F5BD1763155729464","NOT VERIFIED","Convert-candidate","low"
"magicui-main","reference-style-extraction/inventory/magicui-main/apps/www/content/docs/components/magic-card.mdx","other","2888","59C436D4E5F1D9522C31045B9DFB697586D91112F77DA51D5C78847CF657A300","NOT VERIFIED","Convert-candidate","low"
"magicui-main","reference-style-extraction/inventory/magicui-main/apps/www/content/docs/components/marquee.mdx","other","2724","74F73BED15731B2833548BE4D3EE0514DD721745FAAA8067F3AC01F256ACB730","NOT VERIFIED","Convert-candidate","low"
"magicui-main","reference-style-extraction/inventory/magicui-main/apps/www/content/docs/components/meteors.mdx","other","2266","97E8F63D369DB6B0F47A5F46BAD1A70CC74A0401D6B02989235DFE8520976743","NOT VERIFIED","Convert-candidate","low"
"magicui-main","reference-style-extraction/inventory/magicui-main/apps/www/content/docs/components/morphing-text.mdx","other","1329","893994EE4646295B964A8D0B2F6829F6B33B02C3D550F6522E507CEACDCA756A","NOT VERIFIED","Convert-candidate","low"
"magicui-main","reference-style-extraction/inventory/magicui-main/apps/www/content/docs/components/neon-gradient-card.mdx","other","2419","A735EBD20CA0AC1C21C2549DCF09501EA628725306F411155DDD60FCC600D203","NOT VERIFIED","Convert-candidate","low"
"magicui-main","reference-style-extraction/inventory/magicui-main/apps/www/content/docs/components/noise-texture.mdx","other","2136","10528E9C268C58702B7B37E28D52437027E0FA48AEDBEF6D128AC9D87BE8EA0D","NOT VERIFIED","Convert-candidate","low"
"magicui-main","reference-style-extraction/inventory/magicui-main/apps/www/content/docs/components/number-ticker.mdx","other","1669","1D8911A3C4D3D4AB06E81676370ED4AD9ADD25A331E9240DF9E00439E491B9B5","NOT VERIFIED","Convert-candidate","low"
"magicui-main","reference-style-extraction/inventory/magicui-main/apps/www/content/docs/components/orbiting-circles.mdx","other","2930","92DC15A1A87A0556ABDE8346081101043D3EE7EA7F4856958C5764B11FB19C44","NOT VERIFIED","Convert-candidate","low"
"magicui-main","reference-style-extraction/inventory/magicui-main/apps/www/content/docs/components/particles.mdx","other","1821","60D82852869055D6D515C1B9843B6F978F91D6CFD3AA3ADA395133F00DD95BDC","NOT VERIFIED","Convert-candidate","low"
"magicui-main","reference-style-extraction/inventory/magicui-main/apps/www/content/docs/components/pixel-image.mdx","other","2824","6253453350E07C462F50BF7C4A1BC4B5085AA75EC6F5D0BD5F39764621D209BD","NOT VERIFIED","Convert-candidate","low"
"magicui-main","reference-style-extraction/inventory/magicui-main/apps/www/content/docs/components/pointer.mdx","other","824","9241F67C380B221C94FB9CC898627DF3CB9F10BA31DD48CF0C080E3BDAECF72B","NOT VERIFIED","Convert-candidate","low"
"magicui-main","reference-style-extraction/inventory/magicui-main/apps/www/content/docs/components/progressive-blur.mdx","other","2069","5B2D8F1D7B85FEEC5F772D11EA4070A7652CF82F8DFDCB3E25C3DE20202E42B8","NOT VERIFIED","Convert-candidate","low"
"magicui-main","reference-style-extraction/inventory/magicui-main/apps/www/content/docs/components/pulsating-button.mdx","other","2932","1F5AD8B8C14767EC5A7784588F4E33AFD957741C603067FF189D568CDC4983A3","NOT VERIFIED","Convert-candidate","low"
"magicui-main","reference-style-extraction/inventory/magicui-main/apps/www/content/docs/components/rainbow-button.mdx","other","2369","54CAE9815A15762215C68491B6BC1830C212636A2A20F937B5F77CF49C873FA3","NOT VERIFIED","Convert-candidate","low"
"magicui-main","reference-style-extraction/inventory/magicui-main/apps/www/content/docs/components/retro-grid.mdx","other","1723","50DEC9E58E82741191320484E99CDC832EE49C601F87B163CD08BD9161548496","NOT VERIFIED","Convert-candidate","low"
"magicui-main","reference-style-extraction/inventory/magicui-main/apps/www/content/docs/components/ripple-button.mdx","other","1973","9EA11E69DC67FDC69C40761043C2E551CCA38FECA4F01BC2948CD1987A340AE0","NOT VERIFIED","Convert-candidate","low"
"magicui-main","reference-style-extraction/inventory/magicui-main/apps/www/content/docs/components/ripple.mdx","other","1828","4C7BDC214872393FCD6442FA38242DE81867C694534099249BCE52ED97CA95FE","NOT VERIFIED","Convert-candidate","low"
"magicui-main","reference-style-extraction/inventory/magicui-main/apps/www/content/docs/components/safari.mdx","other","2463","BA3A4A57C9ED3CCB02028AF34320029C3AE0EA78F1B0CE4CE5FC49350FDAB304","NOT VERIFIED","Convert-candidate","low"
"magicui-main","reference-style-extraction/inventory/magicui-main/apps/www/content/docs/components/scroll-based-velocity.mdx","other","2596","024203B2ACA66E7A8A267487544807AA2FF904F4BDAA1EE870B6ACE68DFBF244","NOT VERIFIED","Convert-candidate","low"
"magicui-main","reference-style-extraction/inventory/magicui-main/apps/www/content/docs/components/scroll-progress.mdx","other","1228","5FC14D06193BA003F09C0F9DD68E047D0239843BF8A3420E9E9C3359A34D6FB2","NOT VERIFIED","Convert-candidate","low"
"magicui-main","reference-style-extraction/inventory/magicui-main/apps/www/content/docs/components/shimmer-button.mdx","other","2756","F4E16F549ED62780258D640A148F8539806AF7C90CA751DFE57F2A2F39EF4DC6","NOT VERIFIED","Convert-candidate","low"
"magicui-main","reference-style-extraction/inventory/magicui-main/apps/www/content/docs/components/shine-border.mdx","other","2303","32D0D0E6A6FD88F7CA0AC7A3135D8ADC1EB06DE9735021021B302D1D58F687FA","NOT VERIFIED","Convert-candidate","low"
"magicui-main","reference-style-extraction/inventory/magicui-main/apps/www/content/docs/components/shiny-button.mdx","other","1350","1C52DB70A36EA2B49282E4AD52C500FA97339E6C87AFAF5CC8FC8710CA093349","NOT VERIFIED","Convert-candidate","low"
"magicui-main","reference-style-extraction/inventory/magicui-main/apps/www/content/docs/components/smooth-cursor.mdx","other","3546","C1A299449CC2DFA3C42FE24F12F341882A4D6D0819E7AB03C75C2BC480FE0B34","NOT VERIFIED","Convert-candidate","low"
"magicui-main","reference-style-extraction/inventory/magicui-main/apps/www/content/docs/components/sparkles-text.mdx","other","1781","3108F8980D9F0F9CFA7C2742CC103C9F542C2B249C164BF84F43EC7F3E8BB695","NOT VERIFIED","Convert-candidate","low"
"magicui-main","reference-style-extraction/inventory/magicui-main/apps/www/content/docs/components/spinning-text.mdx","other","2496","53099C8E59DB9E50644264375FC92BBFAC136924C003364421CD608DF28912C0","NOT VERIFIED","Convert-candidate","low"
"magicui-main","reference-style-extraction/inventory/magicui-main/apps/www/content/docs/components/striped-pattern.mdx","other","1769","62811AAFBF9551032939D8A1A243C58937559E0970E3A420C830F887AC134E13","NOT VERIFIED","Convert-candidate","low"
"magicui-main","reference-style-extraction/inventory/magicui-main/apps/www/content/docs/components/terminal.mdx","other","4495","90816F908CD5CAEA6DE609D276AFEEC50F2643A75965B5C8989697D5026631BB","NOT VERIFIED","Convert-candidate","low"
"magicui-main","reference-style-extraction/inventory/magicui-main/apps/www/content/docs/components/text-3d-flip.mdx","other","3742","47DEB1D06D5976052A732BB79A1EFC642CF6D3535DD89309196BF0CB7E58493A","NOT VERIFIED","Convert-candidate","low"
"magicui-main","reference-style-extraction/inventory/magicui-main/apps/www/content/docs/components/text-animate.mdx","other","4413","B611ECDC57F4C156526D74A0BB2A36844682DCC0EF3C77EC5B25015E48612329","NOT VERIFIED","Convert-candidate","low"
"magicui-main","reference-style-extraction/inventory/magicui-main/apps/www/content/docs/components/text-reveal.mdx","other","931","2542BD4AC2C8ABBBC66CF21F6128B0D1B3A52367FFAB5DFB2298B18F518D1025","NOT VERIFIED","Convert-candidate","low"
"magicui-main","reference-style-extraction/inventory/magicui-main/apps/www/content/docs/components/tweet-card.mdx","other","2199","2AE4903C3540C7535077879809931E26628C82C6BE91F8DD6344174AA226DC6C","NOT VERIFIED","Convert-candidate","low"
"magicui-main","reference-style-extraction/inventory/magicui-main/apps/www/content/docs/components/typing-animation.mdx","other","4522","4AC47FDB001EF90718055CE85B513C670E229BB6BAC3BB9DC735529C33131655","NOT VERIFIED","Convert-candidate","low"
"magicui-main","reference-style-extraction/inventory/magicui-main/apps/www/content/docs/components/video-text.mdx","other","2906","78D37B4DAB6568EA01D79992E5DD5ACD291181F4CA9BD39C2FC6623B04BC917D","NOT VERIFIED","Convert-candidate","low"
"magicui-main","reference-style-extraction/inventory/magicui-main/apps/www/content/docs/components/warp-background.mdx","other","2105","E29F165E62E2B2356822CA015E1B7806784849F708E7CCC668B2020789D08C9B","NOT VERIFIED","Convert-candidate","low"
"magicui-main","reference-style-extraction/inventory/magicui-main/apps/www/content/docs/components/word-rotate.mdx","other","1513","36D802F69C45255EDF99877B751D0484BEC17B8A40452DBBEFC23A8DD133D0CE","NOT VERIFIED","Convert-candidate","low"
"magicui-main","reference-style-extraction/inventory/magicui-main/apps/www/content/docs/installation/index.mdx","other","788","8D9D215265C6593E3AE1534D5DC746C079C9AB31D1BBC85311843220BA6AB8FC","NOT VERIFIED","Convert-candidate","low"
"magicui-main","reference-style-extraction/inventory/magicui-main/apps/www/content/docs/templates/agent.mdx","other","1753","1D82FEA64415748BEDF32A8E89F5020334530429D84F5493C498DC4853F7B979","NOT VERIFIED","Convert-candidate","low"
"magicui-main","reference-style-extraction/inventory/magicui-main/apps/www/content/docs/templates/blog.mdx","other","1041","E57D3708BDEC90584AEABC1E28AA917B80511C51A1F458DC08F2D0897AFE5506","NOT VERIFIED","Convert-candidate","low"
"magicui-main","reference-style-extraction/inventory/magicui-main/apps/www/content/docs/templates/changelog.mdx","other","1082","D014DD0EE5A32606277A8EDCFE614ACA3E67FC21ACD73A46D351FA12C2890C71","NOT VERIFIED","Convert-candidate","low"
"magicui-main","reference-style-extraction/inventory/magicui-main/apps/www/content/docs/templates/codeforge.mdx","other","2065","24149C654D4D048B662722277DF811E3321EE664B334926BA73ABD97DD9BEBA5","NOT VERIFIED","Convert-candidate","low"
"magicui-main","reference-style-extraction/inventory/magicui-main/apps/www/content/docs/templates/devtool.mdx","other","1898","7779388EA8C34CE9012315662135858E23C783130564EFC1E435BAB4B74BEEC9","NOT VERIFIED","Convert-candidate","low"
"magicui-main","reference-style-extraction/inventory/magicui-main/apps/www/content/docs/templates/mobile.mdx","other","1829","0370A9BB078F1C313E8F65EB4B2E02C7FDAA03DB581B3518FC9579D9A0FBB750","NOT VERIFIED","Convert-candidate","low"
"magicui-main","reference-style-extraction/inventory/magicui-main/apps/www/content/docs/templates/portfolio.mdx","other","1032","F5FE4F9E7E83B6FECB8AB141E1950B19A24335749C8E5A6AFDA615E92433312B","NOT VERIFIED","Convert-candidate","low"
"magicui-main","reference-style-extraction/inventory/magicui-main/apps/www/content/docs/templates/saas.mdx","other","1832","428F97A391C6F71C87FFB59612030F6C53D404D64DEE413360AA676F85CE8D7E","NOT VERIFIED","Convert-candidate","low"
"magicui-main","reference-style-extraction/inventory/magicui-main/apps/www/content/docs/templates/startup.mdx","other","1808","993A468470FED47811D0A58BB9A3E3CEE78A0377E0BE106AD48D9955188AF3A6","NOT VERIFIED","Convert-candidate","low"
"magicui-main","reference-style-extraction/inventory/magicui-main/apps/www/content/showcase/anara.mdx","other","203","4544BBAD31F2C0449FFFAAD0AA8762C90E8D0561BC659E5D81193CDA6A41D446","NOT VERIFIED","Convert-candidate","low"
"magicui-main","reference-style-extraction/inventory/magicui-main/apps/www/content/showcase/anisvsc.mdx","other","192","1BB9AB9BC08C582183D1878C5A5D3F52C2EA3ABA6A5340AA3C05D0775937D8B9","NOT VERIFIED","Convert-candidate","low"
"magicui-main","reference-style-extraction/inventory/magicui-main/apps/www/content/showcase/aomni.mdx","other","273","BC0D3D3520D510E4F7B95559E71FD5B3EDBC5104737B4C7A82ED0FDAD4CE530C","NOT VERIFIED","Convert-candidate","low"
"magicui-main","reference-style-extraction/inventory/magicui-main/apps/www/content/showcase/aryankarma.mdx","other","175","B0FB2816BD7C2E0F753AF8C48CCCAB2262519CBA276D9D5263E431125825403B","NOT VERIFIED","Convert-candidate","low"
"magicui-main","reference-style-extraction/inventory/magicui-main/apps/www/content/showcase/cognosys.mdx","other","270","A3A52C080DBBAA9FABD9314EF6F097C4B2CE70ADCBA745BEC71C32D191082107","NOT VERIFIED","Convert-candidate","low"
"magicui-main","reference-style-extraction/inventory/magicui-main/apps/www/content/showcase/elhussary.mdx","other","209","DDF2626B8780AEC9167228EBD562EDD1A13C23538E45988C40C773EC63C11D48","NOT VERIFIED","Convert-candidate","low"
"magicui-main","reference-style-extraction/inventory/magicui-main/apps/www/content/showcase/gitme.mdx","other","285","DB1F567ACF07EBA267FA0FA24D1D419116784159CBA46E60891E016BB427EA21","NOT VERIFIED","Convert-candidate","low"
"magicui-main","reference-style-extraction/inventory/magicui-main/apps/www/content/showcase/guarahooks.mdx","other","294","791AB46E4CA09E722084A515E0EDDFC0CFF3DE762DD5542CB3F579ABAB7EE8D5","NOT VERIFIED","Convert-candidate","low"
"magicui-main","reference-style-extraction/inventory/magicui-main/apps/www/content/showcase/infisical.mdx","other","222","9F8F95FE9360C3BC7B587C074EE3F8B65A56A8200EDD947AF8221834C2CDFDFA","NOT VERIFIED","Convert-candidate","low"
"magicui-main","reference-style-extraction/inventory/magicui-main/apps/www/content/showcase/langfuse.mdx","other","208","9FC5C8CA57886D8F2035B2A9C7575D237D9994BB293626223A94851FC4815103","NOT VERIFIED","Convert-candidate","low"
"magicui-main","reference-style-extraction/inventory/magicui-main/apps/www/content/showcase/llmreport.mdx","other","231","0FA40250A607BC2AA60AE4D0F823EDA366BCF7B1335668B29EB029276AAA264F","NOT VERIFIED","Convert-candidate","low"
"magicui-main","reference-style-extraction/inventory/magicui-main/apps/www/content/showcase/lyra.mdx","other","222","4250E4CAFEC124E67C9C79E21709B234E0F57EC3F250C90D56808AD916B02716","NOT VERIFIED","Convert-candidate","low"
"magicui-main","reference-style-extraction/inventory/magicui-main/apps/www/content/showcase/million.mdx","other","189","F7C7004DC2DC04D45CD1C1B0C53AD91712EB497881FF7253234FDD93E28C4336","NOT VERIFIED","Convert-candidate","low"
"magicui-main","reference-style-extraction/inventory/magicui-main/apps/www/content/showcase/nativeexpress.mdx","other","232","C68D884404E96635E448BA733AB1545D1C5338A2F68D3A3DE6F23A7A7BC520D1","NOT VERIFIED","Convert-candidate","low"
"magicui-main","reference-style-extraction/inventory/magicui-main/apps/www/content/showcase/pulpsense.mdx","other","240","5A16A839ECE02391DBFC4ADEF3B7D60A48DEED579BF1F8A76DE0CABAF9061277","NOT VERIFIED","Convert-candidate","low"
"magicui-main","reference-style-extraction/inventory/magicui-main/apps/www/content/showcase/querylab.mdx","other","203","DE05A963E68DF361FCABDDC415250737D0065400604931E3C0F15B374CE9C627","NOT VERIFIED","Convert-candidate","low"
"magicui-main","reference-style-extraction/inventory/magicui-main/apps/www/content/showcase/roammoon.mdx","other","206","9B55F0BF89733725CBB036362A23531B80976366B18BDB78F341DBB9BF34FB6F","NOT VERIFIED","Convert-candidate","low"
"magicui-main","reference-style-extraction/inventory/magicui-main/apps/www/content/showcase/robot-toast.mdx","other","288","753E246D15EF80E860AE538149A45691C94E1D47C6EA498D2FA9141D46C416F6","NOT VERIFIED","Convert-candidate","low"
"magicui-main","reference-style-extraction/inventory/magicui-main/apps/www/content/showcase/sherpa.mdx","other","209","DBAD48C15877BFE6D01F7EADBD521C3110107997BFE6E6CE09FF9D743632DDD1","NOT VERIFIED","Convert-candidate","low"
"magicui-main","reference-style-extraction/inventory/magicui-main/apps/www/content/showcase/undrstnd.mdx","other","202","6B38D71857B47ECBC1F7C4D5B5E173508E006F1E88EB3CE2D835CC582B0F68F2","NOT VERIFIED","Convert-candidate","low"
"magicui-main","reference-style-extraction/inventory/magicui-main/apps/www/content/showcase/writora.mdx","other","276","E90F98F2ADA7FA015ACD4C90B8EC406501E7D7A26D4E570428FA712A62F52467","NOT VERIFIED","Convert-candidate","low"
"magicui-main","reference-style-extraction/inventory/magicui-main/apps/www/content/showcase/zen-browser.mdx","other","303","E605F7D14F1B9C8AD4840C9E1E80DC6010537B1532F5B003438523FB06996A12","NOT VERIFIED","Convert-candidate","low"
"magicui-main","reference-style-extraction/inventory/magicui-main/apps/www/content/showcase/zzzzshawn.mdx","other","192","6B7B2E8954AED4FB543DC5B06348608D6CB64DAC393AB709074A452514FD1B3D","NOT VERIFIED","Convert-candidate","low"
"magicui-main","reference-style-extraction/inventory/magicui-main/apps/www/hooks/use-config.ts","ts","358","7D442374153DFC5B14461E32A08D06BA9E0A07DDEE61ED35DBC8B91F32B587E6","NOT VERIFIED","Convert-candidate","low"
"magicui-main","reference-style-extraction/inventory/magicui-main/apps/www/hooks/use-copy-to-clipboard.ts","ts","694","ACF5392CCFB493221105FD19DCA63F123594E946F208B7D7A16BF89EBC02C20E","NOT VERIFIED","Convert-candidate","low"
"magicui-main","reference-style-extraction/inventory/magicui-main/apps/www/hooks/use-is-mac.ts","ts","228","AEC1F98F618ED53D1EB3E3098A2807F0C75450ED8C643EEFD2C341985081793F","NOT VERIFIED","Convert-candidate","low"
"magicui-main","reference-style-extraction/inventory/magicui-main/apps/www/hooks/use-meta-color.ts","ts","608","0C42BE103080CA197B2DA14FAAF37F69E805AE2D028A025453160A26B7C2C3D2","NOT VERIFIED","Convert-candidate","low"
"magicui-main","reference-style-extraction/inventory/magicui-main/apps/www/hooks/use-mobile.ts","ts","565","AD0936F84F1DF79D3697BFBFF9C18F8AD58431C1CBAF2359C6A853B0FCC9F28B","NOT VERIFIED","Convert-candidate","low"
"magicui-main","reference-style-extraction/inventory/magicui-main/apps/www/hooks/use-mounted.ts","ts","194","455AE135AB7D0B86B0E6F2A95B2D1798197732E1330AB51597FF92A11011509E","NOT VERIFIED","Convert-candidate","low"
"magicui-main","reference-style-extraction/inventory/magicui-main/apps/www/hooks/use-mutation-observer.ts","ts","505","2956BCEF14DF3B5B78278C026EEF1E53E95DC2725E3F902ACFBEA71F19552515","NOT VERIFIED","Convert-candidate","low"
"magicui-main","reference-style-extraction/inventory/magicui-main/apps/www/lib/docs.ts","ts","1782","C9B0122FAF79D750FD00A83220B62B744729AFA72E23D31B7A031E83EC950149","NOT VERIFIED","Convert-candidate","low"
"magicui-main","reference-style-extraction/inventory/magicui-main/apps/www/lib/events.ts","ts","1012","2ADE06A68459B1D8289AB8BE9B6D3A3E62B0021ACD3616C48A1B2D163CF9F484","NOT VERIFIED","Convert-candidate","low"
"magicui-main","reference-style-extraction/inventory/magicui-main/apps/www/lib/fonts.ts","ts","485","619FC500CCD8DFD6E1F9E3546FAF5CD6AD40004F4AFF7A23CB225BD302B840BA","NOT VERIFIED","Convert-candidate","low"
"magicui-main","reference-style-extraction/inventory/magicui-main/apps/www/lib/github.ts","ts","1983","6978B0CDE8682C76F36025E0FCB9DAF2AF3204F07981F6856B2BED323A8A3037","NOT VERIFIED","Convert-candidate","low"
"magicui-main","reference-style-extraction/inventory/magicui-main/apps/www/lib/highlight-code.ts","ts","2730","EE459D3B64794AA528625B7BEF99F48DE7A6C5F8830D03BD5BE0A3118CB28824","NOT VERIFIED","Convert-candidate","low"
"magicui-main","reference-style-extraction/inventory/magicui-main/apps/www/lib/posthog.ts","ts","1011","AF4510A16D45C2DAD207F1E7E98E8F6337A735B84FD99B1B1F7A04F318C7CCF9","NOT VERIFIED","Convert-candidate","low"
"magicui-main","reference-style-extraction/inventory/magicui-main/apps/www/lib/registry.ts","ts","4974","1F9559213901A379030E8494C9303AABF5F9F89FC3824560CCAE5B2B9392C37B","NOT VERIFIED","Convert-candidate","low"
"magicui-main","reference-style-extraction/inventory/magicui-main/apps/www/lib/rehype-component.ts","ts","4449","7A9F917E262CDD7B72B4CA8CAC7C733CEF9106BFE88CFA1DD0FB2CCC6D48FF7F","NOT VERIFIED","Convert-candidate","low"
"magicui-main","reference-style-extraction/inventory/magicui-main/apps/www/lib/rehype-npm-command.ts","ts","3164","1CDDC5C89E0100A2009550647255E567311F9F00FC49C0B0331D3538364C450C","NOT VERIFIED","Convert-candidate","low"
"magicui-main","reference-style-extraction/inventory/magicui-main/apps/www/lib/source.ts","ts","385","E3B64BC74235EB9C12AF14CD6E7643D57C33B823C0E4C2C4369E783ADF5ACC59","NOT VERIFIED","Convert-candidate","low"
"magicui-main","reference-style-extraction/inventory/magicui-main/apps/www/lib/types.ts","ts","409","FA6F366B49CB9F97A5EE82C377A62DE0F33FD72AB50E606526F8133FC66E17A6","NOT VERIFIED","Convert-candidate","low"
"magicui-main","reference-style-extraction/inventory/magicui-main/apps/www/lib/utils.ts","ts","3805","B835CF1D44F3EEF61523A090D0FEB69E724FCA933F89EB815853D2A856A2DA69","NOT VERIFIED","Convert-candidate","low"
"magicui-main","reference-style-extraction/inventory/magicui-main/apps/www/public/android-chrome-192x192.png","image","23901","9E279FD77584B78359675E8C76AF0674DB5F94A0CD399ACAB19D99F435A501C3","NOT VERIFIED","Convert-candidate","low"
"magicui-main","reference-style-extraction/inventory/magicui-main/apps/www/public/android-chrome-512x512.png","image","130788","87D17FF14F3D442AF52AC4C12DE5E041010E7E5B8A21C884BC502BD7F32F862D","NOT VERIFIED","Convert-candidate","low"
"magicui-main","reference-style-extraction/inventory/magicui-main/apps/www/public/llms-full.txt","other","639598","E31BA6BF67D66F4C4BCD9E59FDFD5ED71257B6C40B88838BD13C23511CC094E3","NOT VERIFIED","Convert-candidate","low"
"magicui-main","reference-style-extraction/inventory/magicui-main/apps/www/public/llms.txt","other","32079","365956DA94E96C05CACB98AABB6DDDE6E252A00B3E872DA311BF9F38C1D8E8E7","NOT VERIFIED","Convert-candidate","low"
"magicui-main","reference-style-extraction/inventory/magicui-main/apps/www/public/mcp.json","json","133","95D5E65604C4CD55B8FB53D7E989DCD1002A00660F7E643DFC6E3A885E6A84C1","NOT VERIFIED","Convert-candidate","low"
"magicui-main","reference-style-extraction/inventory/magicui-main/apps/www/public/pixel-image-demo.jpg","image","900059","48BC7701A1F057ADC7CAB5AAD19BEE180D960720EC903327625E5850D360C48B","NOT VERIFIED","Convert-candidate","low"
"magicui-main","reference-style-extraction/inventory/magicui-main/apps/www/public/placeholder-dark.svg","svg","3252","7D34C14E30327EE861438127703E07CF032BC23BD5B998B6EBEE5715C3312A78","NOT VERIFIED","Convert-candidate","low"
"magicui-main","reference-style-extraction/inventory/magicui-main/apps/www/public/placeholder.svg","svg","3252","39A1B2B070ADE24B80E3A34B0C8261C006E3865728DFE9D5831C30266973720E","NOT VERIFIED","Convert-candidate","low"
"magicui-main","reference-style-extraction/inventory/magicui-main/apps/www/public/registry.json","json","107545","A44BBF92B5B9FF46AEFF72238B5F6BC6321DD18CECD4721D3B0569404FB6794F","NOT VERIFIED","Convert-candidate","low"
"magicui-main","reference-style-extraction/inventory/magicui-main/apps/www/public/site.webmanifest","other","376","E1BF32104155B9A6EDBB904FB80C85E55472B933143586921210A4676B261E3C","NOT VERIFIED","Convert-candidate","low"
"magicui-main","reference-style-extraction/inventory/magicui-main/apps/www/public/r/android-demo-2.json","json","828","F793ED8898CCA5587C048F1B2A84B6FBFE24C4B8CC3527587550C58FBFE82303","NOT VERIFIED","Convert-candidate","low"
"magicui-main","reference-style-extraction/inventory/magicui-main/apps/www/public/r/android-demo-3.json","json","745","570E78A868DB9C534ED056C2F2F6B8709B61F9C36C689711FCEC7F369CA3788E","NOT VERIFIED","Convert-candidate","low"
"magicui-main","reference-style-extraction/inventory/magicui-main/apps/www/public/r/android-demo.json","json","615","D550693E2640A096E4E52D3560333A0677F73D2B5539FD033B04F07E3DAF55CC","NOT VERIFIED","Convert-candidate","low"
"magicui-main","reference-style-extraction/inventory/magicui-main/apps/www/public/r/android.json","json","3345","9F506F0863424F6B33640331801B06AD2B1E739A50FBFE9CEC0564AA6EB4707E","NOT VERIFIED","Convert-candidate","low"
"magicui-main","reference-style-extraction/inventory/magicui-main/apps/www/public/r/animated-beam-bidirectional.json","json","4247","05F56E342D760340EAF7F455E3C5DC488426A8CD2AC3C70E1354F28996F927CF","NOT VERIFIED","Convert-candidate","low"
"magicui-main","reference-style-extraction/inventory/magicui-main/apps/www/public/r/animated-beam-demo.json","json","28604","6BFDCD7A222B4B6B269AC4C2494D87FCA0E9A80600B8B0C846C870156B8306C3","NOT VERIFIED","Convert-candidate","low"
"magicui-main","reference-style-extraction/inventory/magicui-main/apps/www/public/r/animated-beam-multiple-inputs.json","json","28755","731CDB175AA3665E7A64E427448834FD7CFE8E784D73DC9AA688C4A8A695608D","NOT VERIFIED","Convert-candidate","low"
"magicui-main","reference-style-extraction/inventory/magicui-main/apps/www/public/r/animated-beam-multiple-outputs.json","json","28906","26FF98C7C2EFDEA70F46AE2AA14B782139E43702BB126E2BDF85D125C9BD5B3D","NOT VERIFIED","Convert-candidate","low"
"magicui-main","reference-style-extraction/inventory/magicui-main/apps/www/public/r/animated-beam-unidirectional.json","json","3981","AFE1046D6E6BAEE86BA0065BB3FCC8FF977091324AF7C9DE5EACFCDD03E7BD8B","NOT VERIFIED","Convert-candidate","low"
"magicui-main","reference-style-extraction/inventory/magicui-main/apps/www/public/r/animated-beam.json","json","5705","4B68E61EB2CFA71BBF4BFF6EA50665BE6E04DD9168F40B86DE13A406EB49FCEF","NOT VERIFIED","Convert-candidate","low"
"magicui-main","reference-style-extraction/inventory/magicui-main/apps/www/public/r/animated-circular-progress-bar-demo.json","json","1267","1AEF9FDC3950E474CB9B149ACF548A8146B9B7275B5585AD20FFAC22DC54B1D7","NOT VERIFIED","Convert-candidate","low"
"magicui-main","reference-style-extraction/inventory/magicui-main/apps/www/public/r/animated-circular-progress-bar.json","json","4188","604443EF02973DFC2AB2838A065FFA532E5B26B9827A816B1370BDFE2203C33D","NOT VERIFIED","Convert-candidate","low"
"magicui-main","reference-style-extraction/inventory/magicui-main/apps/www/public/r/animated-gradient-text-demo-2.json","json","866","5A26F5F6AD552648C876626A80FEFE86CD11E64F067A5DFB19798601FB40DBE7","NOT VERIFIED","Convert-candidate","low"
"magicui-main","reference-style-extraction/inventory/magicui-main/apps/www/public/r/animated-gradient-text-demo.json","json","1947","4EE8E6FB0F6310C8896AB29DCB929393864E9FD7777FB47B88485ED2DB1EE082","NOT VERIFIED","Convert-candidate","low"
"magicui-main","reference-style-extraction/inventory/magicui-main/apps/www/public/r/animated-gradient-text.json","json","1549","7AD5FFEBC064485FDFEC12B2FC365CFC30FCE09518E52301090475C899C4B0E1","NOT VERIFIED","Convert-candidate","low"
"magicui-main","reference-style-extraction/inventory/magicui-main/apps/www/public/r/animated-grid-pattern-demo.json","json","1123","6E0D23605E91E37D5EBFCC5CA1C0C7E6A1C96D6DD57EF4C1588493928CDCEF1C","NOT VERIFIED","Convert-candidate","low"
"magicui-main","reference-style-extraction/inventory/magicui-main/apps/www/public/r/animated-grid-pattern.json","json","5066","C5D5798B1FEE16A64CEB3C9756A47BB5DDB9948E3D89FD4868B11B02D1FEA410","NOT VERIFIED","Convert-candidate","low"
"magicui-main","reference-style-extraction/inventory/magicui-main/apps/www/public/r/animated-list-demo.json","json","3422","BD5F699BAE21BA1F9038A93C31CFD0A20957BC30F978CDA8F619FA9312D479A1","NOT VERIFIED","Convert-candidate","low"
"magicui-main","reference-style-extraction/inventory/magicui-main/apps/www/public/r/animated-list.json","json","2586","A95AE266E0EDA12B8230724C690818A434D22BAD0A2093A8197417CC997D298B","NOT VERIFIED","Convert-candidate","low"
"magicui-main","reference-style-extraction/inventory/magicui-main/apps/www/public/r/animated-shiny-text-demo.json","json","1531","8F05A5B832B091DD6F9AF5A4C2211A9B5BF104522C2F6919325FCA517E833464","NOT VERIFIED","Convert-candidate","low"
"magicui-main","reference-style-extraction/inventory/magicui-main/apps/www/public/r/animated-shiny-text.json","json","1799","F8F3BF18FC6A4E18DD28C301E9706A2791407F4AE7E236EA53AA9852AA635E91","NOT VERIFIED","Convert-candidate","low"
"magicui-main","reference-style-extraction/inventory/magicui-main/apps/www/public/r/animated-theme-toggler-demo.json","json","725","BB2541F7E7EB805077B00665E565F61B7A010FE90F2DDBCFF17DAD208912F35C","NOT VERIFIED","Convert-candidate","low"
"magicui-main","reference-style-extraction/inventory/magicui-main/apps/www/public/r/animated-theme-toggler-diamond-demo.json","json","775","13E9C86F268A2600962AC1CC4D7175295C0F6785AA8D16D098F464D2562A177B","NOT VERIFIED","Convert-candidate","low"
"magicui-main","reference-style-extraction/inventory/magicui-main/apps/www/public/r/animated-theme-toggler-hexagon-demo.json","json","768","D6C712C761F952AC48AF7847186F7CB80E6E97D37A243D3F2B5231C5DA3A7BC9","NOT VERIFIED","Convert-candidate","low"
"magicui-main","reference-style-extraction/inventory/magicui-main/apps/www/public/r/animated-theme-toggler-next-themes-demo.json","json","1067","5E5A1EE4826DD40E522785C86461689EACF694969D79993B8A59E41DF07DF892","NOT VERIFIED","Convert-candidate","low"
"magicui-main","reference-style-extraction/inventory/magicui-main/apps/www/public/r/animated-theme-toggler-rectangle-demo.json","json","780","2C494B321B52F1F8A8CE1EDC9A02894857CB494FA2750EAB478A9CB2BC5FAD51","NOT VERIFIED","Convert-candidate","low"
"magicui-main","reference-style-extraction/inventory/magicui-main/apps/www/public/r/animated-theme-toggler-square-demo.json","json","762","914194BF715933B333D9E1F9D3836A085545B633D8866506A784670548F968A4","NOT VERIFIED","Convert-candidate","low"
"magicui-main","reference-style-extraction/inventory/magicui-main/apps/www/public/r/animated-theme-toggler-star-demo.json","json","757","55EDA0785253F6B2955EED2F75FE10E889BBB5088C6606429B49A306C84CC8A3","NOT VERIFIED","Convert-candidate","low"
"magicui-main","reference-style-extraction/inventory/magicui-main/apps/www/public/r/animated-theme-toggler-triangle-demo.json","json","774","5C345D3DFCDED8B16C23EFD256F8EC2A6B17FB0C7BC4234E3948CB0EB0B15CFF","NOT VERIFIED","Convert-candidate","low"
"magicui-main","reference-style-extraction/inventory/magicui-main/apps/www/public/r/animated-theme-toggler.json","json","9410","53AF45333E08012A28D1FBAB6815AD6FAE236D32A76809DF4B952DD6D0A7E05A","NOT VERIFIED","Convert-candidate","low"
"magicui-main","reference-style-extraction/inventory/magicui-main/apps/www/public/r/aurora-text-demo.json","json","695","1FE079963B726D9BA82349D4882B902C5C26E111D97B90D01360B9376C555684","NOT VERIFIED","Convert-candidate","low"
"magicui-main","reference-style-extraction/inventory/magicui-main/apps/www/public/r/aurora-text.json","json","2126","22A3F272CB03DFA7803EDC726CDD6A90AD51AA848E0D79B806BC6D5A341DAE0B","NOT VERIFIED","Convert-candidate","low"
"magicui-main","reference-style-extraction/inventory/magicui-main/apps/www/public/r/avatar-circles-demo.json","json","1443","346E6EC588D4045A6D5E728BC0D621371A93C762077963F9DDC3CAB6B066AD71","NOT VERIFIED","Convert-candidate","low"
"magicui-main","reference-style-extraction/inventory/magicui-main/apps/www/public/r/avatar-circles.json","json","1611","806888AF495955061C6389046A4AEDB2D14405116B2441FF2C03A4E4FB50C304","NOT VERIFIED","Convert-candidate","low"
"magicui-main","reference-style-extraction/inventory/magicui-main/apps/www/public/r/backlight-image-demo.json","json","933","EB2081B1CB3261C36F4FF21793CAA72A21AD8BAFB48FE85CE3D66C35B32D8F68","NOT VERIFIED","Convert-candidate","low"
"magicui-main","reference-style-extraction/inventory/magicui-main/apps/www/public/r/backlight-svg-demo.json","json","7620","FB300839E3652EAA9F6A73DF0FBFB0C2C3D88259D310D6B5E49B70D78CDDC940","NOT VERIFIED","Convert-candidate","low"
"magicui-main","reference-style-extraction/inventory/magicui-main/apps/www/public/r/backlight-video-demo.json","json","999","22F806C0624460A62843AE30B0DA89E825BC8BD42B20A4B6EA6605F95E37724F","NOT VERIFIED","Convert-candidate","low"
"magicui-main","reference-style-extraction/inventory/magicui-main/apps/www/public/r/backlight.json","json","1291","E2E48A5EE95AA73A8216E23D9A7FBA9AA2DF7EB07029512832450DF834F98AA0","NOT VERIFIED","Convert-candidate","low"
"magicui-main","reference-style-extraction/inventory/magicui-main/apps/www/public/r/bento-demo-vertical.json","json","2734","13543D53508601FABEE469C822CC64E5CB91E9A4D3554B27EBDFA8D67FAFAEFF","NOT VERIFIED","Convert-candidate","low"
"magicui-main","reference-style-extraction/inventory/magicui-main/apps/www/public/r/bento-demo.json","json","5202","6C2C07471B9C2D71E62322C75705BC94F7A395FF453FE80C756277CE9B5C9CE7","NOT VERIFIED","Convert-candidate","low"
"magicui-main","reference-style-extraction/inventory/magicui-main/apps/www/public/r/bento-grid.json","json","3849","F43018C50FBC37F00856E3D2B5934AF9BB56276D841151987A376B8CAAF8C9EA","NOT VERIFIED","Convert-candidate","low"
"magicui-main","reference-style-extraction/inventory/magicui-main/apps/www/public/r/blur-fade-demo.json","json","1235","F4B1D91F593D5969B80B9AF4D19DCDCA26601EC62EDBAA1C534355DFF8CBFA38","NOT VERIFIED","Convert-candidate","low"
"magicui-main","reference-style-extraction/inventory/magicui-main/apps/www/public/r/blur-fade-text-demo.json","json","998","DFFF988EBFDDD3498EE3405F3D763C0385C1DC66599B09FDB9051D1F710B666C","NOT VERIFIED","Convert-candidate","low"
"magicui-main","reference-style-extraction/inventory/magicui-main/apps/www/public/r/blur-fade.json","json","2765","5161E38F05B5898EE42892DAA9C133688F528B20817BB4C62AE79F68967A88BA","NOT VERIFIED","Convert-candidate","low"
"magicui-main","reference-style-extraction/inventory/magicui-main/apps/www/public/r/border-beam-demo-2.json","json","2420","011A56CAED3AAA4D65C60245FF09A432C1DED5809C281440605A66DECB41DE29","NOT VERIFIED","Convert-candidate","low"
"magicui-main","reference-style-extraction/inventory/magicui-main/apps/www/public/r/border-beam-demo-3.json","json","2148","A3D5D8FD964211B118BF5E895DF894FF204AE90B2D5DC231B506F5FF60181358","NOT VERIFIED","Convert-candidate","low"
"magicui-main","reference-style-extraction/inventory/magicui-main/apps/www/public/r/border-beam-demo-4.json","json","994","35B3EEA5D5F17E9D0A7CEDE814D16F04D64712909FD2DD2718943AE193D8E1D1","NOT VERIFIED","Convert-candidate","low"
"magicui-main","reference-style-extraction/inventory/magicui-main/apps/www/public/r/border-beam-demo.json","json","1979","B5A8B8D56736AD1CE51147A2F302F04C2963698CADA1AFEEF24D197BF318E4F1","NOT VERIFIED","Convert-candidate","low"
"magicui-main","reference-style-extraction/inventory/magicui-main/apps/www/public/r/border-beam.json","json","2987","C45B9A0DC7CCAE7B44B06E378FAF6B19FB6EBDF747C6D746D15AF01688E6D6F6","NOT VERIFIED","Convert-candidate","low"
"magicui-main","reference-style-extraction/inventory/magicui-main/apps/www/public/r/client-tweet-card.json","json","1158","F3403E12536BC9A58018210D3FADE6EE6048BFEC77A067699D0B06FFAF167D0F","NOT VERIFIED","Convert-candidate","low"
"magicui-main","reference-style-extraction/inventory/magicui-main/apps/www/public/r/code-comparison-demo.json","json","2448","D1850C97D26CE1429529E3A54755B4E8C3A3A08B624DC80A84814DA7B588B448","NOT VERIFIED","Convert-candidate","low"
"magicui-main","reference-style-extraction/inventory/magicui-main/apps/www/public/r/code-comparison.json","json","6909","9FCDA01FE0775681D5FDE5FBE1C1317D02704DDAB70DB975EEBB50D6E7246791","NOT VERIFIED","Convert-candidate","low"
"magicui-main","reference-style-extraction/inventory/magicui-main/apps/www/public/r/comic-text-demo.json","json","644","EFE0D00D56C361538C492943591E3731DDA7A5F23E66A81A0C6D5848AC80C5D0","NOT VERIFIED","Convert-candidate","low"
"magicui-main","reference-style-extraction/inventory/magicui-main/apps/www/public/r/comic-text.json","json","2032","05E19B2DAC4BA501ECEE79C3EE923460F5B1B98FA3488F21D5AA2E40E679F0A8","NOT VERIFIED","Convert-candidate","low"
"magicui-main","reference-style-extraction/inventory/magicui-main/apps/www/public/r/confetti-basic-cannon.json","json","671","BBC10BBCACEFB56FFE96973769F16149FAB445FDD5561B3AA0BAC43D7D11AA3D","NOT VERIFIED","Convert-candidate","low"
"magicui-main","reference-style-extraction/inventory/magicui-main/apps/www/public/r/confetti-custom-shapes.json","json","1830","3FCD2BFC3C8282BA03DE64FEED96A3585B78100D3B57F4DB7C755938FF3A81A5","NOT VERIFIED","Convert-candidate","low"
"magicui-main","reference-style-extraction/inventory/magicui-main/apps/www/public/r/confetti-demo.json","json","1272","58A4EFA7921D9D10187C4504C8ABA2CD49D45C2166ADC0235F8BCDDA431BB2D7","NOT VERIFIED","Convert-candidate","low"
"magicui-main","reference-style-extraction/inventory/magicui-main/apps/www/public/r/confetti-emoji.json","json","1439","9AD4ED0E68C734219688C66A2415F879D9BFB9E6BFA01B5745C5853BEBDBD825","NOT VERIFIED","Convert-candidate","low"
"magicui-main","reference-style-extraction/inventory/magicui-main/apps/www/public/r/confetti-fireworks.json","json","1564","2190BC5B42C57D457A347CD4614E19F2C64C8B9F92169D8FC6D6F879D712C372","NOT VERIFIED","Convert-candidate","low"
"magicui-main","reference-style-extraction/inventory/magicui-main/apps/www/public/r/confetti-random-direction.json","json","827","0F0E48A132F07F5A073C7E5CD53F51C8EB1F074E91ACC840D9255FB6A75111F4","NOT VERIFIED","Convert-candidate","low"
"magicui-main","reference-style-extraction/inventory/magicui-main/apps/www/public/r/confetti-side-cannons.json","json","1391","01FDE3EC51CC4B18FFE649A3A56848099B1382B14AECE1CAF1FCD7E079DDCB7C","NOT VERIFIED","Convert-candidate","low"
"magicui-main","reference-style-extraction/inventory/magicui-main/apps/www/public/r/confetti-stars.json","json","1336","8453ECC9508A099C4D7554801F5645BD1A5D9F69C19C4FAB04D7DDBE725473BB","NOT VERIFIED","Convert-candidate","low"
"magicui-main","reference-style-extraction/inventory/magicui-main/apps/www/public/r/confetti.json","json","3974","BBEB308993E34A6ED679ECB0D89CC2DFFAFC5BED28F94F0EE1769E45EE45EFDC","NOT VERIFIED","Convert-candidate","low"
"magicui-main","reference-style-extraction/inventory/magicui-main/apps/www/public/r/cool-mode-custom.json","json","845","71981E7B663E11CE9B5E69C7919EDDFDA2A93C1BBBC6E2A2230102E7FD3E0310","NOT VERIFIED","Convert-candidate","low"
"magicui-main","reference-style-extraction/inventory/magicui-main/apps/www/public/r/cool-mode-demo.json","json","732","E688BCF3F42D5109777E99D73BF5BCB59641D5D698D9DA8BBE049B28B72EC7EE","NOT VERIFIED","Convert-candidate","low"
"magicui-main","reference-style-extraction/inventory/magicui-main/apps/www/public/r/cool-mode.json","json","8395","00D1E7085CB9E2F51954AFE99B021C8C5B375E9858FA30AA6395089E89846675","NOT VERIFIED","Convert-candidate","low"
"magicui-main","reference-style-extraction/inventory/magicui-main/apps/www/public/r/dia-text-reveal-demo-2.json","json","883","F809CDA3744C71FA4938DF27A3800E278B33299A3B62772B9F0C75ED4DAE7EEC","NOT VERIFIED","Convert-candidate","low"
"magicui-main","reference-style-extraction/inventory/magicui-main/apps/www/public/r/dia-text-reveal-demo-3.json","json","966","716E2FCE6EED7B0307F579D74150E41EE9367CEFBB46BFD3CE1DADC7FE0D820E","NOT VERIFIED","Convert-candidate","low"
"magicui-main","reference-style-extraction/inventory/magicui-main/apps/www/public/r/dia-text-reveal-demo-4.json","json","929","26C7036E0CF62E815DB331B78D52EE218108C7F3794A47C094EA413681F99FF5","NOT VERIFIED","Convert-candidate","low"
"magicui-main","reference-style-extraction/inventory/magicui-main/apps/www/public/r/dia-text-reveal-demo.json","json","851","D578D60D72D7318C76183669815603CFA2C13620A83C71A24648681C222DFE51","NOT VERIFIED","Convert-candidate","low"
"magicui-main","reference-style-extraction/inventory/magicui-main/apps/www/public/r/dia-text-reveal.json","json","7692","6870C1F3731E9D72B801CABA5CF6F53F1FF31E19EB8DA968C20CE69DAC8B26E8","NOT VERIFIED","Convert-candidate","low"
"magicui-main","reference-style-extraction/inventory/magicui-main/apps/www/public/r/dock-demo-2.json","json","9341","C2D8E611882AB9EE0D8A4B3496DB6EF36A19E4642A325D90919798E406F4C2F3","NOT VERIFIED","Convert-candidate","low"
"magicui-main","reference-style-extraction/inventory/magicui-main/apps/www/public/r/dock-demo-3.json","json","9545","CD027648E099D0ACA1EF2A4C0AC936A2AC9F2C70A114AB5CF08D58A84BC60F56","NOT VERIFIED","Convert-candidate","low"
"magicui-main","reference-style-extraction/inventory/magicui-main/apps/www/public/r/dock-demo.json","json","7869","8DB1A37704B441840C91BFEC70B8E352EE4D2A9C8883190C2A09C2211043608F","NOT VERIFIED","Convert-candidate","low"
"magicui-main","reference-style-extraction/inventory/magicui-main/apps/www/public/r/dock.json","json","4545","78507C8440E7A84B79632213746AC969851362D26D1010859B2142E3F83E4A2D","NOT VERIFIED","Convert-candidate","low"
"magicui-main","reference-style-extraction/inventory/magicui-main/apps/www/public/r/dot-pattern-demo.json","json","920","A02C973130B823D66F762DAA517A28E5B3D6D990E23767CD7FDDB95C0149D0AF","NOT VERIFIED","Convert-candidate","low"
"magicui-main","reference-style-extraction/inventory/magicui-main/apps/www/public/r/dot-pattern-linear-gradient.json","json","1049","7688019D4B9139C681CB17B73E5E001661EA3D4F7B24FDAAF2FF6FDC03C45741","NOT VERIFIED","Convert-candidate","low"
"magicui-main","reference-style-extraction/inventory/magicui-main/apps/www/public/r/dot-pattern-with-glow-effect.json","json","949","ABABA5D4BB9EEC4FD1E2CC6718232FDABA67ADAA99CD0AA3A8D9FE0EB8FADA75","NOT VERIFIED","Convert-candidate","low"
"magicui-main","reference-style-extraction/inventory/magicui-main/apps/www/public/r/dot-pattern.json","json","4818","FF4F9D159CC8E681B74C94F2A673C47FAA411E59C7E9424E4987BA08F61E9757","NOT VERIFIED","Convert-candidate","low"
"magicui-main","reference-style-extraction/inventory/magicui-main/apps/www/public/r/dotted-map-demo-2.json","json","664","41741053247B151FB59AC210529F1AC9C7D499D740CDEF7B01E1A442351454E6","NOT VERIFIED","Convert-candidate","low"
"magicui-main","reference-style-extraction/inventory/magicui-main/apps/www/public/r/dotted-map-demo-3.json","json","1034","15387F1B9DF3A9A323CC0846A1E66A485904B9DF02FB93DBD060A4F8853F1FC4","NOT VERIFIED","Convert-candidate","low"
"magicui-main","reference-style-extraction/inventory/magicui-main/apps/www/public/r/dotted-map-demo.json","json","3031","DE6A41CE8BABF5DE6CC310A4F75AD95B9C6E4B7B44160ED75519FBAB0803287F","NOT VERIFIED","Convert-candidate","low"
"magicui-main","reference-style-extraction/inventory/magicui-main/apps/www/public/r/dotted-map.json","json","5583","7AFFE4EAC50541F73239EC35886CD0418B1BB61B77566AA25C04A0358DFE5CE4","NOT VERIFIED","Convert-candidate","low"
"magicui-main","reference-style-extraction/inventory/magicui-main/apps/www/public/r/file-tree-demo.json","json","2614","2A6C0F5EB5CC9F947B7751558285EFBC7D5EC171CF9E7633AF459A024B4E42C2","NOT VERIFIED","Convert-candidate","low"
"magicui-main","reference-style-extraction/inventory/magicui-main/apps/www/public/r/file-tree.json","json","13556","EE903F1FD3449F1DB00FF04BAFEFD1FF2EAB885DABA6864E9F8059D1D8B9AEC6","NOT VERIFIED","Convert-candidate","low"
"magicui-main","reference-style-extraction/inventory/magicui-main/apps/www/public/r/flickering-grid-demo.json","json","947","C28FAAF2E9B4C58FC4D56B455B63636BC9A5AB82DC0FC1ADA6C9C545D8B48ED8","NOT VERIFIED","Convert-candidate","low"
"magicui-main","reference-style-extraction/inventory/magicui-main/apps/www/public/r/flickering-grid-rounded-demo.json","json","1063","0B02FAD8BD8F1AA80301D7AC3C7023815F9CD293F40BE0DE93D310F0CF4AA934","NOT VERIFIED","Convert-candidate","low"
"magicui-main","reference-style-extraction/inventory/magicui-main/apps/www/public/r/flickering-grid.json","json","6070","F79B5E0DA3E8C48C2A9CA427823F724C449BE3508618868960FEAD7C7F4DC19C","NOT VERIFIED","Convert-candidate","low"
"magicui-main","reference-style-extraction/inventory/magicui-main/apps/www/public/r/glare-hover-demo-alert.json","json","2182","BA10BEE48CB48D00EC0A72635CB1AAB08656ADA328ED5BAF9471D2150E64A424","NOT VERIFIED","Convert-candidate","low"
"magicui-main","reference-style-extraction/inventory/magicui-main/apps/www/public/r/glare-hover-demo-cta.json","json","1545","ED068AF0E6E6D1F730D6D2838B2C46758578C013040ECCA18C4C9F3B6E447501","NOT VERIFIED","Convert-candidate","low"
"magicui-main","reference-style-extraction/inventory/magicui-main/apps/www/public/r/glare-hover-demo.json","json","2698","D23A8D37CEDE3B22F7B4CCD42070F42B12726CC3DAF9DD95CCFA5D60113332CB","NOT VERIFIED","Convert-candidate","low"
"magicui-main","reference-style-extraction/inventory/magicui-main/apps/www/public/r/glare-hover.json","json","4778","8CFDCEA8EC3A60A3E089B347161F8350EA7E1B8F0405FA01288FB3D46511E4A8","NOT VERIFIED","Convert-candidate","low"
"magicui-main","reference-style-extraction/inventory/magicui-main/apps/www/public/r/globe-demo.json","json","1137","C203C783CB0F8956140204C37C03DCA2FD70ECB5E8BC347ACCF31473ABA5D3B1","NOT VERIFIED","Convert-candidate","low"
"magicui-main","reference-style-extraction/inventory/magicui-main/apps/www/public/r/globe.json","json","4064","24095B50F517FBF4F9E466B6DC2A5200C7D2D22F3068B15D9A5281A4B6899891","NOT VERIFIED","Convert-candidate","low"
"magicui-main","reference-style-extraction/inventory/magicui-main/apps/www/public/r/grid-pattern-dashed.json","json","1015","D0F754B0AE05ECE5755E1D1AF79517FB56785F1979FB017FB661C29B0C65043E","NOT VERIFIED","Convert-candidate","low"
"magicui-main","reference-style-extraction/inventory/magicui-main/apps/www/public/r/grid-pattern-demo.json","json","1263","775C6A0E1AD0383DEC647264CB49DEA2E0CDBDCDF92434370795A66CBBE12B16","NOT VERIFIED","Convert-candidate","low"
"magicui-main","reference-style-extraction/inventory/magicui-main/apps/www/public/r/grid-pattern-linear-gradient.json","json","1042","930B2A6CB873B87389C8C73DAF5F9D9FFE27179F276D8A7F6729CF6F949FE031","NOT VERIFIED","Convert-candidate","low"
"magicui-main","reference-style-extraction/inventory/magicui-main/apps/www/public/r/grid-pattern.json","json","2004","87B67223033CA97EE464F34CF4BAFE12EE699EC583616B42F9249DE1D8B7B0AA","NOT VERIFIED","Convert-candidate","low"
"magicui-main","reference-style-extraction/inventory/magicui-main/apps/www/public/r/hero-video-dialog-demo-top-in-bottom-out.json","json","1376","DD07D612F4960FF56C088B07DA1F26901F9A3446A7E7A9A416DFE3903C75BDE2","NOT VERIFIED","Convert-candidate","low"
"magicui-main","reference-style-extraction/inventory/magicui-main/apps/www/public/r/hero-video-dialog-demo.json","json","1273","2EC24D1EBC30A771866F882DA31AA263D47D00693756A588CF715E78783D1AF9","NOT VERIFIED","Convert-candidate","low"
"magicui-main","reference-style-extraction/inventory/magicui-main/apps/www/public/r/hero-video-dialog.json","json","5607","1E47B6DD98BBADD8EE4035C594266315A57B7DBC22E1DF6BFBD78A47E04CB2E3","NOT VERIFIED","Convert-candidate","low"
"magicui-main","reference-style-extraction/inventory/magicui-main/apps/www/public/r/hexagon-pattern-dashed.json","json","826","E82DADF93C8F8F76AC9B4608C38DBEEB2F9A5241ACABAD301AAD4358482F7B93","NOT VERIFIED","Convert-candidate","low"
"magicui-main","reference-style-extraction/inventory/magicui-main/apps/www/public/r/hexagon-pattern-demo.json","json","1189","13AF382864D87866DF1A4529345E341E73CD81F2C2BE4C11EDC614CB068B8D81","NOT VERIFIED","Convert-candidate","low"
"magicui-main","reference-style-extraction/inventory/magicui-main/apps/www/public/r/hexagon-pattern-linear-gradient.json","json","1056","0E0C2F94DD695E445CB2B920B68532DD3BCF0650437D5DD2B41162136854D072","NOT VERIFIED","Convert-candidate","low"
"magicui-main","reference-style-extraction/inventory/magicui-main/apps/www/public/r/hexagon-pattern-spacing.json","json","841","8284539CCF967B4C2CB991153BF167ECF68164023903E01BD8295FD84F04F149","NOT VERIFIED","Convert-candidate","low"
"magicui-main","reference-style-extraction/inventory/magicui-main/apps/www/public/r/hexagon-pattern.json","json","9174","642E07CC3C12E8B167FCF7BD468B0B3B235B103BC3612578CD34E386A94D1333","NOT VERIFIED","Convert-candidate","low"
"magicui-main","reference-style-extraction/inventory/magicui-main/apps/www/public/r/highlighter-demo.json","json","3492","EF7017E428AD9120D558B6749682C21B0A20A4FB23124EC429E808C65AC7C637","NOT VERIFIED","Convert-candidate","low"
"magicui-main","reference-style-extraction/inventory/magicui-main/apps/www/public/r/highlighter.json","json","2775","3D9344CC4450C3FDDE2044B70BE19AC238128F44215259027811185659544A15","NOT VERIFIED","Convert-candidate","low"
"magicui-main","reference-style-extraction/inventory/magicui-main/apps/www/public/r/hyper-text-demo.json","json","580","BE027FC1E971D0334E7E138D2570327AB0998F3BF26D363D30812FA5B8FC1F78","NOT VERIFIED","Convert-candidate","low"
"magicui-main","reference-style-extraction/inventory/magicui-main/apps/www/public/r/hyper-text.json","json","5335","154F3AFD5E33135D3CF61F5FD618EC0B0109DB98492E4E9C046832D65FC3E82A","NOT VERIFIED","Convert-candidate","low"
"magicui-main","reference-style-extraction/inventory/magicui-main/apps/www/public/r/icon-cloud-demo-2.json","json","3442","DA2C01491F8ADF1D888C8B9E8F9473B2FBDFF7E26400E187ED99349C17488FFA","NOT VERIFIED","Convert-candidate","low"
"magicui-main","reference-style-extraction/inventory/magicui-main/apps/www/public/r/icon-cloud-demo-3.json","json","11837","2327C3B98BCE516FF21D287C59D21E750833AE2281D0F4369220F3127DBDE2F8","NOT VERIFIED","Convert-candidate","low"
"magicui-main","reference-style-extraction/inventory/magicui-main/apps/www/public/r/icon-cloud-demo.json","json","1293","D3CABE86B41E17E5CDCFC54B0D131A434EC80CC300ADE1B6768615562081BDFB","NOT VERIFIED","Convert-candidate","low"
"magicui-main","reference-style-extraction/inventory/magicui-main/apps/www/public/r/icon-cloud.json","json","10340","DC3BFAAA00042637CD0375C16E80C26BBD908704A740BC647F04449D6E192ABA","NOT VERIFIED","Convert-candidate","low"
"magicui-main","reference-style-extraction/inventory/magicui-main/apps/www/public/r/index.json","json","315","81F91737F677F2845320BB67FEF4BEA117BAC28DBB1404D5279FDCC3C7B97D3C","NOT VERIFIED","Convert-candidate","low"
"magicui-main","reference-style-extraction/inventory/magicui-main/apps/www/public/r/interactive-grid-pattern-demo-2.json","json","1152","39E6CFFC4FFC3DD8C7658E755558C58C3FF42C19C2BDFD593ADE4C9798552FB2","NOT VERIFIED","Convert-candidate","low"
"magicui-main","reference-style-extraction/inventory/magicui-main/apps/www/public/r/interactive-grid-pattern-demo.json","json","1080","AABC8D72777D3A4F1DDF1BBF1E7D6CCD470A25F4206D97D28EC7D3678B68FC41","NOT VERIFIED","Convert-candidate","low"
"magicui-main","reference-style-extraction/inventory/magicui-main/apps/www/public/r/interactive-grid-pattern.json","json","2694","160C6432C904E4D1F4213781FF4B152B7A9658408853366F9E81514300239A9C","NOT VERIFIED","Convert-candidate","low"
"magicui-main","reference-style-extraction/inventory/magicui-main/apps/www/public/r/interactive-hover-button-demo.json","json","703","0031CA51D21F87E6A54407AFD7997438B7D19750A5B5B27135514448B20C767A","NOT VERIFIED","Convert-candidate","low"
"magicui-main","reference-style-extraction/inventory/magicui-main/apps/www/public/r/interactive-hover-button.json","json","1409","97CAE7D013DB9D179F2D3B6F47C4785BE913D42368A995AE2E0573335FC11260","NOT VERIFIED","Convert-candidate","low"
"magicui-main","reference-style-extraction/inventory/magicui-main/apps/www/public/r/iphone-demo-2.json","json","633","D06DDDA035C76DC7E7CA9CCFCD11A02DE32799CD96C6D5A7609DE9505F89AD50","NOT VERIFIED","Convert-candidate","low"
"magicui-main","reference-style-extraction/inventory/magicui-main/apps/www/public/r/iphone-demo-3.json","json","668","34A5258D0C35782D9CD8A92D38B5B5AE9AEDA33F83D3855963AFD52CD091C7F2","NOT VERIFIED","Convert-candidate","low"
"magicui-main","reference-style-extraction/inventory/magicui-main/apps/www/public/r/iphone-demo.json","json","565","A1D817C7F8DD619AD4686BDE5CAD25AAC443E946010D13117B8FD745116921F7","NOT VERIFIED","Convert-candidate","low"
"magicui-main","reference-style-extraction/inventory/magicui-main/apps/www/public/r/iphone.json","json","6442","A17629AAF59E2A9AE61A19EB534D086C61318AC193D6A5EEC72FFCC780CBA8CC","NOT VERIFIED","Convert-candidate","low"
"magicui-main","reference-style-extraction/inventory/magicui-main/apps/www/public/r/kinetic-text-demo.json","json","718","F19594A8F7D32E75061FA7CDB052C5828FD76C23AFEEDBBCAC8F13EE82891C7A","NOT VERIFIED","Convert-candidate","low"
"magicui-main","reference-style-extraction/inventory/magicui-main/apps/www/public/r/kinetic-text.json","json","2025","122915CF9E5C6C2BF9504DDC61EB8CC3FB507E4FCE96D0F1DCCA1C0639E38195","NOT VERIFIED","Convert-candidate","low"
"magicui-main","reference-style-extraction/inventory/magicui-main/apps/www/public/r/lens-demo-2.json","json","1653","3CB53A447BAF911E7304A3CB2C43EF6F9D0BD9DBC6D3DC94DAA859572BBC64B1","NOT VERIFIED","Convert-candidate","low"
"magicui-main","reference-style-extraction/inventory/magicui-main/apps/www/public/r/lens-demo-3.json","json","1650","EB04273B3F4BFAB765AA4C7B4CEDAACA9C3966375902DE57CE1255D90750DC52","NOT VERIFIED","Convert-candidate","low"
"magicui-main","reference-style-extraction/inventory/magicui-main/apps/www/public/r/lens-demo.json","json","1744","CCE462DDDF1D4BB0C385E766D5F8E29AC052AC639426AE4C1FE1BB6222B2B8B6","NOT VERIFIED","Convert-candidate","low"
"magicui-main","reference-style-extraction/inventory/magicui-main/apps/www/public/r/lens.json","json","4106","C74B03B6602BEEEFB130200D862FB15023FD688849587D9DBBBD864DEEFA3AB5","NOT VERIFIED","Convert-candidate","low"
"magicui-main","reference-style-extraction/inventory/magicui-main/apps/www/public/r/light-rays-demo.json","json","1299","1A5315BA2B61176C50593DBF253F4ACC1E02C01082DA010822F7BF394CAE8BF3","NOT VERIFIED","Convert-candidate","low"
"magicui-main","reference-style-extraction/inventory/magicui-main/apps/www/public/r/light-rays.json","json","4261","EA7C8FD7DE5333BD6EDC6804230FA906A220314D8B10E4D489BF9316B0633D7E","NOT VERIFIED","Convert-candidate","low"
"magicui-main","reference-style-extraction/inventory/magicui-main/apps/www/public/r/line-shadow-text-demo.json","json","1027","C1747FFB0A361C7B5E2F52981883F2F778C105B0430A208F25AFA699B6614F7E","NOT VERIFIED","Convert-candidate","low"
"magicui-main","reference-style-extraction/inventory/magicui-main/apps/www/public/r/line-shadow-text.json","json","2332","9D63DF614105966D827E90F72CA1262708A965124091384790FE5B998259EEF6","NOT VERIFIED","Convert-candidate","low"
"magicui-main","reference-style-extraction/inventory/magicui-main/apps/www/public/r/magic-card-demo-2.json","json","5409","9CA888769FCBA6E6C1D5428B12C4C6709CDEEADA94E3974A4A9F0FCF53656C24","NOT VERIFIED","Convert-candidate","low"
"magicui-main","reference-style-extraction/inventory/magicui-main/apps/www/public/r/magic-card-demo.json","json","2193","091854F819802E1B862DC2C1B70A4E29713A129F1CA86EA47B4C98E5AC1B7130","NOT VERIFIED","Convert-candidate","low"
"magicui-main","reference-style-extraction/inventory/magicui-main/apps/www/public/r/magic-card.json","json","7066","D487AE39795640BD3FBB467A5A98285A4C803036D71E5B1A9A06CB7D26C2A755","NOT VERIFIED","Convert-candidate","low"
"magicui-main","reference-style-extraction/inventory/magicui-main/apps/www/public/r/marquee-3d.json","json","4098","0EA68A61638E01C9D939CBC2A6B37D786CBF0BFACB234559AD92A428151814C2","NOT VERIFIED","Convert-candidate","low"
"magicui-main","reference-style-extraction/inventory/magicui-main/apps/www/public/r/marquee-demo-vertical.json","json","3073","EF010B3FC13FE63795A4AC8A2B4C64AC3EC2E74D8CE03C43C44D4CB2197A70DD","NOT VERIFIED","Convert-candidate","low"
"magicui-main","reference-style-extraction/inventory/magicui-main/apps/www/public/r/marquee-demo.json","json","3517","FD049DADDA00E2194F9E6194BA1C92AED3BDA2670B3C8EAC7C05EC043028AF72","NOT VERIFIED","Convert-candidate","low"
"magicui-main","reference-style-extraction/inventory/magicui-main/apps/www/public/r/marquee-logos.json","json","1942","A3AD0E699A3052854F73DFD2E5AE29FE1A0C5C1A45A455EEF435E80D08C47EC5","NOT VERIFIED","Convert-candidate","low"
"magicui-main","reference-style-extraction/inventory/magicui-main/apps/www/public/r/marquee.json","json","2694","6378D12F6AC7B383BCBE25CBFCD21AD567D4726FF9979BF07991598A7BDEF1CE","NOT VERIFIED","Convert-candidate","low"
"magicui-main","reference-style-extraction/inventory/magicui-main/apps/www/public/r/meteors-demo.json","json","944","3956ABDA79347A49D6E46572B07494101AF063A9511833AB292A34C4F51DBF2A","NOT VERIFIED","Convert-candidate","low"
"magicui-main","reference-style-extraction/inventory/magicui-main/apps/www/public/r/meteors.json","json","2399","541A4A88F9A9A77ED5DD3B33D14967DAEC15528E4BE067B806CE77B793983027","NOT VERIFIED","Convert-candidate","low"
"magicui-main","reference-style-extraction/inventory/magicui-main/apps/www/public/r/morphing-text-demo.json","json","761","45F9DCC240A52C95B3664AAA5D93652A3F99EEA9472F2A6DF4AFA910845A034A","NOT VERIFIED","Convert-candidate","low"
"magicui-main","reference-style-extraction/inventory/magicui-main/apps/www/public/r/morphing-text.json","json","4158","B40A923F926D720EF048836A2717C37BF3BAD07D4EB1CCF75784A1A578EE0B12","NOT VERIFIED","Convert-candidate","low"
"magicui-main","reference-style-extraction/inventory/magicui-main/apps/www/public/r/neon-gradient-card-demo.json","json","1059","C1098E6AF559DD4B2748F00C82DA8F24D218B931D4BC2D7CDCBB014617C204AF","NOT VERIFIED","Convert-candidate","low"
"magicui-main","reference-style-extraction/inventory/magicui-main/apps/www/public/r/neon-gradient-card.json","json","5101","DE878C1044211E462B9B94A70025075D9C63DA0AB47B5EB5F820214814A353BF","NOT VERIFIED","Convert-candidate","low"
"magicui-main","reference-style-extraction/inventory/magicui-main/apps/www/public/r/noise-texture-demo-2.json","json","2000","D8A2D02E939913A8AF730E3333ACD4B8E12B69793F0219307CE94E9D07C87E60","NOT VERIFIED","Convert-candidate","low"
"magicui-main","reference-style-extraction/inventory/magicui-main/apps/www/public/r/noise-texture-demo-3.json","json","1139","BC87A3F20DA5B65668AED38D0C2276FBA8DE67CF05B9843A45F428C162DF572E","NOT VERIFIED","Convert-candidate","low"
"magicui-main","reference-style-extraction/inventory/magicui-main/apps/www/public/r/noise-texture-demo-4.json","json","1313","5AC4B8FCF86D1F7C91F3B6076B48BED063E7B6699242CDCA02B6E3F532E91622","NOT VERIFIED","Convert-candidate","low"
"magicui-main","reference-style-extraction/inventory/magicui-main/apps/www/public/r/noise-texture-demo.json","json","1006","A9DFD76B2CE291C860042C2AF2247BEAB294F856F72DC5C3226B0CC2371CF781","NOT VERIFIED","Convert-candidate","low"
"magicui-main","reference-style-extraction/inventory/magicui-main/apps/www/public/r/noise-texture.json","json","2297","B9E1DDC65CFBACD822C2C8855A43A5FAC902B335B2818212769CB5F01A0B7952","NOT VERIFIED","Convert-candidate","low"
"magicui-main","reference-style-extraction/inventory/magicui-main/apps/www/public/r/number-ticker-decimal-demo.json","json","772","C5C8619FB47BCDB288F8D0BE3BE7E7E699122F8817425F9BB4F123662DAE8922","NOT VERIFIED","Convert-candidate","low"
"magicui-main","reference-style-extraction/inventory/magicui-main/apps/www/public/r/number-ticker-demo-2.json","json","743","77665C89BD2F46DB0664605C87B33EDDD9D916DB5A757C2BCB53735912FA62D8","NOT VERIFIED","Convert-candidate","low"
"magicui-main","reference-style-extraction/inventory/magicui-main/apps/www/public/r/number-ticker-demo.json","json","714","B2882CF736096483981B734DDD1F178693F6D45AD3BF3B31676411250C1D28B1","NOT VERIFIED","Convert-candidate","low"
"magicui-main","reference-style-extraction/inventory/magicui-main/apps/www/public/r/number-ticker.json","json","2291","C4808C7218100B218DF9ADA8E5D1FF21CE99045B41468131534B3D8DB61122A7","NOT VERIFIED","Convert-candidate","low"
"magicui-main","reference-style-extraction/inventory/magicui-main/apps/www/public/r/orbiting-circles-demo.json","json","11131","505B18433B79978BE870E7A5831D2C9849896866CF312B03E92CDBD724C3C047","NOT VERIFIED","Convert-candidate","low"
"magicui-main","reference-style-extraction/inventory/magicui-main/apps/www/public/r/orbiting-circles.json","json","2694","96AAF67D75288EBD52009FFCA1A2B5112CCAB0B34F3457AB061781E9E8B3940A","NOT VERIFIED","Convert-candidate","low"
"magicui-main","reference-style-extraction/inventory/magicui-main/apps/www/public/r/particles-demo.json","json","1363","BA5D3827DB3E3A0D97B1FD465E6D7754A3E54DE2C16E409718FA7D4CC30395E0","NOT VERIFIED","Convert-candidate","low"
"magicui-main","reference-style-extraction/inventory/magicui-main/apps/www/public/r/particles.json","json","9329","E7D4B820112BAFC230A7EF428133B1CBD2F6866CBAF7215D8ABBEBD855B90E98","NOT VERIFIED","Convert-candidate","low"
"magicui-main","reference-style-extraction/inventory/magicui-main/apps/www/public/r/pixel-image-demo.json","json","666","7F9930DCFD7A112798D333929F9A4A7AA9D84DDE6A239EFEC1D1C742CB69FD22","NOT VERIFIED","Convert-candidate","low"
"magicui-main","reference-style-extraction/inventory/magicui-main/apps/www/public/r/pixel-image.json","json","3853","83B28C0049C65F51CA6F43A1461CDA860D5E8CB8F36E698C543E3B140B4B7E6C","NOT VERIFIED","Convert-candidate","low"
"magicui-main","reference-style-extraction/inventory/magicui-main/apps/www/public/r/pointer-demo-1.json","json","3804","382C5F802CA0646E30B101BC475285C186BE1EDE7210444047099AB40054909C","NOT VERIFIED","Convert-candidate","low"
"magicui-main","reference-style-extraction/inventory/magicui-main/apps/www/public/r/pointer.json","json","3767","52C41C5372AFB81C8BA3049711E4FAFAF9954A0D8D38135478C6FA66FAF6BC13","NOT VERIFIED","Convert-candidate","low"
"magicui-main","reference-style-extraction/inventory/magicui-main/apps/www/public/r/progressive-blur-demo.json","json","1253","2BB56A1CBEABD8ECACF0B50A538C30F36E8E9F703B4816E0405DA07B6B42DE0A","NOT VERIFIED","Convert-candidate","low"
"magicui-main","reference-style-extraction/inventory/magicui-main/apps/www/public/r/progressive-blur.json","json","5029","419301FC871365F0F113A8B58CCA6B22EA956D8C385B1808A23C57050F581696","NOT VERIFIED","Convert-candidate","low"
"magicui-main","reference-style-extraction/inventory/magicui-main/apps/www/public/r/pulsating-button-demo-2.json","json","793","699252845780B9D2CD526EE5696AF6B0FC538C0E26A5F562B413D2592C9EEC6F","NOT VERIFIED","Convert-candidate","low"
"magicui-main","reference-style-extraction/inventory/magicui-main/apps/www/public/r/pulsating-button-demo.json","json","637","76CD9765433C3B118A00F74EA9E4DAB011830B3C5053E733CE2142E81D9A2F39","NOT VERIFIED","Convert-candidate","low"
"magicui-main","reference-style-extraction/inventory/magicui-main/apps/www/public/r/pulsating-button.json","json","4447","1FDD8843B574B3A0AD7685D4A6B52322B5D32AA7CC7A7868848A24100F1907E8","NOT VERIFIED","Convert-candidate","low"
"magicui-main","reference-style-extraction/inventory/magicui-main/apps/www/public/r/rainbow-button-demo-2.json","json","653","18C0B17475CE63DCD1C290168B4F2ADCA44A84BA3ED9FBE020095CB485404F3B","NOT VERIFIED","Convert-candidate","low"
"magicui-main","reference-style-extraction/inventory/magicui-main/apps/www/public/r/rainbow-button-demo.json","json","627","D8A747764A2BD28D70E03B06E27AC8F1AED975A3C6247B62E6881604A3C2779D","NOT VERIFIED","Convert-candidate","low"
"magicui-main","reference-style-extraction/inventory/magicui-main/apps/www/public/r/rainbow-button.json","json","4595","641E22CE118CCE8B61CA288E7C2012EEF33DBD6FA76BD78A6B165DE6BB9734FC","NOT VERIFIED","Convert-candidate","low"
"magicui-main","reference-style-extraction/inventory/magicui-main/apps/www/public/r/registry.json","json","107545","A44BBF92B5B9FF46AEFF72238B5F6BC6321DD18CECD4721D3B0569404FB6794F","NOT VERIFIED","Convert-candidate","low"
"magicui-main","reference-style-extraction/inventory/magicui-main/apps/www/public/r/retro-grid-demo.json","json","1005","EE0C900F78B126A28D9E0B15DDB8F92B85BB6ADDCC1B6691D38DC2F450180C89","NOT VERIFIED","Convert-candidate","low"
"magicui-main","reference-style-extraction/inventory/magicui-main/apps/www/public/r/retro-grid.json","json","24733","E05DA0E4B2036036DB5724BD151E0D7BC21339ED9ACC7A48695505E28F10737B","NOT VERIFIED","Convert-candidate","low"
"magicui-main","reference-style-extraction/inventory/magicui-main/apps/www/public/r/ripple-button-demo.json","json","629","2162FA38592ECE358638DB95C527B7AC999ACD2094C3043844A336F29CD38E3D","NOT VERIFIED","Convert-candidate","low"
"magicui-main","reference-style-extraction/inventory/magicui-main/apps/www/public/r/ripple-button.json","json","3617","56D635EA6D2DAC8D8B6236B754991D58577A838BB278F4F8FC5BAD5135E6D422","NOT VERIFIED","Convert-candidate","low"
"magicui-main","reference-style-extraction/inventory/magicui-main/apps/www/public/r/ripple-demo.json","json","825","E635975592F2808637B93FAAC2DCBFF8C5CCA440E774D4CA7CE19A4930F758AB","NOT VERIFIED","Convert-candidate","low"
"magicui-main","reference-style-extraction/inventory/magicui-main/apps/www/public/r/ripple.json","json","2336","DF558D5A129F231DE4B0BB577FD49509DD04B9DED1C53640893B88121EEADFD6","NOT VERIFIED","Convert-candidate","low"
"magicui-main","reference-style-extraction/inventory/magicui-main/apps/www/public/r/safari-demo-2.json","json","700","64044B84ECDBD9040DF5CA8992C596215B433ACC8004CF2B8EF2189199BD86DF","NOT VERIFIED","Convert-candidate","low"
"magicui-main","reference-style-extraction/inventory/magicui-main/apps/www/public/r/safari-demo-3.json","json","728","943208302365599249DD9D6730E87DA1B84FF5DD726DA0A715FF46F5D1328020","NOT VERIFIED","Convert-candidate","low"
"magicui-main","reference-style-extraction/inventory/magicui-main/apps/www/public/r/safari-demo-4.json","json","631","04E1DBB516D122772979C5056F0CAFA8829D6C6EA4B1B913AC7B944D20D5D6F4","NOT VERIFIED","Convert-candidate","low"
"magicui-main","reference-style-extraction/inventory/magicui-main/apps/www/public/r/safari-demo.json","json","602","38316ABEEA1EA8C0FF0DAC5B5C60F08D23405104F5BD87F810382C8EE486146C","NOT VERIFIED","Convert-candidate","low"
"magicui-main","reference-style-extraction/inventory/magicui-main/apps/www/public/r/safari.json","json","13864","8E50E929A19B82CC70930B1572D37179FFC2516174892E12B56BC39B15D801AA","NOT VERIFIED","Convert-candidate","low"
"magicui-main","reference-style-extraction/inventory/magicui-main/apps/www/public/r/scroll-based-velocity-demo.json","json","1395","ED1DFC0799C26D8A1AE556EC2DD013B3D57565B32F23E87EEADCCB2E000D6685","NOT VERIFIED","Convert-candidate","low"
"magicui-main","reference-style-extraction/inventory/magicui-main/apps/www/public/r/scroll-based-velocity-images-demo.json","json","2970","3D4F83C297960384F7817CF75AC22FD2A86D36761FEB02AF09C62F31635685C7","NOT VERIFIED","Convert-candidate","low"
"magicui-main","reference-style-extraction/inventory/magicui-main/apps/www/public/r/scroll-based-velocity.json","json","6864","D1A60823AB754F04401D62A806189F806E5422C75E634EE87E8DFF51DA3E2D48","NOT VERIFIED","Convert-candidate","low"
"magicui-main","reference-style-extraction/inventory/magicui-main/apps/www/public/r/scroll-progress-demo.json","json","826","6681F642014574A4DD78F89876E8DBD1F2656E201BA5C76C557B4CEA72025C17","NOT VERIFIED","Convert-candidate","low"
"magicui-main","reference-style-extraction/inventory/magicui-main/apps/www/public/r/scroll-progress.json","json","1104","8E3AC726DFAE3FEA1BEFFFEB8DE816D386A14F591529E400CAFE29A1244BBF9C","NOT VERIFIED","Convert-candidate","low"
"magicui-main","reference-style-extraction/inventory/magicui-main/apps/www/public/r/shimmer-button-demo.json","json","857","B8DA793D53AD29465558CC433F34E4C6008AD3E0D6AB7787EF3078674B08EFA2","NOT VERIFIED","Convert-candidate","low"
"magicui-main","reference-style-extraction/inventory/magicui-main/apps/www/public/r/shimmer-button.json","json","4063","B545D291F05A00B4CFFE8672F2C09D48D310876D626A3F5782085E5A727923FF","NOT VERIFIED","Convert-candidate","low"
"magicui-main","reference-style-extraction/inventory/magicui-main/apps/www/public/r/shine-border-demo-2.json","json","1907","CE204D1BFC3E404688B4D81DA512BCDB64C44A1B1CAF6A9205F0EE4532D019FF","NOT VERIFIED","Convert-candidate","low"
"magicui-main","reference-style-extraction/inventory/magicui-main/apps/www/public/r/shine-border-demo.json","json","1815","E5C382AEDE1444C401AEB0B7F83B7BDAA8AB6FFAC34921909DC132E14046D581","NOT VERIFIED","Convert-candidate","low"
"magicui-main","reference-style-extraction/inventory/magicui-main/apps/www/public/r/shine-border.json","json","2428","56329B539C8B1DDCF54566315674CEBA1BFB06E8F5994CF9B6AF0FD529E00CE6","NOT VERIFIED","Convert-candidate","low"
"magicui-main","reference-style-extraction/inventory/magicui-main/apps/www/public/r/shiny-button-demo.json","json","597","5BA2F10550F005C42586E4862F8F29DF0341ECD5DF8861EF8B1910C1DBBAB433","NOT VERIFIED","Convert-candidate","low"
"magicui-main","reference-style-extraction/inventory/magicui-main/apps/www/public/r/shiny-button.json","json","2806","B378D37C3C762CAAE89B5F43FDE7F9BC7F1ECFCE0B5E59C07FCDE6351FDED76D","NOT VERIFIED","Convert-candidate","low"
"magicui-main","reference-style-extraction/inventory/magicui-main/apps/www/public/r/smooth-cursor-demo.json","json","738","F8E426B52495D89FF2F2FBC32440EF0B7BF1F03708088010E913F2C702BB55BC","NOT VERIFIED","Convert-candidate","low"
"magicui-main","reference-style-extraction/inventory/magicui-main/apps/www/public/r/smooth-cursor.json","json","7521","683B2C233DFC0B0FEC64875D78F08A481D2F329D48730E4BB82F36B31E6E3360","NOT VERIFIED","Convert-candidate","low"
"magicui-main","reference-style-extraction/inventory/magicui-main/apps/www/public/r/sparkles-text-demo.json","json","602","2760CECDB8CBA5635696B56607EE5072642330DCA23FFBEEAE23E0182806D599","NOT VERIFIED","Convert-candidate","low"
"magicui-main","reference-style-extraction/inventory/magicui-main/apps/www/public/r/sparkles-text.json","json","4734","E81CCA901AA198405BD216B61A7922B6A2B0F54CEBB2B8D1513E0901BDB5BBF2","NOT VERIFIED","Convert-candidate","low"
"magicui-main","reference-style-extraction/inventory/magicui-main/apps/www/public/r/spinning-text-demo-2.json","json","713","1EA89C45D8C0A13F71A4A9BE3D934D5DB3CAA7B29FCF30100489A5ABC4D9D8CA","NOT VERIFIED","Convert-candidate","low"
"magicui-main","reference-style-extraction/inventory/magicui-main/apps/www/public/r/spinning-text-demo.json","json","626","89BFB62D2A7F4075831BEF7E459922B2D3648654BFA7D4EAD52F6D2FCCC882D6","NOT VERIFIED","Convert-candidate","low"
"magicui-main","reference-style-extraction/inventory/magicui-main/apps/www/public/r/spinning-text.json","json","3290","B5DFC68EE9C0E6D9E474BE6D0FB350BF89BDEDE04367A6DADE567407B3C6371D","NOT VERIFIED","Convert-candidate","low"
"magicui-main","reference-style-extraction/inventory/magicui-main/apps/www/public/r/striped-pattern-colored.json","json","884","7B135DD5D011A0A51401BCB24D38477BB748A2E2899C2D76AD872F2945E78C5C","NOT VERIFIED","Convert-candidate","low"
"magicui-main","reference-style-extraction/inventory/magicui-main/apps/www/public/r/striped-pattern-dashed.json","json","871","8251CD3CCCE211B4928AA3B44F6720D4E91FE43B8501507F3D67FC3371192799","NOT VERIFIED","Convert-candidate","low"
"magicui-main","reference-style-extraction/inventory/magicui-main/apps/www/public/r/striped-pattern-demo.json","json","899","3FB822D126556932A0CC984A680599A9712B5067314FBB9DEB8D766DA3B8770F","NOT VERIFIED","Convert-candidate","low"
"magicui-main","reference-style-extraction/inventory/magicui-main/apps/www/public/r/striped-pattern-left.json","json","846","8465852A4EA4D1E62F78347C19C49B9B22E8C7675E333376CA18B9E149E8FF05","NOT VERIFIED","Convert-candidate","low"
"magicui-main","reference-style-extraction/inventory/magicui-main/apps/www/public/r/striped-pattern-right.json","json","858","011A787BFEDA2A5D1F64B012F45E6C14A2F42B3B264842F28E19D3A6F18D97B7","NOT VERIFIED","Convert-candidate","low"
"magicui-main","reference-style-extraction/inventory/magicui-main/apps/www/public/r/striped-pattern.json","json","1951","E28AD3543FEF53DDE91E68BE992D4B93D13CBEA83623E4BE3CCE706FECDE4BDE","NOT VERIFIED","Convert-candidate","low"
"magicui-main","reference-style-extraction/inventory/magicui-main/apps/www/public/r/terminal-demo-2.json","json","1066","9FD8F3F585F5731F1476F7BC9C73601A46ACF5EF4006B491CA33790A752D6B47","NOT VERIFIED","Convert-candidate","low"
"magicui-main","reference-style-extraction/inventory/magicui-main/apps/www/public/r/terminal-demo.json","json","2150","8CCDF028E3F6FC9164FDBFA9E631BDAB72CCC082EE540E44A69D40C4F7703201","NOT VERIFIED","Convert-candidate","low"
"magicui-main","reference-style-extraction/inventory/magicui-main/apps/www/public/r/terminal.json","json","8363","05F5C6AE595956464EEE5B60E40F25DD2824413CA10BBB5EE0DCAF027758299D","NOT VERIFIED","Convert-candidate","low"
"magicui-main","reference-style-extraction/inventory/magicui-main/apps/www/public/r/text-3d-flip-demo-2.json","json","926","8440DF0EB1F5B164F9E0A2DFF51E0840905E57EFFA3220D62B4563CB7ADE19C8","NOT VERIFIED","Convert-candidate","low"
"magicui-main","reference-style-extraction/inventory/magicui-main/apps/www/public/r/text-3d-flip-demo.json","json","1009","8F4BAD61BA923CB7D2AEB4C1878563754666C5DE15F5E01398171B00C3E69D88","NOT VERIFIED","Convert-candidate","low"
"magicui-main","reference-style-extraction/inventory/magicui-main/apps/www/public/r/text-3d-flip.json","json","7878","3001FD9A871CF30F90422A7B621AE3774BF4C7596E857C55B7606DB6C710B31C","NOT VERIFIED","Convert-candidate","low"
"magicui-main","reference-style-extraction/inventory/magicui-main/apps/www/public/r/text-animate-demo-2.json","json","657","8C842266832DC9927F0EC3AF9F5AF391F556C4616505E6895E73F6E07A717887","NOT VERIFIED","Convert-candidate","low"
"magicui-main","reference-style-extraction/inventory/magicui-main/apps/www/public/r/text-animate-demo-3.json","json","663","E849E53E5EEBB8C2E73C19CC9DA544C3C16AB979E7E257B14C2DB98567E5FDB3","NOT VERIFIED","Convert-candidate","low"
"magicui-main","reference-style-extraction/inventory/magicui-main/apps/www/public/r/text-animate-demo-4.json","json","664","EA39128B93EFE6A1C592CCECE231503802160B5E58350C211C87AA148512319E","NOT VERIFIED","Convert-candidate","low"
"magicui-main","reference-style-extraction/inventory/magicui-main/apps/www/public/r/text-animate-demo-5.json","json","755","7AC6FAD999C64FC2C2969F2E84C6BDCD234DCDFA3C552CC120602F1076640597","NOT VERIFIED","Convert-candidate","low"
"magicui-main","reference-style-extraction/inventory/magicui-main/apps/www/public/r/text-animate-demo-6.json","json","677","7D9E76E586F53F7C4086D3FC5270A0C2FDAA49EF6B611C0621D6257DF49CCD41","NOT VERIFIED","Convert-candidate","low"
"magicui-main","reference-style-extraction/inventory/magicui-main/apps/www/public/r/text-animate-demo-7.json","json","685","03200CDE0BA6FD115758E299D1987EDE147E88BC1509B2BD46CF3BF44623AA79","NOT VERIFIED","Convert-candidate","low"
"magicui-main","reference-style-extraction/inventory/magicui-main/apps/www/public/r/text-animate-demo-8.json","json","687","85A76884B86424B3B37D12C2D0A35D1E1F2C3DE3D801C5472AD6264D85B3B664","NOT VERIFIED","Convert-candidate","low"
"magicui-main","reference-style-extraction/inventory/magicui-main/apps/www/public/r/text-animate-demo-9.json","json","1670","C97E3428324AAB885081D56774E92D87BC4C4DA7172047E144CA198721228E85","NOT VERIFIED","Convert-candidate","low"
"magicui-main","reference-style-extraction/inventory/magicui-main/apps/www/public/r/text-animate-demo.json","json","665","E60DC979E554AA43CA57B14A9A7D595E5202FED98A8FC9985E244DBAE3F82916","NOT VERIFIED","Convert-candidate","low"
"magicui-main","reference-style-extraction/inventory/magicui-main/apps/www/public/r/text-animate.json","json","10443","83F627DC4AA3E1333CC2EBD054F6BEBC3628D9C58827D3E47DEE5D07C6F112C1","NOT VERIFIED","Convert-candidate","low"
"magicui-main","reference-style-extraction/inventory/magicui-main/apps/www/public/r/text-reveal-demo.json","json","610","7576CA3FF9D1BCB416D442EED9AFE99D3E89689DB0B9DCABF8FDAC460855DD89","NOT VERIFIED","Convert-candidate","low"
"magicui-main","reference-style-extraction/inventory/magicui-main/apps/www/public/r/text-reveal.json","json","2439","5FBC83E19EE405D2B3FDE4D5D6EDD49593946754BE2A6265E4C1CDBBEA3E4ED1","NOT VERIFIED","Convert-candidate","low"
"magicui-main","reference-style-extraction/inventory/magicui-main/apps/www/public/r/theme-toggler-demo.json","json","692","DC028310AD83555B42C3C2D1901FD4DA2FF25C0CABFDC271F35111A69D564940","NOT VERIFIED","Convert-candidate","low"
"magicui-main","reference-style-extraction/inventory/magicui-main/apps/www/public/r/tweet-card-demo.json","json","718","13F688046141DC03BD15F84CC019B829D4D71C1B25D3E5F4D834FB4DC1809A3F","NOT VERIFIED","Convert-candidate","low"
"magicui-main","reference-style-extraction/inventory/magicui-main/apps/www/public/r/tweet-card-images.json","json","656","608B54C86735CA16C23AF6739BC4D142A1EBB5C4158F79B462434E992EC01608","NOT VERIFIED","Convert-candidate","low"
"magicui-main","reference-style-extraction/inventory/magicui-main/apps/www/public/r/tweet-card-meta-preview.json","json","685","89DD0F95ABA8D60BDB10843548662A0E0D2E44998E447DE42451939825945862","NOT VERIFIED","Convert-candidate","low"
"magicui-main","reference-style-extraction/inventory/magicui-main/apps/www/public/r/tweet-card.json","json","9720","A1E9B1DF72AAFB49C289BF94DBB88A2F612843F335E74C4DB0C8CC00516CF5B4","NOT VERIFIED","Convert-candidate","low"
"magicui-main","reference-style-extraction/inventory/magicui-main/apps/www/public/r/typing-animation-demo-2.json","json","664","CC95257012226298EE090226BBDD90C4D8D3FA447B23F2C8A35769D82F4B5D71","NOT VERIFIED","Convert-candidate","low"
"magicui-main","reference-style-extraction/inventory/magicui-main/apps/www/public/r/typing-animation-demo-3.json","json","757","28A79AD41642549127D80849B2C88A7CE305EC9AE1DFD279ACACC87F46BA3D16","NOT VERIFIED","Convert-candidate","low"
"magicui-main","reference-style-extraction/inventory/magicui-main/apps/www/public/r/typing-animation-demo-4.json","json","678","27CCF7B1034C139E514F7C52B34871E00F91D7147AE3E53FB3BABA00BF05F768","NOT VERIFIED","Convert-candidate","low"
"magicui-main","reference-style-extraction/inventory/magicui-main/apps/www/public/r/typing-animation-demo-5.json","json","656","56EB29F095CD8A4343A6315C4B36D760496E0D3A5778F8024D38096443D7B7EF","NOT VERIFIED","Convert-candidate","low"
"magicui-main","reference-style-extraction/inventory/magicui-main/apps/www/public/r/typing-animation-demo-6.json","json","655","EB0DECF65CC6BB94D5B4C730793B72995CC3676DFEBC4ED6BCF184983244C2F7","NOT VERIFIED","Convert-candidate","low"
"magicui-main","reference-style-extraction/inventory/magicui-main/apps/www/public/r/typing-animation-demo-7.json","json","1493","90D12F6A2EB8BDF66B4E20B293E95FA55A3ACF6C060FDFB37564472893E0B9EB","NOT VERIFIED","Convert-candidate","low"
"magicui-main","reference-style-extraction/inventory/magicui-main/apps/www/public/r/typing-animation-demo-8.json","json","1567","62956EAB52E7E748055A8A479EB8EE48B7183C0928A048F83071437B835F7B64","NOT VERIFIED","Convert-candidate","low"
"magicui-main","reference-style-extraction/inventory/magicui-main/apps/www/public/r/typing-animation-demo.json","json","620","8E2B0DFC85E5B3EC09D1961BD372038FA7D832C7D58418F8D6ACD16BCEDF6380","NOT VERIFIED","Convert-candidate","low"
"magicui-main","reference-style-extraction/inventory/magicui-main/apps/www/public/r/typing-animation.json","json","6651","490CFA9EF93C4B85A026EAC64C15149D619CE72C86641189E9FDC9E36FC10300","NOT VERIFIED","Convert-candidate","low"
"magicui-main","reference-style-extraction/inventory/magicui-main/apps/www/public/r/utils.json","json","464","943AA899D5973D64C29132F347F1193EF31E460CCD9B3C7726F96DE004BC0F3C","NOT VERIFIED","Convert-candidate","low"
"magicui-main","reference-style-extraction/inventory/magicui-main/apps/www/public/r/video-text-demo.json","json","729","A72CD854F98146BA04803AAE9F1E32DA2E8DDB70C9EE2A8F78BE27FB17247AC4","NOT VERIFIED","Convert-candidate","low"
"magicui-main","reference-style-extraction/inventory/magicui-main/apps/www/public/r/video-text.json","json","4045","E04BA8FE3B39A867BDEE5F685ADAB9B3F594E3D48A0431F0AB57669B626BBA43","NOT VERIFIED","Convert-candidate","low"
"magicui-main","reference-style-extraction/inventory/magicui-main/apps/www/public/r/warp-background-demo.json","json","1184","81CBE3683DB7122F00A62A5635D8FE8F41262286B5A46ACD33259789AE45DC07","NOT VERIFIED","Convert-candidate","low"
"magicui-main","reference-style-extraction/inventory/magicui-main/apps/www/public/r/warp-background.json","json","6451","ACE6AA939F379BF3D1B9C9195DA6100BAFDC93F3C65764DA82E1D76AB47D2BC6","NOT VERIFIED","Convert-candidate","low"
"magicui-main","reference-style-extraction/inventory/magicui-main/apps/www/public/r/word-rotate-demo.json","json","685","EA4C3CA72C2BD2BCDCE452A3B1465E7C45CF15A9A6D20A68A1700418F34CB65C","NOT VERIFIED","Convert-candidate","low"
"magicui-main","reference-style-extraction/inventory/magicui-main/apps/www/public/r/word-rotate.json","json","1562","D90065BC6E4F7B741DA710F7B14DC9AC8E25AF9CA635CC963304B6B7769B56EC","NOT VERIFIED","Convert-candidate","low"
"magicui-main","reference-style-extraction/inventory/magicui-main/apps/www/public/showcase/aryankarma.png","image","476913","E8A22E146D2BFB996154811E9320B18C7636F4E8EB47DA568C2CA8C929E6FDC9","NOT VERIFIED","Convert-candidate","low"
"magicui-main","reference-style-extraction/inventory/magicui-main/apps/www/public/showcase/pulpsense.png","image","1623623","0F59B5B6B0216CC1CE03C06677055C026C6D20B2AF24A7EE7B4E657F4349A1E8","NOT VERIFIED","Convert-candidate","low"
"magicui-main","reference-style-extraction/inventory/magicui-main/apps/www/public/showcase/robot-toast.png","image","111508","51842D21FB54F54FDD5CB84E0AE870AD75D6C2AFA01C1CCD9ADF3058F3094AF0","NOT VERIFIED","Convert-candidate","low"
"magicui-main","reference-style-extraction/inventory/magicui-main/apps/www/registry/index.ts","ts","766","F52E8AF24727A60BEE501DA47339E57D6CA320BC4AC4ABF5AFC27E51517A8A5B","NOT VERIFIED","Convert-candidate","low"
"magicui-main","reference-style-extraction/inventory/magicui-main/apps/www/registry/registry-examples.ts","ts","60587","9D2BF5141D995396973913C2DBDB12FC6548DF60EE5593979087A46930DE4746","NOT VERIFIED","Convert-candidate","low"
"magicui-main","reference-style-extraction/inventory/magicui-main/apps/www/registry/registry-lib.ts","ts","286","721ADD9E0830462FF9F58B9A3A3186B55E7319B977A7D349B935702BBA419D7F","NOT VERIFIED","Convert-candidate","low"
"magicui-main","reference-style-extraction/inventory/magicui-main/apps/www/registry/registry-ui.ts","ts","31082","EBB6503C8EA827143BB055DFCC9940B41C6DD6EADF78BEF91806F0F5D0880A1C","NOT VERIFIED","Convert-candidate","low"
"magicui-main","reference-style-extraction/inventory/magicui-main/apps/www/registry/__index__.tsx","ts","165318","99388A6B34EDCCACE4076F7D4FACDCAE16E5DF74BE7A78A8387AFC3FC59C2776","NOT VERIFIED","Convert-candidate","low"
"magicui-main","reference-style-extraction/inventory/magicui-main/apps/www/registry/example/android-demo-2.tsx","ts","388","35C91E1D1C3990A565C85EBFCF8ECFAEF13DEA574D8D1D98ACC766647E3029C7","NOT VERIFIED","Convert-candidate","low"
"magicui-main","reference-style-extraction/inventory/magicui-main/apps/www/registry/example/android-demo-3.tsx","ts","306","72F32D7B099CE12D568764D287C819A6E32C2114687AD4B676D6298E1444427D","NOT VERIFIED","Convert-candidate","low"
"magicui-main","reference-style-extraction/inventory/magicui-main/apps/www/registry/example/android-demo.tsx","ts","193","F9CB5429515206C872D56E22E4E14FEA5D5EB70A3FC37A356C537AD7C4A3AE03","NOT VERIFIED","Convert-candidate","low"
"magicui-main","reference-style-extraction/inventory/magicui-main/apps/www/registry/example/animated-beam-bidirectional.tsx","ts","3638","A72DFC39FC7350612BE988FAFF9202F4532D22C1E906F3BFF9E86404DFE5AE5E","NOT VERIFIED","Convert-candidate","low"
"magicui-main","reference-style-extraction/inventory/magicui-main/apps/www/registry/example/animated-beam-demo.tsx","ts","27078","E47585CF5E93B3A22D868F894D93F75E9316D8F4AB1ACA0353A46456AD2CC1E5","NOT VERIFIED","Convert-candidate","low"
"magicui-main","reference-style-extraction/inventory/magicui-main/apps/www/registry/example/animated-beam-multiple-inputs.tsx","ts","27208","973A39DB555D7718368E353A18A83C77A5F9EE17BD6F16F8EAEF975C7C86172E","NOT VERIFIED","Convert-candidate","low"
"magicui-main","reference-style-extraction/inventory/magicui-main/apps/www/registry/example/animated-beam-multiple-outputs.tsx","ts","27348","E8203047BD2FE441CC0AA278E53A037B8883BB82B8F2E5D7AA9630A83DDD33D7","NOT VERIFIED","Convert-candidate","low"
"magicui-main","reference-style-extraction/inventory/magicui-main/apps/www/registry/example/animated-beam-unidirectional.tsx","ts","3379","B3F6AD999443EC9B1C8D080086051C3368A7249577086FF21A93ACCBE0DE9ACD","NOT VERIFIED","Convert-candidate","low"
"magicui-main","reference-style-extraction/inventory/magicui-main/apps/www/registry/example/animated-circular-progress-bar-demo.tsx","ts","723","24A98A6315503D1CC65A4D7C618574D7800C8E41D14DD1318379DB756B15435F","NOT VERIFIED","Convert-candidate","low"
"magicui-main","reference-style-extraction/inventory/magicui-main/apps/www/registry/example/animated-gradient-text-demo-2.tsx","ts","354","68DE6B2E59A0A1AD37901BE7FAD8E613814F4677B89C042E15BBAC78BDC7AD3A","NOT VERIFIED","Convert-candidate","low"
"magicui-main","reference-style-extraction/inventory/magicui-main/apps/www/registry/example/animated-gradient-text-demo.tsx","ts","1371","8F62D32BD01852C6A27D4E24EB547FF17F17838D944D6E67C8D8F0734BEFC722","NOT VERIFIED","Convert-candidate","low"
"magicui-main","reference-style-extraction/inventory/magicui-main/apps/www/registry/example/animated-grid-pattern-demo.tsx","ts","625","42B0A3253D7E73D7DE3B6B478A129F2210F6F68036061951F0307A2A06EC057C","NOT VERIFIED","Convert-candidate","low"
"magicui-main","reference-style-extraction/inventory/magicui-main/apps/www/registry/example/animated-list-demo.tsx","ts","2801","3CA33AE7A60FD711D54C5969D474D63767741CB07DF4CD84BF7B31FDA5DCF874","NOT VERIFIED","Convert-candidate","low"
"magicui-main","reference-style-extraction/inventory/magicui-main/apps/www/registry/example/animated-shiny-text-demo.tsx","ts","982","463F80B2A14226E3B7A3C8A54E0A377C92C1E00586138F304A06907B2174D94D","NOT VERIFIED","Convert-candidate","low"
"magicui-main","reference-style-extraction/inventory/magicui-main/apps/www/registry/example/animated-theme-toggler-demo.tsx","ts","240","438AB1F4FAFC0B98AA0B6F46D927EFEC3761467D42A3359FBAED70641741E927","NOT VERIFIED","Convert-candidate","low"
"magicui-main","reference-style-extraction/inventory/magicui-main/apps/www/registry/example/animated-theme-toggler-diamond-demo.tsx","ts","265","29C7A52DA0D6C5470E2655BA112A470B9CE0843711B5D6BF59EE4DD7CAE8340D","NOT VERIFIED","Convert-candidate","low"
"magicui-main","reference-style-extraction/inventory/magicui-main/apps/www/registry/example/animated-theme-toggler-hexagon-demo.tsx","ts","265","586381F2C385614AE809875996FDDE04C997756572A566685F04D12D4E652CA7","NOT VERIFIED","Convert-candidate","low"
"magicui-main","reference-style-extraction/inventory/magicui-main/apps/www/registry/example/animated-theme-toggler-next-themes-demo.tsx","ts","453","8BFDCB79B7F0442BC057793516621FA9EB1414721B4E86180561BE6C75B62AB5","NOT VERIFIED","Convert-candidate","low"
"magicui-main","reference-style-extraction/inventory/magicui-main/apps/www/registry/example/animated-theme-toggler-rectangle-demo.tsx","ts","269","24BE501B3F57468130A5138836CCC54285AE520213968EC7B5414A54D295F16C","NOT VERIFIED","Convert-candidate","low"
"magicui-main","reference-style-extraction/inventory/magicui-main/apps/www/registry/example/animated-theme-toggler-square-demo.tsx","ts","263","344AB914E794A531FC25FA22F6F3EE57E1D5EE94FDCF44C29C0E8D57F23178B3","NOT VERIFIED","Convert-candidate","low"
"magicui-main","reference-style-extraction/inventory/magicui-main/apps/www/registry/example/animated-theme-toggler-star-demo.tsx","ts","259","ACEC6FE9EE294192F564A6D560DF3835019277F82A960528397E132E733DB9C3","NOT VERIFIED","Convert-candidate","low"
"magicui-main","reference-style-extraction/inventory/magicui-main/apps/www/registry/example/animated-theme-toggler-triangle-demo.tsx","ts","267","4BEDA3BEE1421BD5EB0B1770983DE9A19070933871884394E0540EBBFFAF3D8B","NOT VERIFIED","Convert-candidate","low"
"magicui-main","reference-style-extraction/inventory/magicui-main/apps/www/registry/example/aurora-text-demo.tsx","ts","258","199001D28F2AEAAEAE3BB99A4F92C7E5A50312F0E57E34FBF2719074CFB08790","NOT VERIFIED","Convert-candidate","low"
"magicui-main","reference-style-extraction/inventory/magicui-main/apps/www/registry/example/avatar-circles-demo.tsx","ts","953","B42ED418BD409CC6400126E1757AB9093D0FF2AE4655163FE7634C288C4F5D3C","NOT VERIFIED","Convert-candidate","low"
"magicui-main","reference-style-extraction/inventory/magicui-main/apps/www/registry/example/backlight-image-demo.tsx","ts","505","BBDAF2E605B5A4CEF5E8C8D70477E3A57D75EBF15A4B91C27F034E6538C7CCD8","NOT VERIFIED","Convert-candidate","low"
"magicui-main","reference-style-extraction/inventory/magicui-main/apps/www/registry/example/backlight-svg-demo.tsx","ts","7020","AC5E0EAE0D7DE07F327DC3ECEA1FE239FFDB7BCF724832D8A2B2A7C3BFBCA327","NOT VERIFIED","Convert-candidate","low"
"magicui-main","reference-style-extraction/inventory/magicui-main/apps/www/registry/example/backlight-video-demo.tsx","ts","566","A8D5B092AE756C1D379E9CA2C953101109C60563DEA7DC2D847E2F05B87F2E86","NOT VERIFIED","Convert-candidate","low"
"magicui-main","reference-style-extraction/inventory/magicui-main/apps/www/registry/example/bento-demo-vertical.tsx","ts","2097","182F7068F2B8C199B5957D62C89C3A8BEE126B23E71E3D6D05D16C423775084F","NOT VERIFIED","Convert-candidate","low"
"magicui-main","reference-style-extraction/inventory/magicui-main/apps/www/registry/example/bento-demo.tsx","ts","4316","5A2DC970025A6B120EEA0FA65C1B84F12F20CFE20983790C2DB5B457A6F69ADD","NOT VERIFIED","Convert-candidate","low"
"magicui-main","reference-style-extraction/inventory/magicui-main/apps/www/registry/example/blur-fade-demo.tsx","ts","784","953F35B55A1791C56797667CD1D16EA9107DA22AA11651BE6B77A92C3B5910E8","NOT VERIFIED","Convert-candidate","low"
"magicui-main","reference-style-extraction/inventory/magicui-main/apps/www/registry/example/blur-fade-text-demo.tsx","ts","541","F3EF554C8E6D910409AED1C2434148DBCA236FE02CEC09369AFF417040B4E24F","NOT VERIFIED","Convert-candidate","low"
"magicui-main","reference-style-extraction/inventory/magicui-main/apps/www/registry/example/border-beam-demo-2.tsx","ts","1860","100D1D2E361AC9F34138073A5F020E14EC53C854F0487A627661E652CFB6E1B3","NOT VERIFIED","Convert-candidate","low"
"magicui-main","reference-style-extraction/inventory/magicui-main/apps/www/registry/example/border-beam-demo-3.tsx","ts","1573","CE4F927450C3C68A2E5E443FA15D21674B59A463AC74ADE7530137A2C4B450AF","NOT VERIFIED","Convert-candidate","low"
"magicui-main","reference-style-extraction/inventory/magicui-main/apps/www/registry/example/border-beam-demo-4.tsx","ts","516","290F2E6F5564CECA76C3A5B541721A4836F0C67A178685ACA947E85BACF9F35B","NOT VERIFIED","Convert-candidate","low"
"magicui-main","reference-style-extraction/inventory/magicui-main/apps/www/registry/example/border-beam-demo.tsx","ts","1469","83CDA19FA5014AD4C3616565083D0E6A10FB19E8713DA844E09144D2258EC247","NOT VERIFIED","Convert-candidate","low"
"magicui-main","reference-style-extraction/inventory/magicui-main/apps/www/registry/example/code-comparison-demo.tsx","ts","1902","C591B506B2244CC331CE3E3A99984E8CDD403BBAFD4FD8170E32D2E7F0A4F945","NOT VERIFIED","Convert-candidate","low"
"magicui-main","reference-style-extraction/inventory/magicui-main/apps/www/registry/example/comic-text-demo.tsx","ts","221","37B16B057227F58FEBE479C8588B835846CB27C0D1044A255EAD10C828D618EA","NOT VERIFIED","Convert-candidate","low"
"magicui-main","reference-style-extraction/inventory/magicui-main/apps/www/registry/example/confetti-basic-cannon.tsx","ts","221","A2F565F2EE8A42E4D091F8E73618E60B09C325CCC487D9B0350917F58E0D2C36","NOT VERIFIED","Convert-candidate","low"
"magicui-main","reference-style-extraction/inventory/magicui-main/apps/www/registry/example/confetti-custom-shapes.tsx","ts","1305","1DA16850FC4F187B63EBF00E1C701A37E34EA4513459F703E9AD80B5138BDD79","NOT VERIFIED","Convert-candidate","low"
"magicui-main","reference-style-extraction/inventory/magicui-main/apps/www/registry/example/confetti-demo.tsx","ts","817","772F8855414E08DF83543E8788BB9E7AE48F44D3B02BCFAC2C60DFD9C97D80AC","NOT VERIFIED","Convert-candidate","low"
"magicui-main","reference-style-extraction/inventory/magicui-main/apps/www/registry/example/confetti-emoji.tsx","ts","962","63A3390B075ED8E271C3A2C14603F5F13B16995C112A92D4426D31545F1A2C22","NOT VERIFIED","Convert-candidate","low"
"magicui-main","reference-style-extraction/inventory/magicui-main/apps/www/registry/example/confetti-fireworks.tsx","ts","1083","3E4B30DB851BF0F7DBCF07DD8E593A99FDCB587AFCF0FB7E98818BB9E8AA3B63","NOT VERIFIED","Convert-candidate","low"
"magicui-main","reference-style-extraction/inventory/magicui-main/apps/www/registry/example/confetti-random-direction.tsx","ts","357","538F9ABBDAE0F2B50208758F6CF4156B0288912D4DC9694FD8B18FEE4495B6B5","NOT VERIFIED","Convert-candidate","low"
"magicui-main","reference-style-extraction/inventory/magicui-main/apps/www/registry/example/confetti-side-cannons.tsx","ts","897","3FA69B45FEEDC1DCFEC692FBF0D497A2267D2E7AB884F2E892B4920D899F924F","NOT VERIFIED","Convert-candidate","low"
"magicui-main","reference-style-extraction/inventory/magicui-main/apps/www/registry/example/confetti-stars.tsx","ts","855","D4D3CF16ABCEC2852E660493D754B9E253EC805EF82B25880E92C0C27C0DD838","NOT VERIFIED","Convert-candidate","low"
"magicui-main","reference-style-extraction/inventory/magicui-main/apps/www/registry/example/cool-mode-custom.tsx","ts","401","81BF88FA9313EA311895691C0769B528029DA04E3A3155A6033EE7CCEC6C8415","NOT VERIFIED","Convert-candidate","low"
"magicui-main","reference-style-extraction/inventory/magicui-main/apps/www/registry/example/cool-mode-demo.tsx","ts","290","435A9A20667C4F66977ADA7BD111B168A4BE97AECD73E950D21CAAC724D350CC","NOT VERIFIED","Convert-candidate","low"
"magicui-main","reference-style-extraction/inventory/magicui-main/apps/www/registry/example/dia-text-reveal-demo-2.tsx","ts","387","F0AD976E51E1E4234525B260AB47D31A519EBC7AEFA003EDACF41015AAE4BC07","NOT VERIFIED","Convert-candidate","low"
"magicui-main","reference-style-extraction/inventory/magicui-main/apps/www/registry/example/dia-text-reveal-demo-3.tsx","ts","491","7D8C3EF984C690B36343B12026350801FCBFBD1C40E42F52CB3787C0873A4D46","NOT VERIFIED","Convert-candidate","low"
"magicui-main","reference-style-extraction/inventory/magicui-main/apps/www/registry/example/dia-text-reveal-demo-4.tsx","ts","442","E5A36D0DDBD5C2EBB1E6763F67FCC111CCF190A299980AD9268BF15E36E5407A","NOT VERIFIED","Convert-candidate","low"
"magicui-main","reference-style-extraction/inventory/magicui-main/apps/www/registry/example/dia-text-reveal-demo.tsx","ts","369","9A6F11A921FCB55F0B8F8DDBC676E83012E3A4487D208B0A65B00919BCD3ED9C","NOT VERIFIED","Convert-candidate","low"
"magicui-main","reference-style-extraction/inventory/magicui-main/apps/www/registry/example/dock-demo-2.tsx","ts","8652","206730B94680BA3DB9F3CF7C53C75D43561F8B6D33022BD3B2BDE4911B8E7259","NOT VERIFIED","Convert-candidate","low"
"magicui-main","reference-style-extraction/inventory/magicui-main/apps/www/registry/example/dock-demo-3.tsx","ts","8851","F6B9C22D75465C94D3A008D18D4DC744C31D7C27FAB1D706560F6246F195DA45","NOT VERIFIED","Convert-candidate","low"
"magicui-main","reference-style-extraction/inventory/magicui-main/apps/www/registry/example/dock-demo.tsx","ts","7161","CED6964DB07E0BFB45017370386E6D722462DDDCFE8203FD5A7598FCAE99A0FA","NOT VERIFIED","Convert-candidate","low"
"magicui-main","reference-style-extraction/inventory/magicui-main/apps/www/registry/example/dot-pattern-demo.tsx","ts","461","AA7206C333E068C751DCA45C4A78DFAE907E9979D763FFE69820A4F2E66F86A3","NOT VERIFIED","Convert-candidate","low"
"magicui-main","reference-style-extraction/inventory/magicui-main/apps/www/registry/example/dot-pattern-linear-gradient.tsx","ts","549","DAB4B3F724285720930C5AB46847F44776DCC4030E35910E1237B8B35FD4CED1","NOT VERIFIED","Convert-candidate","low"
"magicui-main","reference-style-extraction/inventory/magicui-main/apps/www/registry/example/dot-pattern-with-glow-effect.tsx","ts","463","39073B68AF4E485023C8E6BE2CED9A96E13F0721C5D476815DBDB02F51B0CB0A","NOT VERIFIED","Convert-candidate","low"
"magicui-main","reference-style-extraction/inventory/magicui-main/apps/www/registry/example/dotted-map-demo-2.tsx","ts","243","07B966826083B518582652508CDC3CB36318C01A990D1EF1A4DC2EDEB55D96C5","NOT VERIFIED","Convert-candidate","low"
"magicui-main","reference-style-extraction/inventory/magicui-main/apps/www/registry/example/dotted-map-demo-3.tsx","ts","572","FA070916D04837F709E13CD4623F263450EA5EF88809181D7904EF77C0C07727","NOT VERIFIED","Convert-candidate","low"
"magicui-main","reference-style-extraction/inventory/magicui-main/apps/www/registry/example/dotted-map-demo.tsx","ts","2464","B16F0773F4209041AF492C68BB0A27AE4349879CADD1489ABF8F05DD98318BEA","NOT VERIFIED","Convert-candidate","low"
"magicui-main","reference-style-extraction/inventory/magicui-main/apps/www/registry/example/file-tree-demo.tsx","ts","2015","A47BDCE9906E5432120C18DDC1E7A06C04562315A37668EDCDBD4E2040105C43","NOT VERIFIED","Convert-candidate","low"
"magicui-main","reference-style-extraction/inventory/magicui-main/apps/www/registry/example/flickering-grid-demo.tsx","ts","483","FD55C4A09876C107F627B30C78227B1AF15845FB6E07BBEAE1CD08B7FA082CCA","NOT VERIFIED","Convert-candidate","low"
"magicui-main","reference-style-extraction/inventory/magicui-main/apps/www/registry/example/flickering-grid-rounded-demo.tsx","ts","554","4B2C341ED26506BE6FFB272295923B3DE80BAD13A19E0F9A950C87CC9A1CC58C","NOT VERIFIED","Convert-candidate","low"
"magicui-main","reference-style-extraction/inventory/magicui-main/apps/www/registry/example/glare-hover-demo-alert.tsx","ts","1648","67712D42DBB9AF6278DEA652FFADAB66ECB8F86CA6D9E2D0A002BDC3B0FFD6C5","NOT VERIFIED","Convert-candidate","low"
"magicui-main","reference-style-extraction/inventory/magicui-main/apps/www/registry/example/glare-hover-demo-cta.tsx","ts","1063","F847E1885390D0D313147EB79DBAB51A3E874C1B74217D8C9B9F7870DDE63BFA","NOT VERIFIED","Convert-candidate","low"
"magicui-main","reference-style-extraction/inventory/magicui-main/apps/www/registry/example/glare-hover-demo.tsx","ts","2129","C72A51EE00F0F85BF11B760815F57F24218C981FE6DB221D1870FAD5636C8CE7","NOT VERIFIED","Convert-candidate","low"
"magicui-main","reference-style-extraction/inventory/magicui-main/apps/www/registry/example/globe-demo.tsx","ts","704","9280B0B41A8569F885BA45877DB66394510800F9A6F34F7722191A2BCCD6A6F9","NOT VERIFIED","Convert-candidate","low"
"magicui-main","reference-style-extraction/inventory/magicui-main/apps/www/registry/example/grid-pattern-dashed.tsx","ts","557","03C79B0121017E49D13EB69D0F3A41447F2FE4D775F630F2D75FCC2CF200E837","NOT VERIFIED","Convert-candidate","low"
"magicui-main","reference-style-extraction/inventory/magicui-main/apps/www/registry/example/grid-pattern-demo.tsx","ts","782","9B7C0D43897F31083BCD24CEE87B7413E73EEFAE92365D04BDB2CFCB09FBAC50","NOT VERIFIED","Convert-candidate","low"
"magicui-main","reference-style-extraction/inventory/magicui-main/apps/www/registry/example/grid-pattern-linear-gradient.tsx","ts","538","70F1685B99C8FDD7BD18C95C0CA9E5902B93C9758F1A5AF9DAC53E52B7FF2639","NOT VERIFIED","Convert-candidate","low"
"magicui-main","reference-style-extraction/inventory/magicui-main/apps/www/registry/example/hero-video-dialog-demo-top-in-bottom-out.tsx","ts","806","E7166339426174C8DAFBE77E524DBAD87A83B90A74BBF3E0AE89D0D6FC1B84BB","NOT VERIFIED","Convert-candidate","low"
"magicui-main","reference-style-extraction/inventory/magicui-main/apps/www/registry/example/hero-video-dialog-demo.tsx","ts","780","486011AC00CAD35987C49E776608FB32EC9B5C8D68BB1CA0D9279986A1ED4508","NOT VERIFIED","Convert-candidate","low"
"magicui-main","reference-style-extraction/inventory/magicui-main/apps/www/registry/example/hexagon-pattern-dashed.tsx","ts","367","7BF9535B8EAFC34A76AF82A2F9717EC5F20A7596D070F6A75249D509F5ACE24B","NOT VERIFIED","Convert-candidate","low"
"magicui-main","reference-style-extraction/inventory/magicui-main/apps/www/registry/example/hexagon-pattern-demo.tsx","ts","696","5CEC8F10FE5BD09E47E9ABE023F9FF70C3440EC94979C045E3A52A78F505DCDA","NOT VERIFIED","Convert-candidate","low"
"magicui-main","reference-style-extraction/inventory/magicui-main/apps/www/registry/example/hexagon-pattern-linear-gradient.tsx","ts","538","81DB2C48526BB7C079DCDD433BFD24D9A0D588D48403F2C9DD893B1B48D4466B","NOT VERIFIED","Convert-candidate","low"
"magicui-main","reference-style-extraction/inventory/magicui-main/apps/www/registry/example/hexagon-pattern-spacing.tsx","ts","355","8E768E402AB102F2775DC92345A29EDE96A2D58338DB35DB8337A0E015284724","NOT VERIFIED","Convert-candidate","low"
"magicui-main","reference-style-extraction/inventory/magicui-main/apps/www/registry/example/highlighter-demo.tsx","ts","511","A8D46282A2A7096BD6BA9193DF67E763C53C3A1EF098361D0E05B52DAEC4049C","NOT VERIFIED","Convert-candidate","low"
"magicui-main","reference-style-extraction/inventory/magicui-main/apps/www/registry/example/hyper-text-demo.tsx","ts","145","134E0D0261B27D8D71B31CBADEB6958045A5F3551FB72AA756638727A042E7AA","NOT VERIFIED","Convert-candidate","low"
"magicui-main","reference-style-extraction/inventory/magicui-main/apps/www/registry/example/icon-cloud-demo-2.tsx","ts","2950","A1A3B41B2291CA160213CE42FBDFE027BF3F567E72A96A20C5D5C7B0E9C5E873","NOT VERIFIED","Convert-candidate","low"
"magicui-main","reference-style-extraction/inventory/magicui-main/apps/www/registry/example/icon-cloud-demo-3.tsx","ts","11048","3AC2197EE5522330261EF338FEDB814D9584E02DA1B39FD454BBC54DF899CC75","NOT VERIFIED","Convert-candidate","low"
"magicui-main","reference-style-extraction/inventory/magicui-main/apps/www/registry/example/icon-cloud-demo.tsx","ts","765","07BD18A9BE120AE4FC80B6CC971C3C51B9B95FFF4D2895D6C252559A8E15C36E","NOT VERIFIED","Convert-candidate","low"
"magicui-main","reference-style-extraction/inventory/magicui-main/apps/www/registry/example/interactive-grid-pattern-demo-2.tsx","ts","623","879718E5271E4125C956A4A79C2AB0A7E7E4F2BEB4CECD14DBD98B58C999F704","NOT VERIFIED","Convert-candidate","low"
"magicui-main","reference-style-extraction/inventory/magicui-main/apps/www/registry/example/interactive-grid-pattern-demo.tsx","ts","567","AF269198CAE96CD3F944FE002971ECE658DAF3F207D53EC902BE2DCCCDE0FB7E","NOT VERIFIED","Convert-candidate","low"
"magicui-main","reference-style-extraction/inventory/magicui-main/apps/www/registry/example/interactive-hover-button-demo.tsx","ts","210","C8260B6C0CF85DC751018719656FE40865066964E5CAA2D837D5A666B05DDAF1","NOT VERIFIED","Convert-candidate","low"
"magicui-main","reference-style-extraction/inventory/magicui-main/apps/www/registry/example/iphone-demo-2.tsx","ts","215","0FE23D8E9DFF8B2C103DF3EAB7A9CB6633889D9E09432FBDDE318C3E033FE7B8","NOT VERIFIED","Convert-candidate","low"
"magicui-main","reference-style-extraction/inventory/magicui-main/apps/www/registry/example/iphone-demo-3.tsx","ts","251","4933C51818BB326241EC11AD133AB71E1BAE38F6560EC538B2F41374D3CFFDD0","NOT VERIFIED","Convert-candidate","low"
"magicui-main","reference-style-extraction/inventory/magicui-main/apps/www/registry/example/iphone-demo.tsx","ts","162","6ECFE05DF55FFB842ADCDDDEB5ED16F65ABEA394BE1580CE87981E357E9004DA","NOT VERIFIED","Convert-candidate","low"
"magicui-main","reference-style-extraction/inventory/magicui-main/apps/www/registry/example/kinetic-text-demo.tsx","ts","308","EFB4F511AA9E02BDA817ECAB38DE2A62AD6FB87B9D3FB96F3580F1EBFD4B5C9D","NOT VERIFIED","Convert-candidate","low"
"magicui-main","reference-style-extraction/inventory/magicui-main/apps/www/registry/example/lens-demo-2.tsx","ts","1170","D98D7F18CB914E4463CB0093CCA4F554D87773C54442633EA755A244D3B71E69","NOT VERIFIED","Convert-candidate","low"
"magicui-main","reference-style-extraction/inventory/magicui-main/apps/www/registry/example/lens-demo-3.tsx","ts","1168","D3E64E0D22D9BA905CCE2143239DC3A8E68C25EB1E5E563A171F9BEA2327F8C5","NOT VERIFIED","Convert-candidate","low"
"magicui-main","reference-style-extraction/inventory/magicui-main/apps/www/registry/example/lens-demo.tsx","ts","1263","CECC756E1D8FCC724CD9047B0BB9DB7EA18E109F687D6CA9A0B2ECECA51C4EA7","NOT VERIFIED","Convert-candidate","low"
"magicui-main","reference-style-extraction/inventory/magicui-main/apps/www/registry/example/light-rays-demo.tsx","ts","860","AE6FF9006EE7210BFD32459539F7115A26E898E1C568BEAC91DBB727C62E0F3E","NOT VERIFIED","Convert-candidate","low"
"magicui-main","reference-style-extraction/inventory/magicui-main/apps/www/registry/example/line-shadow-text-demo.tsx","ts","537","357B245B9426415082DFC8EFE474ABFCD8A44D120CF5B0A73A9518BC4E8C74BA","NOT VERIFIED","Convert-candidate","low"
"magicui-main","reference-style-extraction/inventory/magicui-main/apps/www/registry/example/magic-card-demo.tsx","ts","1618","27D1FC598D10907D4870D7D128E2BEDA3AE3E404D734A52DC33920A680F17E3F","NOT VERIFIED","Convert-candidate","low"
"magicui-main","reference-style-extraction/inventory/magicui-main/apps/www/registry/example/magic-card-demo2.tsx","ts","4793","EFFA986605737A3987CD3B8D76ADAAE8B04CECF0497A87F845A1E59BB1461C67","NOT VERIFIED","Convert-candidate","low"
"magicui-main","reference-style-extraction/inventory/magicui-main/apps/www/registry/example/marquee-3d.tsx","ts","3516","B9B0B1CA2F43D33A4B1276C97A76F3C52DF1CF7B101FFA49186A3952293075D4","NOT VERIFIED","Convert-candidate","low"
"magicui-main","reference-style-extraction/inventory/magicui-main/apps/www/registry/example/marquee-demo-vertical.tsx","ts","2487","C3A238D912831512858884B744D3E58C7F1D891A65493FADC2E0708AFC7149A5","NOT VERIFIED","Convert-candidate","low"
"magicui-main","reference-style-extraction/inventory/magicui-main/apps/www/registry/example/marquee-demo.tsx","ts","2924","7ED4E929BBF6C54B6464CEA98CC29FD1B4DA16F1AB4CDCC7A49E2EF98EC19536","NOT VERIFIED","Convert-candidate","low"
"magicui-main","reference-style-extraction/inventory/magicui-main/apps/www/registry/example/marquee-logos.tsx","ts","1437","F3FA0681672D7A1D834F7FDAC13B4F8CD9B5FC9CEDAB0061E8B93B3CF7691C03","NOT VERIFIED","Convert-candidate","low"
"magicui-main","reference-style-extraction/inventory/magicui-main/apps/www/registry/example/meteors-demo.tsx","ts","526","BA1343F7DD4B0F72C0B7A68012EBD9E48C0A1A97B912DDDC5EE5C3E1921C4FE5","NOT VERIFIED","Convert-candidate","low"
"magicui-main","reference-style-extraction/inventory/magicui-main/apps/www/registry/example/morphing-text-demo.tsx","ts","289","9661C0A40073751D4C821F60D3575F66A496E103F49895FFA5754D66E9CA97BD","NOT VERIFIED","Convert-candidate","low"
"magicui-main","reference-style-extraction/inventory/magicui-main/apps/www/registry/example/neon-gradient-card-demo.tsx","ts","592","1D984DAFCA4E761067C289BEB38E9C1BA95FE8EDBDE589C28EC654471328D22E","NOT VERIFIED","Convert-candidate","low"
"magicui-main","reference-style-extraction/inventory/magicui-main/apps/www/registry/example/noise-texture-demo-2.tsx","ts","1384","4B065DD884DA0FFE5F883C1D72A86A6340F92ADE61A09C69D873E79E1317BFE6","NOT VERIFIED","Convert-candidate","low"
"magicui-main","reference-style-extraction/inventory/magicui-main/apps/www/registry/example/noise-texture-demo-3.tsx","ts","615","E751EDEDAF5A66D5860A81F996E9A7A7DA824F47EE5B0DC26FC209B34975FF8D","NOT VERIFIED","Convert-candidate","low"
"magicui-main","reference-style-extraction/inventory/magicui-main/apps/www/registry/example/noise-texture-demo-4.tsx","ts","762","6F89339D286E74F6C52B009F68710CE023C5E855038DDBBE28F14ECDEE474ADB","NOT VERIFIED","Convert-candidate","low"
"magicui-main","reference-style-extraction/inventory/magicui-main/apps/www/registry/example/noise-texture-demo.tsx","ts","517","63BADC9787E85B4E2A88B9B94BEE5E8706D3973C7B24D38CE75D7C36F4E97218","NOT VERIFIED","Convert-candidate","low"
"magicui-main","reference-style-extraction/inventory/magicui-main/apps/www/registry/example/number-ticker-decimal-demo.tsx","ts","298","95730395C2CB12D5EB285E1FA7A5CC4FE3777D07EB8C9BC2302729BAB1EB069A","NOT VERIFIED","Convert-candidate","low"
"magicui-main","reference-style-extraction/inventory/magicui-main/apps/www/registry/example/number-ticker-demo-2.tsx","ts","295","47ABA2BB393DAB627DE1E82134C8225A61481F109E126D739000E08BFB0785D1","NOT VERIFIED","Convert-candidate","low"
"magicui-main","reference-style-extraction/inventory/magicui-main/apps/www/registry/example/number-ticker-demo.tsx","ts","273","F189295A609CD20BFDE8C4B70CA4A8D5D957176F2D3459521EABA74DEDAFC11B","NOT VERIFIED","Convert-candidate","low"
"magicui-main","reference-style-extraction/inventory/magicui-main/apps/www/registry/example/orbiting-circles-demo.tsx","ts","10337","6FF1D9122D2519C15EB4D566557613F4CE541B169DB7740F518FAB584560A455","NOT VERIFIED","Convert-candidate","low"
"magicui-main","reference-style-extraction/inventory/magicui-main/apps/www/registry/example/particles-demo.tsx","ts","854","11A9A593028AC123AA6DAAD026646492E8D9840440545D7033198925DFA9ECC3","NOT VERIFIED","Convert-candidate","low"
"magicui-main","reference-style-extraction/inventory/magicui-main/apps/www/registry/example/pixel-image-demo.tsx","ts","233","D4F8AC03149D7246D8AAEA9063F96FEAF9102BFF7CF2776BEEC4006D45C738D1","NOT VERIFIED","Convert-candidate","low"
"magicui-main","reference-style-extraction/inventory/magicui-main/apps/www/registry/example/pointer-demo-1.tsx","ts","3211","7C680B98FE4C14EF8416B0CC2B246082135C2B699D57EB10EDA0B9775CF5B103","NOT VERIFIED","Convert-candidate","low"
"magicui-main","reference-style-extraction/inventory/magicui-main/apps/www/registry/example/progressive-blur-demo.tsx","ts","751","4998844F2E99316ADEE5FB5107E8DE44B0434425846477D4EFA8BD425B01A13D","NOT VERIFIED","Convert-candidate","low"
"magicui-main","reference-style-extraction/inventory/magicui-main/apps/www/registry/example/pulsating-button-demo-2.tsx","ts","302","3C7086FD8A92ACC62E2B012018A90214BF666CA62BF4B2EA35E78EAD0A44B1C8","NOT VERIFIED","Convert-candidate","low"
"magicui-main","reference-style-extraction/inventory/magicui-main/apps/www/registry/example/pulsating-button-demo.tsx","ts","188","45BEA0642D383007C1811408845A639792C0E89E914D57A6C2622174CB3BBC63","NOT VERIFIED","Convert-candidate","low"
"magicui-main","reference-style-extraction/inventory/magicui-main/apps/www/registry/example/rainbow-button-demo-2.tsx","ts","194","529680841E6B631D7926D977C3C3F6FDA0BC36097325569703397C917E184DD1","NOT VERIFIED","Convert-candidate","low"
"magicui-main","reference-style-extraction/inventory/magicui-main/apps/www/registry/example/rainbow-button-demo.tsx","ts","176","3DD2B9DEC233609407FA1ECDD4533D0AD2A4EF04E2770892C728FF7030CF5E2D","NOT VERIFIED","Convert-candidate","low"
"magicui-main","reference-style-extraction/inventory/magicui-main/apps/www/registry/example/retro-grid-demo.tsx","ts","553","7F65EDDB1DB8959C7F399797DC390C23907EACCBC1F35B152C8C04EF60A9E8FD","NOT VERIFIED","Convert-candidate","low"
"magicui-main","reference-style-extraction/inventory/magicui-main/apps/www/registry/example/ripple-button-demo.tsx","ts","181","DE6B2C1DD09FE3F984357C6D457D23888A53B25A0190E0D112B97FBA4FA309C7","NOT VERIFIED","Convert-candidate","low"
"magicui-main","reference-style-extraction/inventory/magicui-main/apps/www/registry/example/ripple-demo.tsx","ts","408","78E12B21F4919D83030656D18CAA088AA859E57A67265B1E0B7A27B9DA768414","NOT VERIFIED","Convert-candidate","low"
"magicui-main","reference-style-extraction/inventory/magicui-main/apps/www/registry/example/safari-demo-2.tsx","ts","270","11C3223F22700C40303D8E1004549B0BC985E7814F73E5B86A5D0F8FB8FD4F50","NOT VERIFIED","Convert-candidate","low"
"magicui-main","reference-style-extraction/inventory/magicui-main/apps/www/registry/example/safari-demo-3.tsx","ts","299","7E8C8C28CC95C69DBDD5C09334640F89E7A1A2F46A0594A0BC7C828284205B64","NOT VERIFIED","Convert-candidate","low"
"magicui-main","reference-style-extraction/inventory/magicui-main/apps/www/registry/example/safari-demo-4.tsx","ts","204","D77F685B22209EF2473954E62EB03AFB745F512939659EFC3B407B06EC924668","NOT VERIFIED","Convert-candidate","low"
"magicui-main","reference-style-extraction/inventory/magicui-main/apps/www/registry/example/safari-demo.tsx","ts","190","107686F75FA4DBFEA82AD80EB29D8145CCF7D2319CF65606F4E9795DFE48DECE","NOT VERIFIED","Convert-candidate","low"
"magicui-main","reference-style-extraction/inventory/magicui-main/apps/www/registry/example/scroll-based-velocity-demo.tsx","ts","887","6FBD077BCFA248A0C0125FEC77EC01567F8DBB5C64FF3E85C8811F0EA6F3A156","NOT VERIFIED","Convert-candidate","low"
"magicui-main","reference-style-extraction/inventory/magicui-main/apps/www/registry/example/scroll-based-velocity-images-demo.tsx","ts","2364","702EB5E66E149B036512067B0536BB42D6D1BE1677654E08F8A23A6ABACCF24D","NOT VERIFIED","Convert-candidate","low"
"magicui-main","reference-style-extraction/inventory/magicui-main/apps/www/registry/example/scroll-progress-demo.tsx","ts","357","682091DC20311DA32D88E7D6606B0F1ED9546130D38F88F6423DBDBB698C3047","NOT VERIFIED","Convert-candidate","low"
"magicui-main","reference-style-extraction/inventory/magicui-main/apps/www/registry/example/shimmer-button-demo.tsx","ts","395","079683A50878B46A554CF78851811A4ECE74E6400262C6ECF80B1C1468DE48EC","NOT VERIFIED","Convert-candidate","low"
"magicui-main","reference-style-extraction/inventory/magicui-main/apps/www/registry/example/shine-border-demo-2.tsx","ts","1371","95F5BF8034ACEA963CFD850EFF92907037EB234DD9C6489CE108B9AB3FEAB3DD","NOT VERIFIED","Convert-candidate","low"
"magicui-main","reference-style-extraction/inventory/magicui-main/apps/www/registry/example/shine-border-demo.tsx","ts","1301","A7C9410583E33411BFA577ECFA271931CC9A28F2A674F19B3FC57805492599A8","NOT VERIFIED","Convert-candidate","low"
"magicui-main","reference-style-extraction/inventory/magicui-main/apps/www/registry/example/shiny-button-demo.tsx","ts","158","0A6D6576BBB19D50AD4A48750193173C48FE1A08074CA52F87590602F67AB5B6","NOT VERIFIED","Convert-candidate","low"
"magicui-main","reference-style-extraction/inventory/magicui-main/apps/www/registry/example/smooth-cursor-demo.tsx","ts","340","C10AB610BC4FE4F27C0ED8FE498C1BDCD123FB517496990734C450DA3DB8BCD8","NOT VERIFIED","Convert-candidate","low"
"magicui-main","reference-style-extraction/inventory/magicui-main/apps/www/registry/example/sparkles-text-demo.tsx","ts","159","8BB99B55C59FB63C5F9C930636F41235ECD95D8BCDC50A45D49FD3736646048A","NOT VERIFIED","Convert-candidate","low"
"magicui-main","reference-style-extraction/inventory/magicui-main/apps/www/registry/example/spinning-text-demo-2.tsx","ts","269","3125ACA0066EF9A37EFCA459D47D8CA6B7A8E7EB071A3BF6E6C040E50FC6EADD","NOT VERIFIED","Convert-candidate","low"
"magicui-main","reference-style-extraction/inventory/magicui-main/apps/www/registry/example/spinning-text-demo.tsx","ts","194","0DED5B5E8A39690F8C21584B0C7FE13F6FC4B14B45BC6E0B36E5A8F352ACB594","NOT VERIFIED","Convert-candidate","low"
"magicui-main","reference-style-extraction/inventory/magicui-main/apps/www/registry/example/striped-pattern-dashed.tsx","ts","332","5528A11E69659D7D52E98B48F9B5FB724365598D656C1281F71E20A2F87CDF4F","NOT VERIFIED","Convert-candidate","low"
"magicui-main","reference-style-extraction/inventory/magicui-main/apps/www/registry/example/striped-pattern-demo.tsx","ts","376","9F62530A82640BBF25538558A1A0362B7CAD9A4D5ED584D46CC7D31AA35933A4","NOT VERIFIED","Convert-candidate","low"
"magicui-main","reference-style-extraction/inventory/magicui-main/apps/www/registry/example/striped-pattern-right.tsx","ts","312","F066B9DB69A788EBB2E5288B5CB5E23BD044961CF27F2317AE4C8033CAED19D7","NOT VERIFIED","Convert-candidate","low"
"magicui-main","reference-style-extraction/inventory/magicui-main/apps/www/registry/example/terminal-demo-2.tsx","ts","603","AF9E1F370B7863E24949F462AFEB01100B6EF4F02650151B07FFD3420B10CB87","NOT VERIFIED","Convert-candidate","low"
"magicui-main","reference-style-extraction/inventory/magicui-main/apps/www/registry/example/terminal-demo.tsx","ts","1649","869F0FFEE9300EE052659BF3A5B10AB1C3B727CBC6DC841BC3BCA128E35795D1","NOT VERIFIED","Convert-candidate","low"
"magicui-main","reference-style-extraction/inventory/magicui-main/apps/www/registry/example/text-3d-flip-demo-2.tsx","ts","455","160978EC8098834BF5EC7BD066B036CDE707E03D33E77E4756D1A81ABE7737BC","NOT VERIFIED","Convert-candidate","low"
"magicui-main","reference-style-extraction/inventory/magicui-main/apps/www/registry/example/text-3d-flip-demo.tsx","ts","527","0252AD2243A2970DCDF279CB398889CF859E3DF09451E413F140A97F22B6D044","NOT VERIFIED","Convert-candidate","low"
"magicui-main","reference-style-extraction/inventory/magicui-main/apps/www/registry/example/text-animate-demo-2.tsx","ts","208","1E427FAC192F43AB2CFFA64ECE85F088A1D92014F089A85A6E4349855F02D947","NOT VERIFIED","Convert-candidate","low"
"magicui-main","reference-style-extraction/inventory/magicui-main/apps/www/registry/example/text-animate-demo-3.tsx","ts","215","A25542271DA96F7B1BEB216EC0474511CC32FAB60356776842049E19A82C13C9","NOT VERIFIED","Convert-candidate","low"
"magicui-main","reference-style-extraction/inventory/magicui-main/apps/www/registry/example/text-animate-demo-4.tsx","ts","215","CB77C1A855C7098311586FC85B142AE7C750086F90A62000121A9AD43419C578","NOT VERIFIED","Convert-candidate","low"
"magicui-main","reference-style-extraction/inventory/magicui-main/apps/www/registry/example/text-animate-demo-5.tsx","ts","301","79E9C63BD8263B8A02CD446FE15A3B429700EBD0814754165B53F8264929D876","NOT VERIFIED","Convert-candidate","low"
"magicui-main","reference-style-extraction/inventory/magicui-main/apps/www/registry/example/text-animate-demo-6.tsx","ts","229","6887E547FB2A9F31257CC1D70800918E94DA48F9F695888FDD2E9838EEF6F95D","NOT VERIFIED","Convert-candidate","low"
"magicui-main","reference-style-extraction/inventory/magicui-main/apps/www/registry/example/text-animate-demo-7.tsx","ts","235","65B5641ACC0BB4857B07A389770A0367A0D67532DAA2BBFEC4F72C8E50632922","NOT VERIFIED","Convert-candidate","low"
"magicui-main","reference-style-extraction/inventory/magicui-main/apps/www/registry/example/text-animate-demo-8.tsx","ts","238","839F37CE582F7EB0796DF4BD263E3A47B749B8B0A99303461316853A019A8D34","NOT VERIFIED","Convert-candidate","low"
"magicui-main","reference-style-extraction/inventory/magicui-main/apps/www/registry/example/text-animate-demo-9.tsx","ts","1168","1164B02B304C6E354A104FB3AF2910BA1CFE078CDC8FD0A8A0A4BD3D01100A80","NOT VERIFIED","Convert-candidate","low"
"magicui-main","reference-style-extraction/inventory/magicui-main/apps/www/registry/example/text-animate-demo.tsx","ts","229","0DBB2E98A42F5B40BE3223414400EC51785E99F86EBCFD79D9C89EFDF00FA75E","NOT VERIFIED","Convert-candidate","low"
"magicui-main","reference-style-extraction/inventory/magicui-main/apps/www/registry/example/text-reveal-demo.tsx","ts","181","874031091B4BB36E48B5278734653F5E42C967AF1FE4284500D118D052930369","NOT VERIFIED","Convert-candidate","low"
"magicui-main","reference-style-extraction/inventory/magicui-main/apps/www/registry/example/tweet-card-demo.tsx","ts","252","E55ACEEBD0D6B5975A003E4D4F67DD9AB19BC3839A4AFC1CCBE1E04368501782","NOT VERIFIED","Convert-candidate","low"
"magicui-main","reference-style-extraction/inventory/magicui-main/apps/www/registry/example/tweet-card-images.tsx","ts","191","A24F3E35986CED4C45967BD1CF343ADF5913228B58A492CD483C4916B25357BD","NOT VERIFIED","Convert-candidate","low"
"magicui-main","reference-style-extraction/inventory/magicui-main/apps/www/registry/example/tweet-card-meta-preview.tsx","ts","196","29052A29053AB9465F065E744A36BFE8C19AB525CE3859BC13B39455C053717D","NOT VERIFIED","Convert-candidate","low"
"magicui-main","reference-style-extraction/inventory/magicui-main/apps/www/registry/example/typing-animation-demo-2.tsx","ts","196","6BBA3DB0BBDF9C88335B1B5434052F0AEE740D779C950897141E3B0FB3F5DABF","NOT VERIFIED","Convert-candidate","low"
"magicui-main","reference-style-extraction/inventory/magicui-main/apps/www/registry/example/typing-animation-demo-3.tsx","ts","279","C76DB45811FA30B25D0C75EFF040E35A196617BE5910683A504A27A67607EB34","NOT VERIFIED","Convert-candidate","low"
"magicui-main","reference-style-extraction/inventory/magicui-main/apps/www/registry/example/typing-animation-demo-4.tsx","ts","204","06CBA044ACF1958F985B7D9961F457EB3DE48143D65F8C52072E057FE9F07C5E","NOT VERIFIED","Convert-candidate","low"
"magicui-main","reference-style-extraction/inventory/magicui-main/apps/www/registry/example/typing-animation-demo-5.tsx","ts","190","1A59D5D9A16C73CA5781618225CE835C51D7DE05AA0E1D20DA7BE72728F6D938","NOT VERIFIED","Convert-candidate","low"
"magicui-main","reference-style-extraction/inventory/magicui-main/apps/www/registry/example/typing-animation-demo-6.tsx","ts","190","9AB9B020B6D9CAB894FA1282E7D5320FE92369F6BFF7147CCB8F21BCE40E2275","NOT VERIFIED","Convert-candidate","low"
"magicui-main","reference-style-extraction/inventory/magicui-main/apps/www/registry/example/typing-animation-demo-7.tsx","ts","981","F037C9CCA7FFCF81DB87FA006F8184ADE8A7F89AF7F8AE3D4C4636FD35BF1B68","NOT VERIFIED","Convert-candidate","low"
"magicui-main","reference-style-extraction/inventory/magicui-main/apps/www/registry/example/typing-animation-demo-8.tsx","ts","1024","9AA5A29033640F7CD2E86B8E2DB8DE99B809CAE77187A775CFD89100F20A915A","NOT VERIFIED","Convert-candidate","low"
"magicui-main","reference-style-extraction/inventory/magicui-main/apps/www/registry/example/typing-animation-demo.tsx","ts","173","5D7971BA7E6CFA06DD4901410522329B3B77F6EAB1B309F8ACB33B0C118BB4D4","NOT VERIFIED","Convert-candidate","low"
"magicui-main","reference-style-extraction/inventory/magicui-main/apps/www/registry/example/video-text-demo.tsx","ts","294","2A428F360427EE2EA72ADD81D16E2088D1A04B8EF296FD28A3D7E4CC0F4AE46F","NOT VERIFIED","Convert-candidate","low"
"magicui-main","reference-style-extraction/inventory/magicui-main/apps/www/registry/example/warp-background-demo.tsx","ts","698","0FC88AA94922C1B739C99EED6363B2EA47AEA536E67FA2C6AB9D717987A8F6AE","NOT VERIFIED","Convert-candidate","low"
"magicui-main","reference-style-extraction/inventory/magicui-main/apps/www/registry/example/word-rotate-demo.tsx","ts","241","ED43DEDE364E3E9E3556AA7F0B5003EB29CB2C43652D919656FEF0629175A93C","NOT VERIFIED","Convert-candidate","low"
"magicui-main","reference-style-extraction/inventory/magicui-main/apps/www/registry/lib/utils.ts","ts","166","7C8C3DFC0CDD370D44932828EB067EF771C8FE7996693221D5D4B90AF6D54F2D","NOT VERIFIED","Convert-candidate","low"
"magicui-main","reference-style-extraction/inventory/magicui-main/apps/www/registry/magicui/android.tsx","ts","2855","F14AA195F16251E595D0CC14C62E2D9E5D467896C43D68FFAE4B3844DC8CFD0D","NOT VERIFIED","Convert-candidate","low"
"magicui-main","reference-style-extraction/inventory/magicui-main/apps/www/registry/magicui/animated-beam.tsx","ts","4986","6AFA2EE1D01694A428EB8517D48DEEBE5C6B532DC0EE871800BB9D92AAE43E79","NOT VERIFIED","Convert-candidate","low"
"magicui-main","reference-style-extraction/inventory/magicui-main/apps/www/registry/magicui/animated-circular-progress-bar.tsx","ts","3524","C7F974283804607484AFBA34A5886AF027CB58528A1987F392C35A577A77A782","NOT VERIFIED","Convert-candidate","low"
"magicui-main","reference-style-extraction/inventory/magicui-main/apps/www/registry/magicui/animated-gradient-text.tsx","ts","871","E5F0B81BE1A9DC707199C2FD10C588BDE872C72A02E2EB6D195D080112A34692","NOT VERIFIED","Convert-candidate","low"
"magicui-main","reference-style-extraction/inventory/magicui-main/apps/www/registry/magicui/animated-grid-pattern.tsx","ts","4410","FDA051F51F5B805983BEB855633E05BFCBF17A4B94A2459E5352D8BD624F618A","NOT VERIFIED","Convert-candidate","low"
"magicui-main","reference-style-extraction/inventory/magicui-main/apps/www/registry/magicui/animated-list.tsx","ts","2036","9363C5AFA61D7AAB1919B4500F7325CC8871B35103D5DD60A2A1625FE5E7DC58","NOT VERIFIED","Convert-candidate","low"
"magicui-main","reference-style-extraction/inventory/magicui-main/apps/www/registry/magicui/animated-shiny-text.tsx","ts","999","3743A0A0B4894840A96BACD839E493872BAC484A940684F91FD23A1784C00FBB","NOT VERIFIED","Convert-candidate","low"
"magicui-main","reference-style-extraction/inventory/magicui-main/apps/www/registry/magicui/animated-subscribe-button.tsx","ts","3326","2ED0150ECD28EB641877771D9E426A97631E98DF1A4A69E0CC0BF4E3456459DB","NOT VERIFIED","Convert-candidate","low"
"magicui-main","reference-style-extraction/inventory/magicui-main/apps/www/registry/magicui/animated-theme-toggler.tsx","ts","8392","D2FAACF6282BC00A069CCD2BDEBCA1DA38E3F3A70755D0A9B21582E6CCE7C4DF","NOT VERIFIED","Convert-candidate","low"
"magicui-main","reference-style-extraction/inventory/magicui-main/apps/www/registry/magicui/aurora-text.tsx","ts","1008","C7BD0B72A093084A881416975249C507DDD715249AC5832A9161538EEEF29927","NOT VERIFIED","Convert-candidate","low"
"magicui-main","reference-style-extraction/inventory/magicui-main/apps/www/registry/magicui/avatar-circles.tsx","ts","1214","E0900FA87DF8042AD4F98D1EC8168B1504B207EB0211ED19B1BA079D1F9741DD","NOT VERIFIED","Convert-candidate","low"
"magicui-main","reference-style-extraction/inventory/magicui-main/apps/www/registry/magicui/backlight.tsx","ts","867","D302FBCBFA80F42CF59F3FFBF4451627F6A79D9206D6E3BC1FB3F65511515108","NOT VERIFIED","Convert-candidate","low"
"magicui-main","reference-style-extraction/inventory/magicui-main/apps/www/registry/magicui/bento-grid.tsx","ts","3206","9C2ABCB2A4E51519E56D510299771A2D0E170AB9927A9A792A58614B1837ED47","NOT VERIFIED","Convert-candidate","low"
"magicui-main","reference-style-extraction/inventory/magicui-main/apps/www/registry/magicui/blur-fade.tsx","ts","2220","99A8E83AA8817F48E26D921E959FF9ABEFB5C2F1F0B72B166ED95E88E015949F","NOT VERIFIED","Convert-candidate","low"
"magicui-main","reference-style-extraction/inventory/magicui-main/apps/www/registry/magicui/border-beam.tsx","ts","2452","AD5092442D22DA534FECCF551C264B7B897E882C1A4AB83B7E51D4F0D3034FEC","NOT VERIFIED","Convert-candidate","low"
"magicui-main","reference-style-extraction/inventory/magicui-main/apps/www/registry/magicui/client-tweet-card.tsx","ts","656","22729F6D38742C2F76173F1B4E30CCEC48902E1920613E8066C5B2DCCA2FB16F","NOT VERIFIED","Convert-candidate","low"
"magicui-main","reference-style-extraction/inventory/magicui-main/apps/www/registry/magicui/code-comparison.tsx","ts","6248","A06698296A219AC0D7FFA098F6D5D2BBF38C3F825AF5A8B01786FDDF16B969AC","NOT VERIFIED","Convert-candidate","low"
"magicui-main","reference-style-extraction/inventory/magicui-main/apps/www/registry/magicui/comic-text.tsx","ts","1588","BCB40F7B7D66458632699E8C3F3BC0CCC8DD47B60088C746D3CC329D95AC39C4","NOT VERIFIED","Convert-candidate","low"
"magicui-main","reference-style-extraction/inventory/magicui-main/apps/www/registry/magicui/confetti.tsx","ts","3308","1A448005A80DF3EDB402F2C61EE4B2BD9297ADEDABF12EFC63EE8B8250343B09","NOT VERIFIED","Convert-candidate","low"
"magicui-main","reference-style-extraction/inventory/magicui-main/apps/www/registry/magicui/cool-mode.tsx","ts","7671","5C9284E754E508C747CB1E3DB0D8ADF888B2D9ED3399DE8313F340003DF6C9F6","NOT VERIFIED","Convert-candidate","low"
"magicui-main","reference-style-extraction/inventory/magicui-main/apps/www/registry/magicui/dia-text-reveal.tsx","ts","6911","239650378A2165DB192EBFA8961F9E683E35EDD290D83A17339798F8924CBE4F","NOT VERIFIED","Convert-candidate","low"
"magicui-main","reference-style-extraction/inventory/magicui-main/apps/www/registry/magicui/dock.tsx","ts","3967","519CB0624E01D4063E5DE51B40AC6CF0B82FF3E05E4FBEC6416C3788ACD78FC5","NOT VERIFIED","Convert-candidate","low"
"magicui-main","reference-style-extraction/inventory/magicui-main/apps/www/registry/magicui/dot-pattern.tsx","ts","4251","F198FFAD23F2404F7F8D0D562E1EEC5D5D43E61635994BF74A214AF9FA553BCB","NOT VERIFIED","Convert-candidate","low"
"magicui-main","reference-style-extraction/inventory/magicui-main/apps/www/registry/magicui/dotted-map.tsx","ts","4972","9CF9A7EDBED239B6E8CFDAD588A97400D059CCF8F391D94F3CF033261A5EF7D9","NOT VERIFIED","Convert-candidate","low"
"magicui-main","reference-style-extraction/inventory/magicui-main/apps/www/registry/magicui/file-tree.tsx","ts","12571","FFC123A907FA76F9BCC4A2BC42FAB53473021343399F91E9954E3923B0F07416","NOT VERIFIED","Convert-candidate","low"
"magicui-main","reference-style-extraction/inventory/magicui-main/apps/www/registry/magicui/flickering-grid.tsx","ts","5463","16E5EE59FDA4298A8E2210B38AD260B9C278AB8CF4A0817ED410D9E78EDBDC3B","NOT VERIFIED","Convert-candidate","low"
"magicui-main","reference-style-extraction/inventory/magicui-main/apps/www/registry/magicui/glare-hover.tsx","ts","4174","DB8084AE31FB41978CE5C2FC164E7D2C63CF414E3817FE444DCA4ED177C9986F","NOT VERIFIED","Convert-candidate","low"
"magicui-main","reference-style-extraction/inventory/magicui-main/apps/www/registry/magicui/globe.tsx","ts","3506","76422BF378C6503883706FE7AF90132F7716DBE383FAB7728A95C95E4D16CFD0","NOT VERIFIED","Convert-candidate","low"
"magicui-main","reference-style-extraction/inventory/magicui-main/apps/www/registry/magicui/grid-pattern.tsx","ts","1537","1D1CAAF01DE0A1EBFDFFEA1163535F8FBFDFBEE33CD0A640E09388815D1823DF","NOT VERIFIED","Convert-candidate","low"
"magicui-main","reference-style-extraction/inventory/magicui-main/apps/www/registry/magicui/hero-video-dialog.tsx","ts","4967","8A7A25227054B5B747E77EFE12AACF3E4FFF4410A55E4BCD8FDA6C5BCF71B670","NOT VERIFIED","Convert-candidate","low"
"magicui-main","reference-style-extraction/inventory/magicui-main/apps/www/registry/magicui/hexagon-pattern.tsx","ts","8403","466ED6CAFC0DE757A37CED4B3659E6713D98DD6F97325982813F5F390D97AD68","NOT VERIFIED","Convert-candidate","low"
"magicui-main","reference-style-extraction/inventory/magicui-main/apps/www/registry/magicui/highlighter.tsx","ts","2214","521C876AC04938AE747126A5277C14C6EB19114A9A09C3567249A7D2EE2AF5B2","NOT VERIFIED","Convert-candidate","low"
"magicui-main","reference-style-extraction/inventory/magicui-main/apps/www/registry/magicui/hyper-text.tsx","ts","4715","12A2F5AA5D53E20CCBE611BDE8057083451BDA69A31318DB166F758289CB93E8","NOT VERIFIED","Convert-candidate","low"
"magicui-main","reference-style-extraction/inventory/magicui-main/apps/www/registry/magicui/icon-cloud.tsx","ts","9635","A2A7DC163D6B2EC62A391583FB823F91C2033FA2567D6D580DA37B9DC78EAA05","NOT VERIFIED","Convert-candidate","low"
"magicui-main","reference-style-extraction/inventory/magicui-main/apps/www/registry/magicui/interactive-grid-pattern.tsx","ts","2184","953385A7FAE475DAC73F5A88DE878CFD8DAB1EA5B83A95638EF06BBB10F0A6E2","NOT VERIFIED","Convert-candidate","low"
"magicui-main","reference-style-extraction/inventory/magicui-main/apps/www/registry/magicui/interactive-hover-button.tsx","ts","1094","AB16B3A2EFEA7FCC84A0EDDEB7DAD5304B403F89D22E056427FD3F905BAAA0DE","NOT VERIFIED","Convert-candidate","low"
"magicui-main","reference-style-extraction/inventory/magicui-main/apps/www/registry/magicui/iphone.tsx","ts","5882","64AA5F8F05C2444D2F0F791328A6BC5C0CC73624EB53DDE2C5D29CD710C20124","NOT VERIFIED","Convert-candidate","low"
"magicui-main","reference-style-extraction/inventory/magicui-main/apps/www/registry/magicui/kinetic-text.tsx","ts","1552","A02AB6C77AE376778FEC3C27B0B1C9D0D7EC0F7E0AC9434D0716EB217556C355","NOT VERIFIED","Convert-candidate","low"
"magicui-main","reference-style-extraction/inventory/magicui-main/apps/www/registry/magicui/lens.tsx","ts","3555","85E2AE91387EE22D1492224E5767788653B5954A2D65EC0FD59CA023DAE6F0E3","NOT VERIFIED","Convert-candidate","low"
"magicui-main","reference-style-extraction/inventory/magicui-main/apps/www/registry/magicui/light-rays.tsx","ts","3682","E0B8D42D19A7B05B80F69BF023DADC24143D6B7B75DA113BD158EDDBF36D46BF","NOT VERIFIED","Convert-candidate","low"
"magicui-main","reference-style-extraction/inventory/magicui-main/apps/www/registry/magicui/line-shadow-text.tsx","ts","1569","5103C5E2C2D30325D8581C1D172837B0040810F7361080208ECBA1556BD52AFA","NOT VERIFIED","Convert-candidate","low"
"magicui-main","reference-style-extraction/inventory/magicui-main/apps/www/registry/magicui/magic-card.tsx","ts","6314","6139E78ED228EBCA18ED144F4A2714A89214C2EF604F1F82BC2F61204C3F3FA3","NOT VERIFIED","Convert-candidate","low"
"magicui-main","reference-style-extraction/inventory/magicui-main/apps/www/registry/magicui/marquee.tsx","ts","1658","779F360A107409BFA35CDA13BCEF7D54CD620A15AB4A0EE50412442A4DD6B9C7","NOT VERIFIED","Convert-candidate","low"
"magicui-main","reference-style-extraction/inventory/magicui-main/apps/www/registry/magicui/meteors.tsx","ts","1610","0730D0D6449FB3FB098A5E9EDC80D066BDF06EBBB1D1E598B8FB6A10FF4A5FF9","NOT VERIFIED","Convert-candidate","low"
"magicui-main","reference-style-extraction/inventory/magicui-main/apps/www/registry/magicui/morphing-text.tsx","ts","3628","8475EC9BEAE637A2AF6183ED1F91227D0E048F93051352FAA0E8D921B2C53D62","NOT VERIFIED","Convert-candidate","low"
"magicui-main","reference-style-extraction/inventory/magicui-main/apps/www/registry/magicui/neon-gradient-card.tsx","ts","4205","4BDD59E2138BAE98FAAE8E1FB9636602F9F6700CB97F5A6D59BB6750ECDBE5A9","NOT VERIFIED","Convert-candidate","low"
"magicui-main","reference-style-extraction/inventory/magicui-main/apps/www/registry/magicui/noise-texture.tsx","ts","1785","90CAD110CF368C95BD40EDCDFE64D52C6AACB0656996E20867562787F4CA4C1C","NOT VERIFIED","Convert-candidate","low"
"magicui-main","reference-style-extraction/inventory/magicui-main/apps/www/registry/magicui/number-ticker.tsx","ts","1799","0F7DCBC6A1962615A877590304E846F33D390002A51F2226F544938577C220F4","NOT VERIFIED","Convert-candidate","low"
"magicui-main","reference-style-extraction/inventory/magicui-main/apps/www/registry/magicui/orbiting-circles.tsx","ts","1735","859B88B6C22144E5CD4BF04AB49D339090EEA13B422D3085A80584E6B9D4DA68","NOT VERIFIED","Convert-candidate","low"
"magicui-main","reference-style-extraction/inventory/magicui-main/apps/www/registry/magicui/particles.tsx","ts","8543","F768E19DECA7C0BA9C424B4683B62CAE3EEDD11EF3DAC8B0363E65C2773F236E","NOT VERIFIED","Convert-candidate","low"
"magicui-main","reference-style-extraction/inventory/magicui-main/apps/www/registry/magicui/pixel-image.tsx","ts","3314","88240ED4CFCF58EB1C77AB79B524EE5721135DC0A243D892D0AC3420708626C2","NOT VERIFIED","Convert-candidate","low"
"magicui-main","reference-style-extraction/inventory/magicui-main/apps/www/registry/magicui/pointer.tsx","ts","3215","F46B0109767CA079E5BC87CCBAAC0091216AD84C3DA09B15B7C176664AFF9E6F","NOT VERIFIED","Convert-candidate","low"
"magicui-main","reference-style-extraction/inventory/magicui-main/apps/www/registry/magicui/progressive-blur.tsx","ts","4423","2D1A95B26A66B707CD786C626E3FE7819330D7EC585618AFB301E6CD776D811B","NOT VERIFIED","Convert-candidate","low"
"magicui-main","reference-style-extraction/inventory/magicui-main/apps/www/registry/magicui/pulsating-button.tsx","ts","3132","F73DD2D7DA811EA0202B5BAB7D441562F48772A55459B26316C8DC836EE852CA","NOT VERIFIED","Convert-candidate","low"
"magicui-main","reference-style-extraction/inventory/magicui-main/apps/www/registry/magicui/rainbow-button.tsx","ts","3399","3AD62DED1D8DEC250F2B4A72A5CD5799FB0263676048CB0898771BE0C31ABE0C","NOT VERIFIED","Convert-candidate","low"
"magicui-main","reference-style-extraction/inventory/magicui-main/apps/www/registry/magicui/retro-grid.tsx","ts","23431","7434890F7345291453245866AE78F3F8D622A75A4E3B806729CA33C995EF6142","NOT VERIFIED","Convert-candidate","low"
"magicui-main","reference-style-extraction/inventory/magicui-main/apps/www/registry/magicui/ripple-button.tsx","ts","2858","35F408BF877CB842BF3C135DD0F207A4B9FD30881C60E1979C3CDB3130177983","NOT VERIFIED","Convert-candidate","low"
"magicui-main","reference-style-extraction/inventory/magicui-main/apps/www/registry/magicui/ripple.tsx","ts","1564","1AC207017C0F4E993F83A1EAD8B8A1B4A92286EF1595A297ABA79782B2616EAF","NOT VERIFIED","Convert-candidate","low"
"magicui-main","reference-style-extraction/inventory/magicui-main/apps/www/registry/magicui/safari.tsx","ts","13124","2CB6CE69DEF86020F6860A3DD8696F0998DAC340DB932A3EEE05E990B2E29F3E","NOT VERIFIED","Convert-candidate","low"
"magicui-main","reference-style-extraction/inventory/magicui-main/apps/www/registry/magicui/scroll-based-velocity.tsx","ts","6198","17CEBE769A2337587BCB0E8E5D3EBD71F5B7FFC27AD1F6F59A8971F5D277B844","NOT VERIFIED","Convert-candidate","low"
"magicui-main","reference-style-extraction/inventory/magicui-main/apps/www/registry/magicui/scroll-progress.tsx","ts","681","4D79D33956520A69FF3C74509DEAEE7BE6036125B0E0FB54078EBA7EEEFE894A","NOT VERIFIED","Convert-candidate","low"
"magicui-main","reference-style-extraction/inventory/magicui-main/apps/www/registry/magicui/shimmer-button.tsx","ts","2846","C85FFDA63BA086D2078A8DACFFDFC25F0B106E1566362FA251888A214EE3C010","NOT VERIFIED","Convert-candidate","low"
"magicui-main","reference-style-extraction/inventory/magicui-main/apps/www/registry/magicui/shine-border.tsx","ts","1649","C9344B563C2427F26393F6F5E2FE5C72D6A3FCB4B90B8F073EBAD515E963C46C","NOT VERIFIED","Convert-candidate","low"
"magicui-main","reference-style-extraction/inventory/magicui-main/apps/www/registry/magicui/shiny-button.tsx","ts","2285","916C8B8FFE1A018B560DFF80AED78CDFAEDED889BCBEC70E3FE34618D5073ABF","NOT VERIFIED","Convert-candidate","low"
"magicui-main","reference-style-extraction/inventory/magicui-main/apps/www/registry/magicui/smooth-cursor.tsx","ts","6754","26958BAEBD3EF4D3F85AD991A07F168004AC6728074D620D50321DCD5F126BD9","NOT VERIFIED","Convert-candidate","low"
"magicui-main","reference-style-extraction/inventory/magicui-main/apps/www/registry/magicui/sparkles-text.tsx","ts","4089","5AC7A5D572783B4224E7A2B6C3B811AF64F4751647C43CD6EB951114B157C291","NOT VERIFIED","Convert-candidate","low"
"magicui-main","reference-style-extraction/inventory/magicui-main/apps/www/registry/magicui/spinning-text.tsx","ts","2641","9267B15781F32C89DBCA40E7570BE87A7D81AC5D3927F122D8EB56FB2EC21E97","NOT VERIFIED","Convert-candidate","low"
"magicui-main","reference-style-extraction/inventory/magicui-main/apps/www/registry/magicui/striped-pattern.tsx","ts","1400","E7616DB6087216FC5E8AD0E0AA3FADA349EA238A651D85EF4986C88F1F070966","NOT VERIFIED","Convert-candidate","low"
"magicui-main","reference-style-extraction/inventory/magicui-main/apps/www/registry/magicui/terminal.tsx","ts","7716","A0ECE03773E1A17862E049F11F72647B5DB44DC1400473BDECD3C0E81F43F2D7","NOT VERIFIED","Convert-candidate","low"
"magicui-main","reference-style-extraction/inventory/magicui-main/apps/www/registry/magicui/text-3d-flip.tsx","ts","7071","D0EC56314F80B3E1CA9A56BC2B690AB379DCDA2306562849FD137AB59EA14615","NOT VERIFIED","Convert-candidate","low"
"magicui-main","reference-style-extraction/inventory/magicui-main/apps/www/registry/magicui/text-animate.tsx","ts","9471","367D98FAFE09729D0E5256C620BD3979EC644A8BCAA03028FFC15DEFB741C024","NOT VERIFIED","Convert-candidate","low"
"magicui-main","reference-style-extraction/inventory/magicui-main/apps/www/registry/magicui/text-reveal.tsx","ts","1965","AF69B435AA66A762AF04D7D85B8578627AD9FB6541D01170135756E647D36240","NOT VERIFIED","Convert-candidate","low"
"magicui-main","reference-style-extraction/inventory/magicui-main/apps/www/registry/magicui/tweet-card.tsx","ts","8891","BF984608F518F6D27E509AE007106CB787299A0E83CB005F7000D18843709DFB","NOT VERIFIED","Convert-candidate","low"
"magicui-main","reference-style-extraction/inventory/magicui-main/apps/www/registry/magicui/typing-animation.tsx","ts","5671","70CE53AFF9DD61CBA9D5C8999E8A05120839D4D8E0396A5E0A1579F155D18E4B","NOT VERIFIED","Convert-candidate","low"
"magicui-main","reference-style-extraction/inventory/magicui-main/apps/www/registry/magicui/video-text.tsx","ts","3484","D78C155306D23122AFBB70FC2E2B00489F30CB72F97979A1890F1A97C1345F09","NOT VERIFIED","Convert-candidate","low"
"magicui-main","reference-style-extraction/inventory/magicui-main/apps/www/registry/magicui/warp-background.tsx","ts","5864","DBD8BF907A6DAB09FA883291A809A9E1376D18F8EDA7F8EF2C9445F3A696320B","NOT VERIFIED","Convert-candidate","low"
"magicui-main","reference-style-extraction/inventory/magicui-main/apps/www/registry/magicui/word-rotate.tsx","ts","1140","201852C2DDD0C63F1CEFA730C50F97D88C1D4EE4B7158CA35032B8EFC91D2293","NOT VERIFIED","Convert-candidate","low"
"magicui-main","reference-style-extraction/inventory/magicui-main/apps/www/scripts/build-registry.mts","other","9615","B8696B298F176E48274953DCC3CDAFA6914AE2190934C3BD84AACEC69D399DFA","NOT VERIFIED","Convert-candidate","low"
"magicui-main","reference-style-extraction/inventory/magicui-main/apps/www/scripts/sync-example-registry-dependencies.mts","other","19591","6D10CC8644785A84DE15B33ED673E772BAB10BE8FF3EC51AEA56FCB5D817FE29","NOT VERIFIED","Convert-candidate","low"
"magicui-main","reference-style-extraction/inventory/magicui-main/apps/www/styles/globals.css","css","16156","B290AD71358829D043A8453924E0B97878596294849DE34EA08451412FD760F2","NOT VERIFIED","Convert-candidate","low"
"magicui-main","reference-style-extraction/inventory/magicui-main/apps/www/types/index.d.ts","ts","415","3FEB8D9C24388388F5BB307C1C3598615BE5CDF96D1CF0B5FC53865DDE696EB3","NOT VERIFIED","Convert-candidate","low"
"magicui-main","reference-style-extraction/inventory/magicui-main/apps/www/types/unist.ts","ts","601","D91699CC9E0FEA6D231CF99DAA497D171C7181A21A48DAA483F937D8D40F2DE7","NOT VERIFIED","Convert-candidate","low"
"magicui-main","reference-style-extraction/inventory/magicui-main/skills/magic-ui/SKILL.md","markdown","3526","F10680483737AB80B4D59FE32E62D02A4B91F6CC912A561731DA59857454E84D","NOT VERIFIED","Convert-candidate","low"
"magicui-main","reference-style-extraction/inventory/magicui-main/skills/magic-ui/references/components.md","markdown","2018","10663D04AB7DBE9102F63089AEB93822B6D93292DB2DF4FF2651447B67B1876D","NOT VERIFIED","Convert-candidate","low"
"magicui-main","reference-style-extraction/inventory/magicui-main/skills/magic-ui/references/recipes.md","markdown","2250","A352F98952BF3F3CA742C3A26871EA7C0299328C34A6AF7EC8C38C0B26787245","NOT VERIFIED","Convert-candidate","low"
"reference-ftech-package","ftech-wp-package/.DS_Store","other","10244","21B35A9FF3FD55D9EF9F24558C7E6E4C7B5CCEBDB5D52C1EC5F13E8C50C0B0D3","VERIFIED","Retain","low"
"reference-ftech-package","ftech-wp-package/doc.zip","archive","14250462",,"VERIFIED","Retain","low"
"reference-ftech-package","ftech-wp-package/ftech.zip","archive","11033118",,"VERIFIED","Retain","low"
"reference-ftech-package","ftech-wp-package/doc/doc/.DS_Store","other","8196","0F2528B4BEBBFEB6741EF43C9C3A19F8592333464BB63198AF14C76BA14578B9","VERIFIED","Retain","low"
"reference-ftech-package","ftech-wp-package/doc/doc/index.html","html","39999","0CFC048A75046BAEE3C124427E98BBFA99F03038EE8E93AEA7124F25EFDDAE15","VERIFIED","Retain","low"
"reference-ftech-package","ftech-wp-package/doc/doc/assets/animation/animate.css","css","82619","E15188EC966A2C3C1286C2933B62253EE549972EBB99E31D7F92E2372B49F91F","VERIFIED","Retain","low"
"reference-ftech-package","ftech-wp-package/doc/doc/assets/bootstrap/css/bootstrap-select.min.css","css","9808","0F10C5F18C1A08C7AC7B91E3510BE995476218667BC3F3BBF7CFC9773131E28A","VERIFIED","Retain","low"
"reference-ftech-package","ftech-wp-package/doc/doc/assets/bootstrap/css/bootstrap.min.css","css","155764","AE576713BC196098F7438DEDE6FF1F835A23291C32B745AD7E6FB6DB809A719B","VERIFIED","Retain","low"
"reference-ftech-package","ftech-wp-package/doc/doc/assets/bootstrap/js/bootstrap-select.min.js","js","45171","D957E3695F462618071606CA7556E79ECA96176B82FCF561CDFF9C8AD45937E3","VERIFIED","Retain","low"
"reference-ftech-package","ftech-wp-package/doc/doc/assets/bootstrap/js/bootstrap.min.js","js","58078","3BCD802E9F77849E7C1E93C87279FBBB04D45949D2BE79B03566CEACDE29B158","VERIFIED","Retain","low"
"reference-ftech-package","ftech-wp-package/doc/doc/assets/bootstrap/js/popper.min.js","js","21007","B43B803D36936E2DAD7548992C02DFA7144D50B22624211596347A492BFD2C8B","VERIFIED","Retain","low"
"reference-ftech-package","ftech-wp-package/doc/doc/assets/counterup/jquery.counterup.min.js","js","2183","7772A4B61605D37556784814CB18711CFA00CF8F99A57C8C93246D13B89F6F89","VERIFIED","Retain","low"
"reference-ftech-package","ftech-wp-package/doc/doc/assets/counterup/jquery.waypoints.min.js","js","9034","C86E183995D42D069CDF501E7605562C081CD7AAC3B779ABE3F69AF717D4DD47","VERIFIED","Retain","low"
"reference-ftech-package","ftech-wp-package/doc/doc/assets/elagent-icon/style.css","css","26400","46E9333117FA3E9B7B6B746BC850E4569B525BC150EF050F5331FBB744CFA290","VERIFIED","Retain","low"
"reference-ftech-package","ftech-wp-package/doc/doc/assets/elagent-icon/fonts/ElegantIcons.eot","font","59572","912B4FCC232E1F45D329E2A127BCA4BDF3195D965A2ABCE223B068E3C3C7DB6A","DUPLICATE","CONSOLIDATE","low"
"reference-ftech-package","ftech-wp-package/doc/doc/assets/elagent-icon/fonts/ElegantIcons.svg","svg","279128","E6EAECA499952BDD2870134B1D17DE49C5E79ADC5AA1AF5F898E9072BC6D8F4D","VERIFIED","Retain","low"
"reference-ftech-package","ftech-wp-package/doc/doc/assets/elagent-icon/fonts/ElegantIcons.ttf","font","59388","7BE552FCC35865C045CFAFDE15E7939C557CB88801A1ABF461A4FEBC6D55FEA0","VERIFIED","Retain","low"
"reference-ftech-package","ftech-wp-package/doc/doc/assets/elagent-icon/fonts/ElegantIcons.woff","font","63664","BE1825E52A0DC7DF04DF9322F62ABE2A2F2A25D98AAC186DE0140DFC7F6BDCAE","VERIFIED","Retain","low"
"reference-ftech-package","ftech-wp-package/doc/doc/assets/elagent-icon/fonts/ElegantIconsd41d.eot","font","59572","912B4FCC232E1F45D329E2A127BCA4BDF3195D965A2ABCE223B068E3C3C7DB6A","DUPLICATE","CONSOLIDATE","low"
"reference-ftech-package","ftech-wp-package/doc/doc/assets/font-awesome/css/all.css","css","75404","D93F9BC4E684F2F3DB20C82D12421D3DEF749D64462292BB15CED37C7A862440","VERIFIED","Retain","low"
"reference-ftech-package","ftech-wp-package/doc/doc/assets/font-awesome/webfonts/fa-brands-400.eot","font","131930","E9FDF947C39F06F1B5E63C58EEA2F2F74850421B4E32047DACB9C7B75DD42A16","DUPLICATE","CONSOLIDATE","low"
"reference-ftech-package","ftech-wp-package/doc/doc/assets/font-awesome/webfonts/fa-brands-400.svg","svg","712241","4413A1F98AC2794DE034D6D701E6A59B37702C826603BA8E1DB1067C39202C8F","VERIFIED","Retain","low"
"reference-ftech-package","ftech-wp-package/doc/doc/assets/font-awesome/webfonts/fa-brands-400.ttf","font","131624","6B347FF01E588A2A6909CCD7F7F5866B27484391547E9DF451AB9B4C27920C71","VERIFIED","Retain","low"
"reference-ftech-package","ftech-wp-package/doc/doc/assets/font-awesome/webfonts/fa-brands-400.woff","font","89100","1AF816DB9A686FAA76BFBDA779DF959E6213DE714A94B87AA7374A151F6F4900","VERIFIED","Retain","low"
"reference-ftech-package","ftech-wp-package/doc/doc/assets/font-awesome/webfonts/fa-brands-400.woff2","font","75936","8E4560C16C7970EFA47680450B2CF239D4A482C056D308ACEA12BB9022906C8B","VERIFIED","Retain","low"
"reference-ftech-package","ftech-wp-package/doc/doc/assets/font-awesome/webfonts/fa-brands-400d41d.eot","font","131930","E9FDF947C39F06F1B5E63C58EEA2F2F74850421B4E32047DACB9C7B75DD42A16","DUPLICATE","CONSOLIDATE","low"
"reference-ftech-package","ftech-wp-package/doc/doc/assets/font-awesome/webfonts/fa-regular-400.eot","font","34390","C1465A6B8743622F759B08A6D5336E57EB6EABDBA1B6393FBA6D30D45382F3D2","DUPLICATE","CONSOLIDATE","low"
"reference-ftech-package","ftech-wp-package/doc/doc/assets/font-awesome/webfonts/fa-regular-400.svg","svg","145125","B94ACA276E787629F30DCFB3E474F889F89DB96EB7F12D5993773F9D50C16686","VERIFIED","Retain","low"
"reference-ftech-package","ftech-wp-package/doc/doc/assets/font-awesome/webfonts/fa-regular-400.ttf","font","34092","6A335D1CE152F2B5B02BF82CC445B02D1ABCCD7F408A87113424B5F8FCBBFADE","VERIFIED","Retain","low"
"reference-ftech-package","ftech-wp-package/doc/doc/assets/font-awesome/webfonts/fa-regular-400.woff","font","16800","864C8F702A5E63198BB76EF0240B599CC065D4904C2AFC5DA6C8A29BBF0D6C64","VERIFIED","Retain","low"
"reference-ftech-package","ftech-wp-package/doc/doc/assets/font-awesome/webfonts/fa-regular-400.woff2","font","13576","86E496B536B26BA60CDB68DF9DD9143B19A63B65E30E373B0321833AAB1295D6","VERIFIED","Retain","low"
"reference-ftech-package","ftech-wp-package/doc/doc/assets/font-awesome/webfonts/fa-regular-400d41d.eot","font","34390","C1465A6B8743622F759B08A6D5336E57EB6EABDBA1B6393FBA6D30D45382F3D2","DUPLICATE","CONSOLIDATE","low"
"reference-ftech-package","ftech-wp-package/doc/doc/assets/font-awesome/webfonts/fa-solid-900.eot","font","194066","F29EEF66EB3AD0E3574D8EDB4B9E72A04692A0B2B92D99EB7C4B977611DDD4FE","DUPLICATE","CONSOLIDATE","low"
"reference-ftech-package","ftech-wp-package/doc/doc/assets/font-awesome/webfonts/fa-solid-900.svg","svg","853845","86AAEB99B7856305A848B826D476C819E6AC4AE9A52E9DDE1242C31D91E348E5","VERIFIED","Retain","low"
"reference-ftech-package","ftech-wp-package/doc/doc/assets/font-awesome/webfonts/fa-solid-900.ttf","font","193780","0389B061DB08D406704C9BB8819E09C3558AC956287B3E9DA8E6645A79D528EA","VERIFIED","Retain","low"
"reference-ftech-package","ftech-wp-package/doc/doc/assets/font-awesome/webfonts/fa-solid-900.woff","font","98996","3B60C77E0C81C1C9CDC9ADB96ADE6DBAC7EF2B9402A316185855DE7122E517DB","VERIFIED","Retain","low"
"reference-ftech-package","ftech-wp-package/doc/doc/assets/font-awesome/webfonts/fa-solid-900.woff2","font","76084","787D76AD6DEAB67CCF8BAC1B584260205E114F508FC5542B612E3F75D49A34E4","VERIFIED","Retain","low"
"reference-ftech-package","ftech-wp-package/doc/doc/assets/font-awesome/webfonts/fa-solid-900d41d.eot","font","194066","F29EEF66EB3AD0E3574D8EDB4B9E72A04692A0B2B92D99EB7C4B977611DDD4FE","DUPLICATE","CONSOLIDATE","low"
"reference-ftech-package","ftech-wp-package/doc/doc/assets/font-size/css/rvfs.css","css","1258","E905EE1E12CEE63CAF4BA93D36DE650774A95C7F4D152633FF925D3A9F6F0BA4","VERIFIED","Retain","low"
"reference-ftech-package","ftech-wp-package/doc/doc/assets/font-size/js/rv-jquery-fontsize-2.0.3.js","js","8589","B76C7BFBC7FD023866BDDE9EEFC28C59389F9875E1FBE9F5A6389EAAC87AC5B2","VERIFIED","Retain","low"
"reference-ftech-package","ftech-wp-package/doc/doc/assets/is-in-viewport/lib/isInViewport.js","js","6172","7D0160C41C5AF709E32BEB578370E7D67850B3A076416B5AE8B62935CE87579D","VERIFIED","Retain","low"
"reference-ftech-package","ftech-wp-package/doc/doc/assets/magnify-pop/jquery.magnific-popup.min.js","js","20219","B0A45CD5AED66E27BD8EE861D0E3B782C8E79849BDE32F90F078B9F2451A36F2","VERIFIED","Retain","low"
"reference-ftech-package","ftech-wp-package/doc/doc/assets/magnify-pop/magnific-popup.css","css","7857","42D2FC0C932A3BB476D5BC986298038FDACCF0802C3F8D9305099CF4ED87FE43","VERIFIED","Retain","low"
"reference-ftech-package","ftech-wp-package/doc/doc/assets/mailchimp/plugins.js","js","5849","E9B03D5C977FA2611E77D2EB64D86A4FDBB3F5FF8DC9AE0038561306CBA0DB6A","VERIFIED","Retain","low"
"reference-ftech-package","ftech-wp-package/doc/doc/assets/mcustomscrollbar/jquery.mCustomScrollbar.concat.min.js","js","45483","5AB5F19F9BD4A4DDCF14235FC1684EEFE7CFBFBC33F0A1FCE661B13DE43092BE","VERIFIED","Retain","low"
"reference-ftech-package","ftech-wp-package/doc/doc/assets/mcustomscrollbar/jquery.mCustomScrollbar.min.css","css","42840","161B7E468E7CF140484C40B4B120DB9CCE8F99DC106B4145650DFECCCC4FDB99","VERIFIED","Retain","low"
"reference-ftech-package","ftech-wp-package/doc/doc/assets/mcustomscrollbar/mCSB_buttons.html","html","1238","5DC1AE0B875DC0D78DBC5532226F5F31B762B4D1229984F605D27BF895AB6807","DUPLICATE","CONSOLIDATE","low"
"reference-ftech-package","ftech-wp-package/doc/doc/assets/niceselectpicker/jquery.nice-select.min.js","js","2945","B73ACFA96127F9A41A2C76FCF2196D37FF818460D02D48415770979EB59E4F3A","VERIFIED","Retain","low"
"reference-ftech-package","ftech-wp-package/doc/doc/assets/niceselectpicker/nice-select.css","css","4145","4532CC2E039D03064C8175EB9F897C312ECCC1533C18B03F688BAC8B40967CDA","VERIFIED","Retain","low"
"reference-ftech-package","ftech-wp-package/doc/doc/assets/prism/prism-coy.css","css","4414","2E4A398FD6A573A3B30115AB545BD937027B07BB19C23C04872AC023764C5237","VERIFIED","Retain","low"
"reference-ftech-package","ftech-wp-package/doc/doc/assets/prism/prism.css","css","17795","30D9D27478CC79CD1DA6467325AE32B0A75FB95CFB7F93B3337890DFF739FA7A","VERIFIED","Retain","low"
"reference-ftech-package","ftech-wp-package/doc/doc/assets/prism/prism.js","js","443890","446050BFBB97F7E7FEA00C34A0DB175A3060461DAD09F1FB25AEC3C6E95F1F50","VERIFIED","Retain","low"
"reference-ftech-package","ftech-wp-package/doc/doc/assets/slick/ajax-loader.gif","image","4178","E7B44C86B050FCA766A96DDAC2D0932AF0126DA6F2305280342D909168DCCE6B","VERIFIED","Retain","low"
"reference-ftech-package","ftech-wp-package/doc/doc/assets/slick/slick-theme.css","css","3341","747EE2503A36F24E74B0233C9DFAC750CAD5324C0A6E2B2D2859ADB534C442C8","VERIFIED","Retain","low"
"reference-ftech-package","ftech-wp-package/doc/doc/assets/slick/slick.css","css","1895","F0B722C48C52082CD77261574E22A5251FE37EA4B291B1441134145BAB9B2063","VERIFIED","Retain","low"
"reference-ftech-package","ftech-wp-package/doc/doc/assets/slick/slick.min.js","js","42864","E1A52C0A06FA9F65E015B02E7EC463FD621211A9D2AE44B6660597900E927FBB","VERIFIED","Retain","low"
"reference-ftech-package","ftech-wp-package/doc/doc/assets/slick/fonts/slick.eot","font","2048","06D80CF01250132FD1068701108453FEEE68854B750D22C344FFC0DE395E1DCB","DUPLICATE","CONSOLIDATE","low"
"reference-ftech-package","ftech-wp-package/doc/doc/assets/slick/fonts/slick.svg","svg","2166","8CA11B5FCBFF92EE6378017CF6832DDDFA745253202D7C8D01F42D5D17C4CB5C","VERIFIED","Retain","low"
"reference-ftech-package","ftech-wp-package/doc/doc/assets/slick/fonts/slick.ttf","font","1892","37BC99CFDBBC046193A26396787374D00E7B10D3A758A36045C07BD8886360D2","VERIFIED","Retain","low"
"reference-ftech-package","ftech-wp-package/doc/doc/assets/slick/fonts/slick.woff","font","1380","26726BAC4060ABB1226E6CEEBC1336E84930FE7A7AF1B3895A109D067F5B5DCC","VERIFIED","Retain","low"
"reference-ftech-package","ftech-wp-package/doc/doc/assets/slick/fonts/slickd41d.eot","font","2048","06D80CF01250132FD1068701108453FEEE68854B750D22C344FFC0DE395E1DCB","DUPLICATE","CONSOLIDATE","low"
"reference-ftech-package","ftech-wp-package/doc/doc/assets/thdoan-magnify/css/magnify.css","css","1354","F47492624A891C42DB59CB03F4CA2118237A10A1862E67FF685543261F6319C4","VERIFIED","Retain","low"
"reference-ftech-package","ftech-wp-package/doc/doc/assets/thdoan-magnify/js/jquery.magnify.js","js","15304","204956746176794B6F445850D7FE4B1EBD4955D02194E5B511B97503E9BEF63D","VERIFIED","Retain","low"
"reference-ftech-package","ftech-wp-package/doc/doc/assets/tooltipster/css/tooltipster.bundle.css","css","10630","D0E0AA33A26DE1F23BB17DE3C4292B7F5A7311085374E3BC8C31FAC00B3E0F06","VERIFIED","Retain","low"
"reference-ftech-package","ftech-wp-package/doc/doc/assets/tooltipster/js/tooltipster.bundle.min.js","js","39901","91386EA62F5A6CAEC11DC95E1D3FEFB2CE356E65826272A248F28D9D55F46440","VERIFIED","Retain","low"
"reference-ftech-package","ftech-wp-package/doc/doc/assets/video/video-js.css","css","47774","EBA7E6396E4F8DD9CA0EDCE080FADF1BF7CD377CD59E23D9A454AAD73F84DCA2","VERIFIED","Retain","low"
"reference-ftech-package","ftech-wp-package/doc/doc/assets/video/video.min.js","js","255299","55212B527E60573F907E41D6C52F135989CD11D0E237BD976DA8760FB49E7951","VERIFIED","Retain","low"
"reference-ftech-package","ftech-wp-package/doc/doc/assets/video/wistia.js","js","13685","2740E54B4A1D64F38E52B6304E276472F53A8A915FFB4D8F7F0285BC710AC3D7","VERIFIED","Retain","low"
"reference-ftech-package","ftech-wp-package/doc/doc/assets/video/font/VideoJSd41d.html","html","1238","5DC1AE0B875DC0D78DBC5532226F5F31B762B4D1229984F605D27BF895AB6807","DUPLICATE","CONSOLIDATE","low"
"reference-ftech-package","ftech-wp-package/doc/doc/assets/wow/wow.min.js","js","8416","37461D9B50FD93B2E6D064C4AA48CBC16D5B1E82C27F47270B87A39225CC00AC","VERIFIED","Retain","low"
"reference-ftech-package","ftech-wp-package/doc/doc/assets/Youtube-Channels-Playlist/css/ycp.css","css","3414","668B01C99CC9B0B32BDAD8A99715672F20CC261E2D997C132D5FEB5AD3075E5A","VERIFIED","Retain","low"
"reference-ftech-package","ftech-wp-package/doc/doc/assets/Youtube-Channels-Playlist/js/ycp.js","js","9538","4A48C6F0FAE411DACF862FAA8DF6DD00011DC17C858077F3E55CC1B2DFB62FC7","VERIFIED","Retain","low"
"reference-ftech-package","ftech-wp-package/doc/doc/css/responsive.css","css","37963","89F8461A90C2112FD459AE81289FD45D72F4F2590F1971E9E452D901837101FA","VERIFIED","Retain","low"
"reference-ftech-package","ftech-wp-package/doc/doc/css/style.css","css","197737","9D61A10F0270968296B3A53A570A9DB97313B5225D4065080E22B5BEB8C45163","VERIFIED","Retain","low"
"reference-ftech-package","ftech-wp-package/doc/doc/img/.DS_Store","other","12292","EFD36893AA89C693CE2CEBC1DD5BBB3F6CD7F4B8D89BB75734ADC1A77F99452E","VERIFIED","Retain","low"
"reference-ftech-package","ftech-wp-package/doc/doc/img/404_bg.png","image","33244","5870EB92C5809C7471D02757E471B813C253496CAC4A343578D3EA1A5CFD6CEE","VERIFIED","Retain","low"
"reference-ftech-package","ftech-wp-package/doc/doc/img/404_one.png","image","12787","E314015547AE9146098B065815C629B957B8DCF09078E53CF0521488027DF766","VERIFIED","Retain","low"
"reference-ftech-package","ftech-wp-package/doc/doc/img/404_three.png","image","13264","112E5E32A89D6DC8C80C81E01326512DA9CE839392984154E00EE1F17C813C86","VERIFIED","Retain","low"
"reference-ftech-package","ftech-wp-package/doc/doc/img/404_two.png","image","11486","1E915BDD5650BDE9DD24C0ACDD07DDB8DA7C6EF674E6098E1BD59B64D69A2295","VERIFIED","Retain","low"
"reference-ftech-package","ftech-wp-package/doc/doc/img/action_bg.jpg","image","87614","79112E744E59CE57EF0F488CD31ACC612CF41F2FAF3FBE7C598BC2D46281825B","VERIFIED","Retain","low"
"reference-ftech-package","ftech-wp-package/doc/doc/img/active.png","image","24894","051E3B3DD7E0942B788226E4128B6F6A75A91DFD3C53CABC9507EBEB568A76B6","VERIFIED","Retain","low"
"reference-ftech-package","ftech-wp-package/doc/doc/img/activenow.png","image","2600680","60C1AA66F792C8E59D64E03B3D8ABF637D0452F3B5210A4272792DB504B66400","VERIFIED","Retain","low"
"reference-ftech-package","ftech-wp-package/doc/doc/img/addnew.png","image","3311496","4EE0489DF0F37D4D2D7AE8FD6082EA6ABD5FB1BDDCA13675F7A3B6EA39D6AF32","VERIFIED","Retain","low"
"reference-ftech-package","ftech-wp-package/doc/doc/img/after-install.png","image","185845","1D83757CDB3427EE3E65C805426712A33CA3AEF391FC16E1DC74E70B7259CBA5","VERIFIED","Retain","low"
"reference-ftech-package","ftech-wp-package/doc/doc/img/allactivre.png","image","138221","8F684150EE61E472DAE5369FB087022E471BE19F8FFC16DC44040A292F0EE224","VERIFIED","Retain","low"
"reference-ftech-package","ftech-wp-package/doc/doc/img/arrow_3.png","image","3570","BD2555907B1C6BEA36EA18F447EFBC1463D879C0D155D37107157FA8D80C7706","VERIFIED","Retain","low"
"reference-ftech-package","ftech-wp-package/doc/doc/img/arrow_bottom.png","image","3653","7471118FD58EC86D7FB89D129000563F3E007502B3944649D1FE9CF02C19E179","VERIFIED","Retain","low"
"reference-ftech-package","ftech-wp-package/doc/doc/img/arrow_top.png","image","3600","D64119B6D11A19FA40113D79B2B89355E270DE939F03132B36B091628649DEF2","VERIFIED","Retain","low"
"reference-ftech-package","ftech-wp-package/doc/doc/img/c.png","image","43066","018DDEC6AC04776B0DDDAC93991FA132194840BFE20617B5FBF7669B9E2AB406","VERIFIED","Retain","low"
"reference-ftech-package","ftech-wp-package/doc/doc/img/change.png","image","71708","84DF9B4BE4D1DDAD3BBD8C731BF3A6B3128003A33730ED2C856F284DA63FF9F2","VERIFIED","Retain","low"
"reference-ftech-package","ftech-wp-package/doc/doc/img/chssoe.png","image","394132","B14AD445383A69F6C1207F22CC66CE020E32935ED55528D4512EB575D2E93A5A","VERIFIED","Retain","low"
"reference-ftech-package","ftech-wp-package/doc/doc/img/community.png","image","1647","CF403F313C49F63818B87FE9694362D2F5C0370A3C8D5C4089F673D3F8D99410","VERIFIED","Retain","low"
"reference-ftech-package","ftech-wp-package/doc/doc/img/complete-install.png","image","33701","BEAEB692C8BDB3977295E1EF641943C217E1BEC64CA5F744B1034A03D69F4E9C","VERIFIED","Retain","low"
"reference-ftech-package","ftech-wp-package/doc/doc/img/continue.png","image","108869","34862F9FD60D1ACE9753CD3F24CF51540641A6EE36749CD70FA3B55F074F52FA","VERIFIED","Retain","low"
"reference-ftech-package","ftech-wp-package/doc/doc/img/demo-page.png","image","986447","FA85FC79D453610D6994E0C97ABC37D74AD0C8D8991D5212B5E0EB7411D9653F","VERIFIED","Retain","low"
"reference-ftech-package","ftech-wp-package/doc/doc/img/desktop_icon1.png","image","1182","6D4D270CB67FB330C2B5F0320915A04B97F30F6100D0BAD8354C6BCDB6D470F2","VERIFIED","Retain","low"
"reference-ftech-package","ftech-wp-package/doc/doc/img/desktop_icon2.png","image","998","0E22743B3E17E28D2977BCD4DCEAF0C63CD78F2E898D421305129B39B2D3A3CA","VERIFIED","Retain","low"
"reference-ftech-package","ftech-wp-package/doc/doc/img/desktop_icon3.png","image","1177","5D6583B20FA78C9A30EE3D5038E77ED2B24540689A3376D23802EFD18FEC5918","VERIFIED","Retain","low"
"reference-ftech-package","ftech-wp-package/doc/doc/img/desktop_icon4.png","image","1441","969698A40B829116B35A696C67B513EF90BD093E4F03997F8B952CBB35075C05","VERIFIED","Retain","low"
"reference-ftech-package","ftech-wp-package/doc/doc/img/desktop_icon5.png","image","1024","3630AEF9523B5C9B582B23B2FDDAB1369F7FCBBC26F5D4B15685186C4A0310EB","VERIFIED","Retain","low"
"reference-ftech-package","ftech-wp-package/doc/doc/img/edit-h1.png","image","28139","1202B9E4783D289725610594FE0F514F23B659C67CFC26079D2DA8394D6C93EE","VERIFIED","Retain","low"
"reference-ftech-package","ftech-wp-package/doc/doc/img/elementor-edit.png","image","15104","8247E98FE549478B4F2E60B3D4E34AE40507A1524EA911C21204DE9CA46B1D94","VERIFIED","Retain","low"
"reference-ftech-package","ftech-wp-package/doc/doc/img/email.png","image","1178","F8E988BCAEAD39F16F6CDCC39CAF2DD01D02556E5E8AA2A47E88627A655EE6F8","VERIFIED","Retain","low"
"reference-ftech-package","ftech-wp-package/doc/doc/img/entaier-web.png","image","79955","86426B05A2C9DFB4FBAA4A089A0AD58A46C6FC018E66C03F6B61CC96BE5DB3B3","VERIFIED","Retain","low"
"reference-ftech-package","ftech-wp-package/doc/doc/img/favicon.ico","image","107787","11C27D0033C14890CC7162DBC8253FA346E25B4E160D794BF844BED4ED61F538","VERIFIED","Retain","low"
"reference-ftech-package","ftech-wp-package/doc/doc/img/flot-left.jpg","image","18978","03798A7BC889F15326EA00907F4E424857CC464089D1A264094653904D4631AB","VERIFIED","Retain","low"
"reference-ftech-package","ftech-wp-package/doc/doc/img/flot-right.jpg","image","15935","7762C2C648C6969701BC1408B486DEBA9DEAA07DCAE3B71532959C2970808564","VERIFIED","Retain","low"
"reference-ftech-package","ftech-wp-package/doc/doc/img/footer-edit.png","image","56454","25A4518251A9C77D14BD2FA9CC9C616E0FA3866F3733085F9FE423D3F145F599","VERIFIED","Retain","low"
"reference-ftech-package","ftech-wp-package/doc/doc/img/footersa.png","image","91228","9D5F869107CFA478967F62F5A5BEF7FBF743441F99964759FAD1F123C398BC81","VERIFIED","Retain","low"
"reference-ftech-package","ftech-wp-package/doc/doc/img/gear.png","image","1493","A8B2C7CDD2377D6B03FF24A790DF8CA62A40DDE7A2639961B53BBF297835E457","VERIFIED","Retain","low"
"reference-ftech-package","ftech-wp-package/doc/doc/img/header-create.png","image","36301","94A7FF763D790727E1E900AF1B4E7D68E6E262E33174BCE9180E378041D3CF03","VERIFIED","Retain","low"
"reference-ftech-package","ftech-wp-package/doc/doc/img/header-main.png","image","67785","D72FE5102C5921A6394B901F14FE6199C94A39F46740EB459099C7F208222CBF","VERIFIED","Retain","low"
"reference-ftech-package","ftech-wp-package/doc/doc/img/header-pagego.png","image","59249","DBDC823A6516590F3E8F6850E36D53584ACA4CC6D15C867AA3B819A606D75D31","VERIFIED","Retain","low"
"reference-ftech-package","ftech-wp-package/doc/doc/img/img-large.jpg","image","101350","55974E76B4167A1E7880613116C14B0023FB38084301B832690EFE2DBF459962","DUPLICATE","CONSOLIDATE","low"
"reference-ftech-package","ftech-wp-package/doc/doc/img/img-pointer1.jpg","image","101350","55974E76B4167A1E7880613116C14B0023FB38084301B832690EFE2DBF459962","DUPLICATE","CONSOLIDATE","low"
"reference-ftech-package","ftech-wp-package/doc/doc/img/img-pointer2.jpg","image","189506","AC4B6406F9FFADBDCAD1878005D8A01E56F2C4C7912A111D3D43C6CB073683A5","VERIFIED","Retain","low"
"reference-ftech-package","ftech-wp-package/doc/doc/img/install-all.png","image","119713","2837B6F24A2C762DA369EA7D51EC9172C892716B1DE297F3E497B1D60919E581","VERIFIED","Retain","low"
"reference-ftech-package","ftech-wp-package/doc/doc/img/install-package.png","image","283492","499D0A08B42FE7E5FEC8CE8EF965D7370B3E06BD0D5949F93C5BCE3116CBF173","VERIFIED","Retain","low"
"reference-ftech-package","ftech-wp-package/doc/doc/img/install-plugin.png","image","1430084","A73D68D95B9BB3FACB0C9E428BF27FEEE2212A0BC03322E11E4714B1464F0ADE","VERIFIED","Retain","low"
"reference-ftech-package","ftech-wp-package/doc/doc/img/lightbox-preview.jpg","image","230764","85DDE927F24C3D4D64BE4C0261297FB09F7E83E1EF1FE1FAB2175B09A45296DA","VERIFIED","Retain","low"
"reference-ftech-package","ftech-wp-package/doc/doc/img/logo-6.png","image","3376","BF9A126E3C2B81FDDD1006012CB4EDD966E679B58BEAA79248DA3C8E00CFCB59","VERIFIED","Retain","low"
"reference-ftech-package","ftech-wp-package/doc/doc/img/logo.png","image","1991","28AAC5A028E423FEAAA3EE33A8E109CCA8ABB056E8DF165239F1EDE77D183020","VERIFIED","Retain","low"
"reference-ftech-package","ftech-wp-package/doc/doc/img/logo.svg","svg","6019","B3B140D070E831CD6F963E185CC24E7BFA0C0B12964CDDE8864D3346CD6AE5ED","VERIFIED","Retain","low"
"reference-ftech-package","ftech-wp-package/doc/doc/img/menuadd.png","image","130706","5234CFA0945207D8F8367EBDE9CF805841037CF87BCD36323B97DC25D17951FF","VERIFIED","Retain","low"
"reference-ftech-package","ftech-wp-package/doc/doc/img/menuedita.png","image","124147","7167B8D02AFF55B40F7C05EF9BD8E76035C4DB9BC7181344AAFADE99B4B63C4F","VERIFIED","Retain","low"
"reference-ftech-package","ftech-wp-package/doc/doc/img/menuname.png","image","44286","E017B36E113A286DB0B893BA1B46CB428A5BF6660B49B8144927011EB017BF21","VERIFIED","Retain","low"
"reference-ftech-package","ftech-wp-package/doc/doc/img/mobile_icon1.png","image","762","65665A54E7A5358B1D3BE81A422D03D86F42679202754DB2CFB7C31C2D3C8183","VERIFIED","Retain","low"
"reference-ftech-package","ftech-wp-package/doc/doc/img/mobile_icon2.png","image","740","AD97CB32F6C2B1D60D915D4DA9A6F89C40FBD22A73DAE052D2433D2905829267","VERIFIED","Retain","low"
"reference-ftech-package","ftech-wp-package/doc/doc/img/mobile_icon3.png","image","1033","BA14A77ECE35A2C72FCE6EB15AE7E4C242FA7591C5FDD3E9E6069EB23549E71E","VERIFIED","Retain","low"
"reference-ftech-package","ftech-wp-package/doc/doc/img/mobile_icon4.png","image","1164","2089C9650DD5F007D2D002A3AC0DCF8D404A04CE01E1FD99C07D2BC4EB2DDDA5","VERIFIED","Retain","low"
"reference-ftech-package","ftech-wp-package/doc/doc/img/mobile_icon5.png","image","1014","9FE917A48FB1C9DFE8412D6FECF0A31C978FF707EB9A8A10234CCDDFA327C0D3","VERIFIED","Retain","low"
"reference-ftech-package","ftech-wp-package/doc/doc/img/newmenu.png","image","175377","6E564F2B40C7257AD2CB4F63C2D6BC41EEBBF5DEFB4C77BCCF1C707C4F34EA80","VERIFIED","Retain","low"
"reference-ftech-package","ftech-wp-package/doc/doc/img/page-footer.png","image","48216","183EA9FBE2C83103E4D24EEB013E0FC03F9FF384E901AAA99F64180E27110A54","VERIFIED","Retain","low"
"reference-ftech-package","ftech-wp-package/doc/doc/img/Screenshot_1.png","image","19688","9DCD6BCD3E5E70FC32928668245ADF67567816C8277EFAFE59C6B8AE679DEB52","VERIFIED","Retain","low"
"reference-ftech-package","ftech-wp-package/doc/doc/img/select-header.png","image","56919","1998C781732079E6B9E67DD6DA6222DAF9BB05BDE17E94C3199968D00C73394A","VERIFIED","Retain","low"
"reference-ftech-package","ftech-wp-package/doc/doc/img/select-menu.png","image","191008","B06C673BB875606C4021F981FF4CD1EA5F92E6E6D0C660B6CBD1B115BCFD03DB","VERIFIED","Retain","low"
"reference-ftech-package","ftech-wp-package/doc/doc/img/sheet.png","image","1158","8EBF2B62E3F84576EFFED2E32498F79F0D523B84F97450F655EC8746E76EF4FD","VERIFIED","Retain","low"
"reference-ftech-package","ftech-wp-package/doc/doc/img/shopping-bag.png","image","3531","2005D3D099888FCDB16C32B51D5ED19FB4A4CCD233B909EB22DFDB86EFC69E3F","VERIFIED","Retain","low"
"reference-ftech-package","ftech-wp-package/doc/doc/img/spinner_logo.png","image","2618","98596A0CEDEEB2F0C5425BCAB2FE6EACB26944205CA0FF40E95E75110CBF117A","VERIFIED","Retain","low"
"reference-ftech-package","ftech-wp-package/doc/doc/img/themeup.png","image","254846","CB75F55035072D321F54A26F26E29D03B5F846B5FF0C3E56D45C9FFCFF512EEF","VERIFIED","Retain","low"
"reference-ftech-package","ftech-wp-package/doc/doc/img/tick.png","image","1360","AAB5BC1BA1D8BFAE31EEBC30BDF9F9F636CC39DB63B151998DB682B0B1BE267E","VERIFIED","Retain","low"
"reference-ftech-package","ftech-wp-package/doc/doc/img/tour_img1.png","image","12550","5FB29D3DD397CD1A6A8241BF38760F45B4BBA24814234B94ED4439D7D352CB5E","VERIFIED","Retain","low"
"reference-ftech-package","ftech-wp-package/doc/doc/img/tour_img2.png","image","5349","B8628CE86CB3730EC3831EB410D4FF64CEB7495ADEDC143909879DC203265A85","VERIFIED","Retain","low"
"reference-ftech-package","ftech-wp-package/doc/doc/img/tour_img3.png","image","8357","82F7FA0C24221A81464473E1946C7FE6B7EEAEAE9348DB9E4394215327D4F8FF","VERIFIED","Retain","low"
"reference-ftech-package","ftech-wp-package/doc/doc/img/tour_img4.png","image","29998","8CBAD4DC9D64DDA92BEC66107B9D1517DCFEA4B91AA901BDAF9D1E9269DCB0B4","VERIFIED","Retain","low"
"reference-ftech-package","ftech-wp-package/doc/doc/img/twitter.png","image","1689","72A381CCDAE93229F503C18AD8951FE1970C261A1D959D2B197D7BFC4D685C60","VERIFIED","Retain","low"
"reference-ftech-package","ftech-wp-package/doc/doc/img/update-theme.png","image","241709","08C89E09423B19A3B49821EC6BE5E38F954BB29058CF87C30CE6B62CB5D6CEC4","VERIFIED","Retain","low"
"reference-ftech-package","ftech-wp-package/doc/doc/img/upload.png","image","267793","B19AED768402CF81A23D10EF2AA9DB512CCC6EE705D027E28A996120F09191EC","VERIFIED","Retain","low"
"reference-ftech-package","ftech-wp-package/doc/doc/img/v.svg","svg","4492","210F59CBB3C72F4F57558E80AD459DDA56191BD3483BB1F14A8BD3B71C4A2FA5","VERIFIED","Retain","low"
"reference-ftech-package","ftech-wp-package/doc/doc/img/zipupload.png","image","164136","3D1B3CA4650EDF8295BB90970B9598870C848EB1B04940726EE4F6C92A72502B","VERIFIED","Retain","low"
"reference-ftech-package","ftech-wp-package/doc/doc/img/side-nav/account.png","image","328","F989451CD81300D03EB9077839DB98FA3B4571F446548BCEAE288884514A3102","VERIFIED","Retain","low"
"reference-ftech-package","ftech-wp-package/doc/doc/img/side-nav/book.png","image","270","027F0462F2D060D92C4E538B8D45B60D693A53756A8084B9F72E7FED4E16F0F5","VERIFIED","Retain","low"
"reference-ftech-package","ftech-wp-package/doc/doc/img/side-nav/briefcase.png","image","308","2DA252F1CEC8B56F8A51F6DF7C25E03096C6E86217447C75FF73BFB33B71F260","VERIFIED","Retain","low"
"reference-ftech-package","ftech-wp-package/doc/doc/img/side-nav/chat.png","image","418","1B4D5BAA58357B94F0EF290CA7EB667BD3369CB39169E6AAB7E81D51AEBEDAD2","VERIFIED","Retain","low"
"reference-ftech-package","ftech-wp-package/doc/doc/img/side-nav/chat1.png","image","443","D8BC91A0F4D3D2FB66B2B5E4553F816A3E2B9F6FF8EDD6F79A6CA90EB5C89C42","VERIFIED","Retain","low"
"reference-ftech-package","ftech-wp-package/doc/doc/img/side-nav/coding.png","image","409","AF01E9F527241DD1FAAA14251F4635B8F296361E1EBD59E0C453BC2252DF718B","VERIFIED","Retain","low"
"reference-ftech-package","ftech-wp-package/doc/doc/img/side-nav/content.png","image","913","268CF43B0E220E3495E07CE20254063CF890521D90B58357920BED4DA2595187","VERIFIED","Retain","low"
"reference-ftech-package","ftech-wp-package/doc/doc/img/side-nav/document.png","image","287","81085C33D1AF1E25434DA2577840D58CF7502E3D53A7BEE29984D38E96DAF5C0","VERIFIED","Retain","low"
"reference-ftech-package","ftech-wp-package/doc/doc/img/side-nav/document2.png","image","293","3B2BEDA95354D761AD0E7749CB80623AC4D898956711DF6EBF1E98E7D99A133C","VERIFIED","Retain","low"
"reference-ftech-package","ftech-wp-package/doc/doc/img/side-nav/edit.png","image","346","FD32DB8FC668A86F4EDA5D4EA9EAAF9129F817A452DC519909E3C77859F7B0C0","VERIFIED","Retain","low"
"reference-ftech-package","ftech-wp-package/doc/doc/img/side-nav/eraser.png","image","444","C3097B84C30D85BAD5695CCD09BF6DCDABBD6249497C64D6E9736D21C3D1EDF8","VERIFIED","Retain","low"
"reference-ftech-package","ftech-wp-package/doc/doc/img/side-nav/home.png","image","215","D4B683065530D136EC4D3F776CC889D4F505D1EF9B6CB024C68E7F7B9C1D87D3","VERIFIED","Retain","low"
"reference-ftech-package","ftech-wp-package/doc/doc/img/side-nav/issuin.png","image","968","5A24A131B50A0ADF8BA9F2827C45FEDDAB0751F6CEABD703B05787D062F7C0B9","VERIFIED","Retain","low"
"reference-ftech-package","ftech-wp-package/doc/doc/img/side-nav/layout.png","image","1160","C84EC3C4FE8069C850A5D334EFCE263046C6BD47FCA9E16B53112BD2D55EFC3A","VERIFIED","Retain","low"
"reference-ftech-package","ftech-wp-package/doc/doc/img/side-nav/support.png","image","918","20C086036D0D6A8A1A3FD91578E5345F14355F95F557CDDC431237D79AC33570","VERIFIED","Retain","low"
"reference-ftech-package","ftech-wp-package/doc/doc/img/side-nav/terminals.png","image","636","DF9FC1666C538D06B43D67527495699B42296757DFADECD2BB7D182681923CB8","VERIFIED","Retain","low"
"reference-ftech-package","ftech-wp-package/doc/doc/img/side-nav/united-states.png","image","585","095712B8395D84AE5CFC7BB161D4A17DDC89249C02B2D8D48711446E292F78FF","VERIFIED","Retain","low"
"reference-ftech-package","ftech-wp-package/doc/doc/img/side-nav/users.png","image","418","0ABB6C359CF97BD848C6CB151634FC0E78FD585688C3E294F627CB244F530DA5","VERIFIED","Retain","low"
"reference-ftech-package","ftech-wp-package/doc/doc/js/anchor.js","js","16459","B4515DBD608A3CA25E4B4C36D67FAA11ECB8EC0BD2F874AE97DDFF874EBBB30F","VERIFIED","Retain","low"
"reference-ftech-package","ftech-wp-package/doc/doc/js/jquery-3.2.1.min.js","js","86663","75B707D8761E2BFBD25FBD661F290A4F7FD11C48E1BF53A36DC6BD8A0034FA35","VERIFIED","Retain","low"
"reference-ftech-package","ftech-wp-package/doc/doc/js/jquery.parallax-scroll.js","js","9113","32D12C90D4A4D38FEE85058C13C9980C439CF56D8D12F1DBF97AE59725EBA3E1","VERIFIED","Retain","low"
"reference-ftech-package","ftech-wp-package/doc/doc/js/jquery.wavify.js","js","4503","EB3FC396A9A424B633EF90C37C8ADA8293AE20BD08ECB9730EEE3F974A5B3C68","VERIFIED","Retain","low"
"reference-ftech-package","ftech-wp-package/doc/doc/js/main.js","js","19913","290BC0C32FB87A9DA9F94E142418AFB825EFFDB68AD6F11D53CDBD6A8D851960","VERIFIED","Retain","low"
"reference-ftech-package","ftech-wp-package/doc/doc/js/onpage-menu.js","js","1912","FF99215809B0E5C14D925616E39C8A9DC4555E85D49C6D97A76248B6B2A54518","VERIFIED","Retain","low"
"reference-ftech-package","ftech-wp-package/doc/doc/js/parallaxie.js","js","2070","B0C6F084B194A00C05E011BFFA5BBC85E0E3A57B406C51375E9EBEEE094C021D","VERIFIED","Retain","low"
"reference-ftech-package","ftech-wp-package/doc/doc/js/pre-loader.js","js","815","20396177617ED86B7564F9197410FC936A91D3A66E589BDA2B1FFA52A3A774D5","VERIFIED","Retain","low"
"reference-ftech-package","ftech-wp-package/doc/doc/js/TweenMax.min.js","js","115742","D90A58B02A190FC5CC1F5956638B814C7B66FDAB17E72F55C536623251743693","VERIFIED","Retain","low"
"reference-ftech-package","ftech-wp-package/doc/doc/scss/_button.scss","scss","4946","34472541454DB063A03470DECF7FA93723813FAE63CBAF1026E47025437FF18A","VERIFIED","Retain","low"
"reference-ftech-package","ftech-wp-package/doc/doc/scss/_doclist.scss","scss","27268","1CEF6F82107D2AE90BF1A13120F27B7FFDB3C443481C18C3E26D0607C7BCE6A5","VERIFIED","Retain","low"
"reference-ftech-package","ftech-wp-package/doc/doc/scss/_header.scss","scss","23705","9488A1CB97A082E0FC7FFA912A54771A184F4BC59CFC8AD573FBE16E2350803D","VERIFIED","Retain","low"
"reference-ftech-package","ftech-wp-package/doc/__MACOSX/._doc","other","220","73EC5EDC776B384AB690496818D7793590AB1BD76EDB48D5F080C474EEEC7F8A","VERIFIED","Retain","low"
"reference-ftech-package","ftech-wp-package/doc/__MACOSX/doc/._.DS_Store","other","120","2F380F4A3D05A8D90C2106F50DA75064E9CE57A598599DC5404F8F69A0223AA9","DUPLICATE","CONSOLIDATE","low"
"reference-ftech-package","ftech-wp-package/doc/__MACOSX/doc/._index.html","html","219","952E583BAB5102383CCC9046068A378450B2C50B341289BCF03E46A5F75946D2","VERIFIED","Retain","low"
"reference-ftech-package","ftech-wp-package/doc/__MACOSX/doc/img/._.DS_Store","other","120","2F380F4A3D05A8D90C2106F50DA75064E9CE57A598599DC5404F8F69A0223AA9","DUPLICATE","CONSOLIDATE","low"
"reference-ftech-package","ftech-wp-package/doc/__MACOSX/doc/img/._activenow.png","image","293","A2E0F3E6832DA2A6FBBC2B849A752EA8D701CB207E283AAD3915EB7B99FDAE52","VERIFIED","Retain","low"
"reference-ftech-package","ftech-wp-package/doc/__MACOSX/doc/img/._addnew.png","image","293","F3D0139A7D7DAA43F1E1B38897476E8DB745CD384194863F21352BDD5AA9CA20","VERIFIED","Retain","low"
"reference-ftech-package","ftech-wp-package/doc/__MACOSX/doc/img/._demo-page.png","image","293","9BE9A945A4EFAAF0E7CB79A82112F80585E4610179D6995A98259E15ED0C4DA1","VERIFIED","Retain","low"
"reference-ftech-package","ftech-wp-package/doc/__MACOSX/doc/img/._install-package.png","image","293","3E24035FC4E3B5BBF9D3660A1645B4819A99CE3250F8B078859E7E412AA7AF93","VERIFIED","Retain","low"
"reference-ftech-package","ftech-wp-package/doc/__MACOSX/doc/img/._logo.png","image","211","BF2FCAF6385D18FD1CB67F4BCE989259A77F674912B76594F3A814733418E1D2","VERIFIED","Retain","low"
"reference-ftech-package","ftech-wp-package/doc/__MACOSX/doc/img/._logo.svg","svg","407","397C72547EE18573F87334EAAB588F80B53C35B988B43AFA7EBD0C06A1FD53E4","VERIFIED","Retain","low"
"reference-ftech-package","ftech-wp-package/ftech-child/functions.php","php","283","686AB82D38DD2559C05F0C380561B7174304EAA58D676B539506C1F00E9C7983","VERIFIED","Retain","low"
"reference-ftech-package","ftech-wp-package/ftech-child/screenshot.png","image","311637","320586A1F5188A37BDDC6F38560B8B45FE2ACB08A0BFB166BFAB5552A3151683","VERIFIED","Retain","low"
"reference-ftech-package","ftech-wp-package/ftech-child/style.css","css","1127","1E0CDC2FCDD6450DCA2D3588A8694828E823B018D0F5331F5B96C06A688DBBB5","VERIFIED","Retain","low"
"reference-ftech-package","ftech-wp-package/licensing/GPL.txt","other","14846","21B9245C8674F673D66D8D50625CDA72D2654C9D97BDD73316B6909FEA958C61","VERIFIED","Retain","low"
"reference-ftech-package","ftech-wp-package/licensing/README_License.txt","other","414","D5EE45725390369E29BA8D41468970373FED74C1F45E792DF03EAFF53C67F574","VERIFIED","Retain","low"
"reference-ftech-package","ftech-wp-package/plugin/.DS_Store","other","6148","6E96AB35C6C71CA40527F263FD05AA39DEF4C172F56E1C35198655538F84E8E6","VERIFIED","Retain","low"
"reference-ftech-package","ftech-wp-package/plugin/ftech-plugin.zip","archive","1620674","3CABFCE6690F76AD38CBD339D4B707E403E9B593D5F8710206B77C23C25B824A","VERIFIED","Retain","low"
"to-discard-mirror","to-discard/README.md","markdown","1649","88041E5C246CC5F2768524862A4654BA0A06B7388AD6495AE94A0665F18605E9","REDUNDANT","Quarantine-candidate","low"
"to-discard-mirror","to-discard/content-md-drafts/become-a-tutor.md","markdown","936","C6164DC9066C2F58EF19997361E3ED96C601FE06AE2B3486283369E5F2D2AD97","REDUNDANT","Quarantine-candidate","low"
"to-discard-mirror","to-discard/content-md-drafts/contact.md","markdown","580","C8FF1165A0B6020D40A1CDAE8CB84CC10C3CF91B5D5A7BE3AFC0638ED304D6E9","REDUNDANT","Quarantine-candidate","low"
"to-discard-mirror","to-discard/content-md-drafts/find-a-tutor.md","markdown","861","EA33D4514C6011F110B047E2D0140453E0F973F51F71117B3A5B268A85D696D2","REDUNDANT","Quarantine-candidate","low"
"to-discard-mirror","to-discard/content-md-drafts/login.md","markdown","200","07475BA36ABF00317A2E6B71FD12E725EE695C13536B80B22DFE2583A39F2F4E","REDUNDANT","Quarantine-candidate","low"
"to-discard-mirror","to-discard/content-md-drafts/register.md","markdown","498","9CBE7A22C4A3D5B495E15F69B8B03905ED9DC44BCCA88235F456D02DF83E8428","REDUNDANT","Quarantine-candidate","low"
"to-discard-mirror","to-discard/css-styling/Base-Utilities&Performance-Optimizations.css","css","653","D45093106C3CFD0AB57216076B217D7D9FEBFB2CC29E9C4B923A183AF930134A","REDUNDANT","Quarantine-candidate","low"
"to-discard-mirror","to-discard/css-styling/Entrance-Animations.css","css","1742","48123D21D405EF807BC6CFC05761C3CCA870397A8AE1989C606FAA4EC851C743","REDUNDANT","Quarantine-candidate","low"
"to-discard-mirror","to-discard/css-styling/Framer-Style-Sections.css","css","977","FBA8751C256DB01E1A9337364429ECC67D158317D897F9C0C6C3F7B6CB0D9645","REDUNDANT","Quarantine-candidate","low"
"to-discard-mirror","to-discard/css-styling/Hover&Micro-Interactions.css","css","1416","05FCDAC569C9413C938461EFD9CFDE204438077D9BBC2BA3246662C2BFB3F403","REDUNDANT","Quarantine-candidate","low"
"to-discard-mirror","to-discard/css-styling/Parallax-Effects.css","css","1069","558C46D4515CDC91925BDB660106446A090782603BC20192159A11660571CC2F","REDUNDANT","Quarantine-candidate","low"
"to-discard-mirror","to-discard/css-styling/Responsive&Mobile-Optimizations.css","css","537","2CBA98D6635215C16621CC2E05A14571CB390EDCEEA3EF31307097AE1D1DAE97","REDUNDANT","Quarantine-candidate","low"
"to-discard-mirror","to-discard/css-styling/Staggered-Animation-Helpers.css","css","970","F82002B3C771A59398B4A348E64E846FE123C22A826B916523F452AFF2B0BF30","REDUNDANT","Quarantine-candidate","low"
"to-discard-mirror","to-discard/css-styling/Subtle-Motion.css","css","832","ADE7F6AE6BF12122A97961E56970794F532AB49D2AD0209AA8AD1EDD277D325F","REDUNDANT","Quarantine-candidate","low"
"to-discard-mirror","to-discard/diagrams/README.md","markdown","777","8871F47ACBF11B65E949B418C2D1A1BEC4C834E7001103AC78DF2373D877E1B8","REDUNDANT","Quarantine-candidate","low"
"to-discard-mirror","to-discard/diagrams/svg/enterprise-diagram-suite.svg","svg","9037","4EDD7E4D53EB7D67A72076846E70B868949D31515E717FFE15880E7F9DC12CC4","REDUNDANT","Quarantine-candidate","low"
"to-discard-mirror","to-discard/duplicates/reports-body.php","php","8145","7ACCE3DE092C76DB00CA66D6D6CC94BD0E634BE5486CA127C04E21ECE357708D","REDUNDANT","Quarantine-candidate","low"
"to-discard-mirror","to-discard/duplicates/showcase.html","html","21443","168CEE2906FAAC70EC4B271EEBBE36ABFE0A6A0EB0239D99EB80016A0659FAD7","REDUNDANT","Quarantine-candidate","low"
"to-discard-mirror","to-discard/generated-artifacts/reports/results.json","json","62569","294AB086B5B347860A5C09B7379C01826F1461A91F39C0366AF218765E7DED29","REDUNDANT","Quarantine-candidate","low"
"to-discard-mirror","to-discard/generated-artifacts/reports/SUMMARY.md","markdown","4937","B509D0C43036E944BFED325E68E563F98BE0CC9C2981A4BD6FAF0B0D6A7075D3","REDUNDANT","Quarantine-candidate","low"
"to-discard-mirror","to-discard/generated-artifacts/reports/html/index.html","html","556746","28E79CE2106E564B08FEAD7B2718D06D28C771A40BA5418F18648B16734C320E","REDUNDANT","Quarantine-candidate","low"
"to-discard-mirror","to-discard/generated-artifacts/reports/html/data/1c770cd8cf3bd45dfc82974de269652331459ab8.md","markdown","16403","6C3E691EE923330EBC7E14F0E574112CC9231D81501A6EA6EA97DE0B606A1B4E","REDUNDANT","Quarantine-candidate","low"
"to-discard-mirror","to-discard/generated-artifacts/reports/html/data/1f8b6d5d1e1189409289cf187dfed43e6e4dffb5.png","image","157445","F74034ACB100F06819634DF117553FB97512EB0D207405A6FD58080E081EF204","REDUNDANT","Quarantine-candidate","low"
"to-discard-mirror","to-discard/generated-artifacts/reports/html/data/266a350c1c296dc23c26814ee9f7f25ba9ea1842.md","markdown","16211","6A2BF9475047AB9E53BE6ADC67BC803B619C54CC0CB65700F0ACC0311628ABB6","REDUNDANT","Quarantine-candidate","low"
"to-discard-mirror","to-discard/generated-artifacts/reports/html/data/8b3f6b59b80c3b16cf246be6395d48cf6ba6311d.md","markdown","16219","8C43239A510AEFE66E1A497E2E430F3C10360DE124513D55433A1A66680E5C68","REDUNDANT","Quarantine-candidate","low"
"to-discard-mirror","to-discard/generated-artifacts/reports/html/data/911a04d11749bc75ce1e7cb1c6dd1e417d963a81.png","image","64027","4D95D23992FA188E4DEDFC0466A5E3132958325944E3B84534BEAF5C913C855F","REDUNDANT","Quarantine-candidate","low"
"to-discard-mirror","to-discard/generated-artifacts/reports/html/data/b19cce07fef9dc8fd87b156ae115a2b48413cd42.md","markdown","18832","8286EDB0B4F7E4849BB7F55E2572D4B24CBF94A7980791E404CDEEED6348C5E6","REDUNDANT","Quarantine-candidate","low"
"to-discard-mirror","to-discard/generated-artifacts/reports/html/data/d110e3ca8ecb5489ef9eea41c25cefbc311b9946.png","image","90093","00785217C29948C090AA0E825DCF2C654099012ED5C299097EF85C0ADEFF2EBC","REDUNDANT","Quarantine-candidate","low"
"to-discard-mirror","to-discard/generated-artifacts/reports/html/data/e17b7110d69ce78bfceb4104d5292f4461f5fd11.png","image","85920","00F36145129D1D2F0615F687FE1C641858F63B9C665F46A462411911ED0C3AEE","REDUNDANT","Quarantine-candidate","low"
"to-discard-mirror","to-discard/generated-artifacts/reports/html/data/ea386a0a7a0da87d5584675a68c84e183d157d5f.png","image","85885","4D5AAB0DA942CEAF9695D9D03905D68C824C71F0E67F60100F8B9953A1615ADC","REDUNDANT","Quarantine-candidate","low"
"to-discard-mirror","to-discard/generated-artifacts/reports/html/data/f9ad01ba4180b0b6b689ece198bddba0fd3b41e8.md","markdown","19217","B9D501488BF11716A29D2F48494185D836E2EBD25592F7BF5A736BFA2390C636","REDUNDANT","Quarantine-candidate","low"
"to-discard-mirror","to-discard/generated-artifacts/screenshots/components-showcase.png","image","260802","D442D730DDC8D82B7434F9E9C903AD63C17BC83A88C6BCF0FCF9A259F13D832A","REDUNDANT","Quarantine-candidate","low"
"to-discard-mirror","to-discard/generated-artifacts/screenshots/full-page-desktop.png","image","1369551","BDCDE6276252B5AEF73E452D619DBBB7CEA932EB29EE18DDF0729352B6B19C52","REDUNDANT","Quarantine-candidate","low"
"to-discard-mirror","to-discard/generated-artifacts/screenshots/full-page-mobile.png","image","755238","1A34D96087002E8F11B59382D73220D3AB5E33B83D97A794DE2244395B1899D8","REDUNDANT","Quarantine-candidate","low"
"to-discard-mirror","to-discard/generated-artifacts/screenshots/full-page-tablet.png","image","1029071","6186037DCBC4D805C8D53B1D2829111082F9113E68826F36480A068BE01668CC","REDUNDANT","Quarantine-candidate","low"
"to-discard-mirror","to-discard/generated-artifacts/screenshots/index.html","html","10154","77CDC2A50EEB1706C05F1DF5D2C5288F6F51D87A6FB105F08D99341AE6DF2709","REDUNDANT","Quarantine-candidate","low"
"to-discard-mirror","to-discard/generated-artifacts/screenshots/README.md","markdown","2261","EBF1BA21A4569CE93BA03EA2D7D46BDE20349B36F599803CDEC35A7905B16402","REDUNDANT","Quarantine-candidate","low"
"to-discard-mirror","to-discard/generated-artifacts/screenshots/section-cta-desktop.png","image","101908","9174551FFC3711343BD03AFD4DC1E9629238930D2350ADAA7493AEFB7C153666","REDUNDANT","Quarantine-candidate","low"
"to-discard-mirror","to-discard/generated-artifacts/screenshots/section-cta-mobile.png","image","73703","5C300B3A650B478BFC3384B2F00588E686BACD8FE29DDA46E9BA3024B89C3248","REDUNDANT","Quarantine-candidate","low"
"to-discard-mirror","to-discard/generated-artifacts/screenshots/section-hero-desktop.png","image","524927","6FB7D857B76DE14F85399E0D36D11B442813614E36F1CBE10B9A9EEA77CF8831","REDUNDANT","Quarantine-candidate","low"
"to-discard-mirror","to-discard/generated-artifacts/screenshots/section-hero-mobile.png","image","228259","0031FEFA2170251DB3910CBDB4A43639721BC01BC3B3755FD27FA7D3A10CE9C5","REDUNDANT","Quarantine-candidate","low"
"to-discard-mirror","to-discard/generated-artifacts/screenshots/section-how-desktop.png","image","130527","2BE5639AAFD0227AEE5E97DC1B45D2951113CA6F041F06E36BB63FA2D22CF783","REDUNDANT","Quarantine-candidate","low"
"to-discard-mirror","to-discard/generated-artifacts/screenshots/section-how-mobile.png","image","63462","3D80BC99EB8CD97834F1497A504FE2BD0B6753B1E59CC26AE94743B58821B6C4","REDUNDANT","Quarantine-candidate","low"
"to-discard-mirror","to-discard/generated-artifacts/screenshots/section-impact-desktop.png","image","240214","ED81C9ACBC8696CA492AD54FFC1AE7761C281E022744505E78376E1883CC4BC3","REDUNDANT","Quarantine-candidate","low"
"to-discard-mirror","to-discard/generated-artifacts/screenshots/section-impact-mobile.png","image","101890","27482F15B5C65D6BC63B6EDC2EDB199F58431161FF14B458EDD4E757EDA37C88","REDUNDANT","Quarantine-candidate","low"
"to-discard-mirror","to-discard/generated-artifacts/screenshots/section-services-desktop.png","image","124471","303B50897B8DEDAA454B2E16FE2ACE0A0120473C5EFD15B288894510EB6D0D7F","REDUNDANT","Quarantine-candidate","low"
"to-discard-mirror","to-discard/generated-artifacts/screenshots/section-services-mobile.png","image","91862","30906EE4FA33A2A0324AC821B5FEBFA5CF9C01F421E7ED3E4E7606AB1DF74F12","REDUNDANT","Quarantine-candidate","low"
"to-discard-mirror","to-discard/generated-artifacts/screenshots/section-trust-desktop.png","image","104638","50387E6A0E7CAC4E4042EFD9F7011D93D37C144E2A5C182F958C2BB4DDB5C74C","REDUNDANT","Quarantine-candidate","low"
"to-discard-mirror","to-discard/generated-artifacts/screenshots/section-trust-mobile.png","image","68419","20864AF9DC69131AD2B09A399738702D1C9944E4EDBEBB0793E5E0D36416317D","REDUNDANT","Quarantine-candidate","low"
"to-discard-mirror","to-discard/generated-artifacts/test-results/.last-run.json","json","292","24EF83EC6D88F679460DB327817E6756C7838EB6A145DE94E5012C110B3A62C8","REDUNDANT","Quarantine-candidate","low"
"to-discard-mirror","to-discard/generated-artifacts/test-results/blueprint-wf01-wf02-wf19-r-52e0e-dent-self-registration-form-chrome/error-context.md","markdown","16219","8C43239A510AEFE66E1A497E2E430F3C10360DE124513D55433A1A66680E5C68","REDUNDANT","Quarantine-candidate","low"
"to-discard-mirror","to-discard/generated-artifacts/test-results/blueprint-wf01-wf02-wf19-r-52e0e-dent-self-registration-form-chrome/test-failed-1.png","image","85885","4D5AAB0DA942CEAF9695D9D03905D68C824C71F0E67F60100F8B9953A1615ADC","REDUNDANT","Quarantine-candidate","low"
"to-discard-mirror","to-discard/generated-artifacts/test-results/blueprint-wf01-wf02-wf19-r-b5c9e-upport-contact-support-form-chrome/error-context.md","markdown","16403","6C3E691EE923330EBC7E14F0E574112CC9231D81501A6EA6EA97DE0B606A1B4E","REDUNDANT","Quarantine-candidate","low"
"to-discard-mirror","to-discard/generated-artifacts/test-results/blueprint-wf01-wf02-wf19-r-b5c9e-upport-contact-support-form-chrome/test-failed-1.png","image","90093","00785217C29948C090AA0E825DCF2C654099012ED5C299097EF85C0ADEFF2EBC","REDUNDANT","Quarantine-candidate","low"
"to-discard-mirror","to-discard/generated-artifacts/test-results/blueprint-wf01-wf02-wf19-r-e8846--parent-register-child-form-chrome/error-context.md","markdown","16211","6A2BF9475047AB9E53BE6ADC67BC803B619C54CC0CB65700F0ACC0311628ABB6","REDUNDANT","Quarantine-candidate","low"
"to-discard-mirror","to-discard/generated-artifacts/test-results/blueprint-wf01-wf02-wf19-r-e8846--parent-register-child-form-chrome/test-failed-1.png","image","85920","00F36145129D1D2F0615F687FE1C641858F63B9C665F46A462411911ED0C3AEE","REDUNDANT","Quarantine-candidate","low"
"to-discard-mirror","to-discard/generated-artifacts/test-results/blueprint-wf03-tutor-regis-4ccff--fill-all-fields-and-submit-chrome/error-context.md","markdown","19217","B9D501488BF11716A29D2F48494185D836E2EBD25592F7BF5A736BFA2390C636","REDUNDANT","Quarantine-candidate","low"
"to-discard-mirror","to-discard/generated-artifacts/test-results/blueprint-wf03-tutor-regis-4ccff--fill-all-fields-and-submit-chrome/test-failed-1.png","image","64027","4D95D23992FA188E4DEDFC0466A5E3132958325944E3B84534BEAF5C913C855F","REDUNDANT","Quarantine-candidate","low"
"to-discard-mirror","to-discard/generated-artifacts/test-results/blueprint-wf07-wf10-bookin-b079b-—-parent-assessment-request-chrome/error-context.md","markdown","18832","8286EDB0B4F7E4849BB7F55E2572D4B24CBF94A7980791E404CDEEED6348C5E6","REDUNDANT","Quarantine-candidate","low"
"to-discard-mirror","to-discard/generated-artifacts/test-results/blueprint-wf07-wf10-bookin-b079b-—-parent-assessment-request-chrome/test-failed-1.png","image","157445","F74034ACB100F06819634DF117553FB97512EB0D207405A6FD58080E081EF204","REDUNDANT","Quarantine-candidate","low"
"to-discard-mirror","to-discard/legacy-inc/customizer-preview.js","js","1374","AFD073AA3A9A0C3371F2B926CFEB8C5FA11246CA0CBF5961ED90E60B3329C932","REDUNDANT","Quarantine-candidate","low"
"to-discard-mirror","to-discard/legacy-inc/enqueue.php","php","4649","CFA5BCA93870EAA5E7F92D34087F5BA7449B565FA8CD5D22E8C997C651B6F630","REDUNDANT","Quarantine-candidate","low"
"to-discard-mirror","to-discard/legacy-inc/setup.php","php","3931","56C5366F791DB3F7F4E96777F126B3EBE09EE4E9A4694A3DACDFE06CC809D9FE","REDUNDANT","Quarantine-candidate","low"
"to-discard-mirror","to-discard/NextGenTutors-BeyondInfinity/.gitignore","other","282","F8AF103E6A69390838FD24E1B5AD315BC4BF6185CC86173EB222ABE393B821A3","REDUNDANT","Quarantine-candidate","low"
"to-discard-mirror","to-discard/NextGenTutors-BeyondInfinity/404.php","php","833","0C693F51A9946FAF94303538CED3C823304D79214EFA70C54F937E63C0031E22","REDUNDANT","Quarantine-candidate","low"
"to-discard-mirror","to-discard/NextGenTutors-BeyondInfinity/admin-dashboard.php","php","251","84C99881B115E68FF79B75BC9A3186F1924AA523B865934CDC92684FD51E8D8D","REDUNDANT","Quarantine-candidate","low"
"to-discard-mirror","to-discard/NextGenTutors-BeyondInfinity/archive-tutors.php","php","1224","CF9DA4E9BF21B5A8AC9C5FE28A846055E3D9CA942AFCBB77C62E3169B723AE5B","REDUNDANT","Quarantine-candidate","low"
"to-discard-mirror","to-discard/NextGenTutors-BeyondInfinity/archive.php","php","1000","3F385D0782463F776D1485931123C8A3508B7546F67CF86CC0DAC55ECD625230","REDUNDANT","Quarantine-candidate","low"
"to-discard-mirror","to-discard/NextGenTutors-BeyondInfinity/CHANGES-REGISTRY.md","markdown","8484","1709FF06A6ECFE733AC001EBF4886B91C422F23B43770428E2317DE356F86F31","REDUNDANT","Quarantine-candidate","low"
"to-discard-mirror","to-discard/NextGenTutors-BeyondInfinity/comments.php","php","1107","F9898E908A36518E286396F8F1D5EB053B066309CD434568FC8ACA6D98325EDD","REDUNDANT","Quarantine-candidate","low"
"to-discard-mirror","to-discard/NextGenTutors-BeyondInfinity/COMPARE-DIFFERENCES.md","markdown","18621","F64B76D0899643887F463768699820B2A307A9A90FAF13873590A586FC0AA75D","REDUNDANT","Quarantine-candidate","low"
"to-discard-mirror","to-discard/NextGenTutors-BeyondInfinity/ENTERPRISE-WORKFLOW-BLUEPRINT-v1.4.6.md","markdown","10462","DE0600FB891C76D9ED5213E1A8FE771220DFBB91C345DD63FBD2860E99BE8AB5","REDUNDANT","Quarantine-candidate","low"
"to-discard-mirror","to-discard/NextGenTutors-BeyondInfinity/footer.php","php","633","0954E55BE6F87C3947518E5E6B7462FBCD6D3569CC436FB2B673AD13BB4C37D0","REDUNDANT","Quarantine-candidate","low"
"to-discard-mirror","to-discard/NextGenTutors-BeyondInfinity/front-page.php","php","266","E68568E781FAB2513927BDF26D3E413219D8508D8C8F01D3AABA6B3201003A13","REDUNDANT","Quarantine-candidate","low"
"to-discard-mirror","to-discard/NextGenTutors-BeyondInfinity/functions.php","php","10116","35E9F1EC61B054078F4EFDD2C783A258B642A375DA3263928C515395C57A4F07","REDUNDANT","Quarantine-candidate","low"
"to-discard-mirror","to-discard/NextGenTutors-BeyondInfinity/header.php","php","941","C93FFDA81715EDF9E41F64A72A5E22586B7601B19640AF79C93B4B751ACAB156","REDUNDANT","Quarantine-candidate","low"
"to-discard-mirror","to-discard/NextGenTutors-BeyondInfinity/home.php","php","166","C425B3523CF0611644A927A369800CFA8FB6722E12EC6D3AF22D3A8FFC9CB06C","REDUNDANT","Quarantine-candidate","low"
"to-discard-mirror","to-discard/NextGenTutors-BeyondInfinity/IMPLEMENTATION-AND-MOTIVATIONS.md","markdown","6200","12288581326652B6108DF11EE8582CB97456CAFA733CC4E9EA232FAAA8ABB0DC","REDUNDANT","Quarantine-candidate","low"
"to-discard-mirror","to-discard/NextGenTutors-BeyondInfinity/index.php","php","162","BED0E0FF495E6BA739F18A40E01CC65497FCE1097DEC841701C280C59F428586","REDUNDANT","Quarantine-candidate","low"
"to-discard-mirror","to-discard/NextGenTutors-BeyondInfinity/KNOWN-LIMITATIONS.md","markdown","3416","B7698400CA84FF25CE66EE1647E256CEA56BFACA4E5A1C3B3FAD1FF9A75E6BB7","REDUNDANT","Quarantine-candidate","low"
"to-discard-mirror","to-discard/NextGenTutors-BeyondInfinity/page-about.php","php","231","3F3E31BA5FBC903E9B2FB1F16D022BAE10D6F398566CCCF98C26FA057D05776C","REDUNDANT","Quarantine-candidate","low"
"to-discard-mirror","to-discard/NextGenTutors-BeyondInfinity/page-become-a-tutor.php","php","242","267A1B163E1E456A06E43C056DA164AC87F21A172699D8C4BDF81250894F12E4","REDUNDANT","Quarantine-candidate","low"
"to-discard-mirror","to-discard/NextGenTutors-BeyondInfinity/page-blog.php","php","186","F1601CBD40DBE0DAC9C94FC48CDCC1BDA5FCCDA215DFD3462755DFD1B28989C1","REDUNDANT","Quarantine-candidate","low"
"to-discard-mirror","to-discard/NextGenTutors-BeyondInfinity/page-child-safety.php","php","252","7F66EADE79D87E092E319C64A4611B301CA0000321945AA7F94511E4D23C2D7C","REDUNDANT","Quarantine-candidate","low"
"to-discard-mirror","to-discard/NextGenTutors-BeyondInfinity/page-contact.php","php","235","7A167A46A854B4CB804B44817DD30A716C68457781DDE8672F73E4B2651310B3","REDUNDANT","Quarantine-candidate","low"
"to-discard-mirror","to-discard/NextGenTutors-BeyondInfinity/page-find-tutor.php","php","245","B8A2D097E41B675976F551E399BB37B2CE9FF36EAB5DD98E76A49404E9637164","REDUNDANT","Quarantine-candidate","low"
"to-discard-mirror","to-discard/NextGenTutors-BeyondInfinity/page-guarantee.php","php","196","5306DA27E8249B39086AD33FD90980EAB3FE0ED00A543F6FECC0FECB6A3F0BBB","REDUNDANT","Quarantine-candidate","low"
"to-discard-mirror","to-discard/NextGenTutors-BeyondInfinity/page-login.php","php","231","D56908DFAC02610CDCFADE298AA4A4E6A5FEE6B698245CCEAA6681E9CB1F1E9C","REDUNDANT","Quarantine-candidate","low"
"to-discard-mirror","to-discard/NextGenTutors-BeyondInfinity/page-onboarding.php","php","234","8546E59921C3949722293B8ED13A6EB9D25EAED0704E2FF2AA32D37B213054E5","REDUNDANT","Quarantine-candidate","low"
"to-discard-mirror","to-discard/NextGenTutors-BeyondInfinity/page-parent-checkout.php","php","249","2F2C3819705F575C10FFF4FBAE98BB94F8876E586059FFE9F1E76AFB1535C42D","REDUNDANT","Quarantine-candidate","low"
"to-discard-mirror","to-discard/NextGenTutors-BeyondInfinity/page-parent-dashboard.php","php","253","2EE57BDF5EF7CBA74039B65582FDBEAD0E6169C3ED60228374D943C30C58EB47","REDUNDANT","Quarantine-candidate","low"
"to-discard-mirror","to-discard/NextGenTutors-BeyondInfinity/page-pricing.php","php","235","51013598D41525515FCE3E2208AD51E7DCE61136AD3412A69449C4BA12F020E1","REDUNDANT","Quarantine-candidate","low"
"to-discard-mirror","to-discard/NextGenTutors-BeyondInfinity/page-privacy-policy.php","php","249","7868F5055F3C3743B19DEFB9A27AA199A03ECFF046EA42D1AE987CA00CD0CA45","REDUNDANT","Quarantine-candidate","low"
"to-discard-mirror","to-discard/NextGenTutors-BeyondInfinity/page-register.php","php","237","C04C0576FA9C79D7B7CC9E00FDE1404A223DF89A10D6FD988078CA9AFE2A7851","REDUNDANT","Quarantine-candidate","low"
"to-discard-mirror","to-discard/NextGenTutors-BeyondInfinity/page-safety-guide.php","php","245","A6B61903DC1FCF8E54C76C1323362B67D89FBBB965A3F65581CD22FA51E39E52","REDUNDANT","Quarantine-candidate","low"
"to-discard-mirror","to-discard/NextGenTutors-BeyondInfinity/page-student-dashboard.php","php","255","A4F8D62F908A6591030DD6E4CD7CD3D2308335B2E7DE54C664049EB2C544F6B6","REDUNDANT","Quarantine-candidate","low"
"to-discard-mirror","to-discard/NextGenTutors-BeyondInfinity/page-support.php","php","192","AF002A8BD7AA367A44F6371AD074D5F19878A5BCAC4A33ABA3640185C16B0C77","REDUNDANT","Quarantine-candidate","low"
"to-discard-mirror","to-discard/NextGenTutors-BeyondInfinity/page-terms.php","php","242","BFA6DAB4E2F1824A8A0286B33A5783836F1C9F401E0BA88020B781B04D4C7D60","REDUNDANT","Quarantine-candidate","low"
"to-discard-mirror","to-discard/NextGenTutors-BeyondInfinity/page-thank-you.php","php","239","5A022B26A0150A43128AC58A712473A115751AC33984CA5DD783F3ED4F0411C6","REDUNDANT","Quarantine-candidate","low"
"to-discard-mirror","to-discard/NextGenTutors-BeyondInfinity/page-tutor-dashboard.php","php","251","B32B3CD6CE28479F298987A8CD98166FA43031D4F3DD380CEC8677BFFA3955E3","REDUNDANT","Quarantine-candidate","low"
"to-discard-mirror","to-discard/NextGenTutors-BeyondInfinity/page-tutor-vetting.php","php","247","C7F2CE19F78BF5CE52A3189B40FB1E6D4213429A07F0C87B6EB66C88E2E64BAA","REDUNDANT","Quarantine-candidate","low"
"to-discard-mirror","to-discard/NextGenTutors-BeyondInfinity/page-wordpress-setup.php","php","244","B04547A78471B48A9FC5EF6AC07BEF8FA44ECAE9A64194296536B4792CE17052","REDUNDANT","Quarantine-candidate","low"
"to-discard-mirror","to-discard/NextGenTutors-BeyondInfinity/page.php","php","169","5B56A32AC176EF75D9EB4C6A3178230952E70AC6B3C26D7A6749D20427CA06A3","REDUNDANT","Quarantine-candidate","low"
"to-discard-mirror","to-discard/NextGenTutors-BeyondInfinity/PAGES-AUDIT-REPORT.md","markdown","8153","E540951E45E5A75C36040FD395D54E1E5FECEB5DD6049152FBBBD9BCDA3B0368","REDUNDANT","Quarantine-candidate","low"
"to-discard-mirror","to-discard/NextGenTutors-BeyondInfinity/README.md","markdown","13678","D9328C77349A040B2784ACD75E5A6EDCF391003F7F68234EF538A15627F28709","REDUNDANT","Quarantine-candidate","low"
"to-discard-mirror","to-discard/NextGenTutors-BeyondInfinity/screenshot.png","image","978890","2A75C5FF93F508BBFF246C5B6BDE73E24D693A29699D5DEEC94A124D92826AA8","REDUNDANT","Quarantine-candidate","low"
"to-discard-mirror","to-discard/NextGenTutors-BeyondInfinity/searchform.php","php","618","465158946ED2CE99B3EC637EC6BF683AAD2331E15BE1BDE98DC6D905BD1B0DC2","REDUNDANT","Quarantine-candidate","low"
"to-discard-mirror","to-discard/NextGenTutors-BeyondInfinity/single-tutors.php","php","479","F5133598D241313FDC18A970880F6754425D13FF85A739BDA2AF6BA020A4F4F1","REDUNDANT","Quarantine-candidate","low"
"to-discard-mirror","to-discard/NextGenTutors-BeyondInfinity/single.php","php","653","8512712E4B0A5018B124E17B68F3ABC07C858B968185219DE36B33993D571B31","REDUNDANT","Quarantine-candidate","low"
"to-discard-mirror","to-discard/NextGenTutors-BeyondInfinity/SMARTHEAD-CONFIG-DIFFERENCES.md","markdown","11293","6E69CF4EA03E0E8CE6806455792AA422BED058F032FFA0FA700797676F8A7183","REDUNDANT","Quarantine-candidate","low"
"to-discard-mirror","to-discard/NextGenTutors-BeyondInfinity/SMARTHEAD-CONFIG-IMPLEMENTATION-PLAN.md","markdown","7773","DF4E81882F316006919A9E58C9CB1D872E22A855F66AFCA86EAB00F300557885","REDUNDANT","Quarantine-candidate","low"
"to-discard-mirror","to-discard/NextGenTutors-BeyondInfinity/style.css","css","32429","6E334BEACBE4EE20680951E4803576FFEF1B4BD68F24593DC5DF95C0358943A0","REDUNDANT","Quarantine-candidate","low"
"to-discard-mirror","to-discard/NextGenTutors-BeyondInfinity/assets/css/bi-3d.css","css","8579","959AFAF705335DC62DB2197CA77FC704E5EA10C94377D41CDCB845E5E3F6CDCB","REDUNDANT","Quarantine-candidate","low"
"to-discard-mirror","to-discard/NextGenTutors-BeyondInfinity/assets/css/components.css","css","20561","3BE310ABB8DEC2F5FF43D79D3E31798FFB5A0C432A8DFE40474291C94F2CF5A1","REDUNDANT","Quarantine-candidate","low"
"to-discard-mirror","to-discard/NextGenTutors-BeyondInfinity/assets/css/dashboard-mission.css","css","2619","C0ADE50E52871F69951C92723B23EF654F635A90A4512BC170D37D1AF931AA8E","REDUNDANT","Quarantine-candidate","low"
"to-discard-mirror","to-discard/NextGenTutors-BeyondInfinity/assets/css/kinetic-home.css","css","22361","A25604C0E0B7C78E1C1FDE978944107BF0577BD75C23DC220096EF90CA95733B","REDUNDANT","Quarantine-candidate","low"
"to-discard-mirror","to-discard/NextGenTutors-BeyondInfinity/assets/css/kinetic-image-hover.css","css","4923","7579A8CA550F423C5C9CB92CDB5475A14BB1CAA7EBDDC223392830CA2490FE9E","REDUNDANT","Quarantine-candidate","low"
"to-discard-mirror","to-discard/NextGenTutors-BeyondInfinity/assets/css/layout-system.css","css","4045","599CD72A0E29842FABC166888F901F9F293E2821B511B038B21E971993B7445D","REDUNDANT","Quarantine-candidate","low"
"to-discard-mirror","to-discard/NextGenTutors-BeyondInfinity/assets/css/nav-menu.css","css","2878","E194839C36DFBA298555A2FDF95A2B2B39CFD9573C32CD30B37DC65B74338F63","REDUNDANT","Quarantine-candidate","low"
"to-discard-mirror","to-discard/NextGenTutors-BeyondInfinity/assets/css/nbi-infinity.css","css","11149","29864D93BE03442306176BE71E0823B3D0CB90674750461EBF02FA1DB02E83F8","REDUNDANT","Quarantine-candidate","low"
"to-discard-mirror","to-discard/NextGenTutors-BeyondInfinity/assets/css/nextgen-beyond-infinity-ui.css","css","8162","F9A01FB6A47E155EE4FB429B30D89A5A2DD4F7DABBAD1A024E8AB51D4E9A4AFB","REDUNDANT","Quarantine-candidate","low"
"to-discard-mirror","to-discard/NextGenTutors-BeyondInfinity/assets/css/ng-ui-booking.css","css","1700","BBDBD6564B1710080DB58159AC38376528953E858C59C66933374D277E1E6401","REDUNDANT","Quarantine-candidate","low"
"to-discard-mirror","to-discard/NextGenTutors-BeyondInfinity/assets/css/ng-ui-cards.css","css","770","D00495D3F0D859499D4C0E74D11BC339DE9776EB3AB9FEC22FEE14383AC6239E","REDUNDANT","Quarantine-candidate","low"
"to-discard-mirror","to-discard/NextGenTutors-BeyondInfinity/assets/css/ng-ui-components.css","css","3101","4986390E05868B0014151AD8AC4D294D6FF68F195B0230A768185E6A39F5DE15","REDUNDANT","Quarantine-candidate","low"
"to-discard-mirror","to-discard/NextGenTutors-BeyondInfinity/assets/css/ng-ui-dashboard.css","css","544","7EB1382983972A31F2F19FF06C88B493CE16DD67C61E96DD3E13DF9C29A85A8E","REDUNDANT","Quarantine-candidate","low"
"to-discard-mirror","to-discard/NextGenTutors-BeyondInfinity/assets/css/ng-ui-hero.css","css","1077","9A5B5BD0326051E2D44CD05B407D72E77880EFDEDCDBA2BC69D2051AAB45AD9A","REDUNDANT","Quarantine-candidate","low"
"to-discard-mirror","to-discard/NextGenTutors-BeyondInfinity/assets/css/ng-ui-tokens.css","css","2923","BD78A66AE5ADDF0C7A0635F162B8CF73B4334E8E22EAAC18D2155A8AFBC5E308","REDUNDANT","Quarantine-candidate","low"
"to-discard-mirror","to-discard/NextGenTutors-BeyondInfinity/assets/css/ngc-forms.css","css","623","4374AA7921030DD6B3246C205FEB2B074DD5FD80AC6EDA771CA4E4DC64C7E70C","REDUNDANT","Quarantine-candidate","low"
"to-discard-mirror","to-discard/NextGenTutors-BeyondInfinity/assets/css/ngc-validation.css","css","3417","2A2169E77EFE49F0AB4F0617982193BE54A68F6193C10AF4DBFF1732D3437038","REDUNDANT","Quarantine-candidate","low"
"to-discard-mirror","to-discard/NextGenTutors-BeyondInfinity/assets/css/ngt-toast.css","css","708","E8B709DEE9687DA8709BC625FCC9E7CAF21E5C27DBB140E58053AAEA0F2CDC91","REDUNDANT","Quarantine-candidate","low"
"to-discard-mirror","to-discard/NextGenTutors-BeyondInfinity/assets/css/ngt-wp-bridge.css","css","3223","8205CDF015C76E2336EE6C9EFCD34D2BA73AC8244810FC65943CA1EB89775AE7","REDUNDANT","Quarantine-candidate","low"
"to-discard-mirror","to-discard/NextGenTutors-BeyondInfinity/assets/css/options-admin.css","css","423","AB2FBEAD18337E41283EE8BDB4082BE2971B02C9DD549C0000AB258028FBF0A7","REDUNDANT","Quarantine-candidate","low"
"to-discard-mirror","to-discard/NextGenTutors-BeyondInfinity/assets/css/page-builders.css","css","2255","206227038239AAB91923F30DB7D659493964855952F0B0C4111F7D1E7AAD2015","REDUNDANT","Quarantine-candidate","low"
"to-discard-mirror","to-discard/NextGenTutors-BeyondInfinity/assets/css/page-composer.css","css","6872","91F108C8FE7F2F760D2F93F8E223BAAFE21D2FF0FDBA53C7FA8E8560D5FD0E75","REDUNDANT","Quarantine-candidate","low"
"to-discard-mirror","to-discard/NextGenTutors-BeyondInfinity/assets/css/theme-switcher.css","css","3783","D0E33122E3BB4BC863E248867FBFD117FD0EB0078C204052837F83D41E1B48B7","REDUNDANT","Quarantine-candidate","low"
"to-discard-mirror","to-discard/NextGenTutors-BeyondInfinity/assets/css/theme.css","css","33053","2CCBFD9B08D2FDB2EE6AD8296D6216F10C3A09C34B3E4BD6596F3621174365CF","REDUNDANT","Quarantine-candidate","low"
"to-discard-mirror","to-discard/NextGenTutors-BeyondInfinity/assets/css/motion/01-base.css","css","653","D45093106C3CFD0AB57216076B217D7D9FEBFB2CC29E9C4B923A183AF930134A","REDUNDANT","Quarantine-candidate","low"
"to-discard-mirror","to-discard/NextGenTutors-BeyondInfinity/assets/css/motion/02-entrance.css","css","1742","48123D21D405EF807BC6CFC05761C3CCA870397A8AE1989C606FAA4EC851C743","REDUNDANT","Quarantine-candidate","low"
"to-discard-mirror","to-discard/NextGenTutors-BeyondInfinity/assets/css/motion/03-sections.css","css","977","FBA8751C256DB01E1A9337364429ECC67D158317D897F9C0C6C3F7B6CB0D9645","REDUNDANT","Quarantine-candidate","low"
"to-discard-mirror","to-discard/NextGenTutors-BeyondInfinity/assets/css/motion/04-hover.css","css","1416","05FCDAC569C9413C938461EFD9CFDE204438077D9BBC2BA3246662C2BFB3F403","REDUNDANT","Quarantine-candidate","low"
"to-discard-mirror","to-discard/NextGenTutors-BeyondInfinity/assets/css/motion/05-parallax.css","css","1069","558C46D4515CDC91925BDB660106446A090782603BC20192159A11660571CC2F","REDUNDANT","Quarantine-candidate","low"
"to-discard-mirror","to-discard/NextGenTutors-BeyondInfinity/assets/css/motion/06-responsive.css","css","537","2CBA98D6635215C16621CC2E05A14571CB390EDCEEA3EF31307097AE1D1DAE97","REDUNDANT","Quarantine-candidate","low"
"to-discard-mirror","to-discard/NextGenTutors-BeyondInfinity/assets/css/motion/07-stagger.css","css","970","F82002B3C771A59398B4A348E64E846FE123C22A826B916523F452AFF2B0BF30","REDUNDANT","Quarantine-candidate","low"
"to-discard-mirror","to-discard/NextGenTutors-BeyondInfinity/assets/css/motion/08-subtle.css","css","832","ADE7F6AE6BF12122A97961E56970794F532AB49D2AD0209AA8AD1EDD277D325F","REDUNDANT","Quarantine-candidate","low"
"to-discard-mirror","to-discard/NextGenTutors-BeyondInfinity/assets/css/motion/09-theme-bridge.css","css","4444","1890898E7397668030EA8EAC05C17DC937C4D630FF3ED3FDA0C08B36D8115D82","REDUNDANT","Quarantine-candidate","low"
"to-discard-mirror","to-discard/NextGenTutors-BeyondInfinity/assets/fonts/README.md","markdown","654","B26CF2D48BA6C612865F15CD49E945DFA24D2BFB87B356572A8659CEF01ED154","REDUNDANT","Quarantine-candidate","low"
"to-discard-mirror","to-discard/NextGenTutors-BeyondInfinity/assets/images/about-feature.jpg","image","15019","A9ED6EA4DDDB34F01FBD83DDD10A5F4696D2B515DFDC20EEB30C055DA82B726A","REDUNDANT","Quarantine-candidate","low"
"to-discard-mirror","to-discard/NextGenTutors-BeyondInfinity/assets/images/become-tutor.jpg","image","66983","CD782F2A2BA3161EE2ADA63E35410DD0DD1D5899821861FCFC2507B8EA658234","REDUNDANT","Quarantine-candidate","low"
"to-discard-mirror","to-discard/NextGenTutors-BeyondInfinity/assets/images/cta-bg.jpg","image","42033","F261AEA105502F3F419A7D7472FEE45E30D13B0FA7B0EC5D0E49A0AACBBE52E7","REDUNDANT","Quarantine-candidate","low"
"to-discard-mirror","to-discard/NextGenTutors-BeyondInfinity/assets/images/guarantee-bg.jpg","image","40827","84C0CE3A633744AB5A86DF0568BB7EE2D6D878C760124C82446104FBA0E73BA8","REDUNDANT","Quarantine-candidate","low"
"to-discard-mirror","to-discard/NextGenTutors-BeyondInfinity/assets/images/hero-bg.jpg","image","31472","D0B51090365EB217F1AEB2EC69BF8EF48C4048850C479678BC1A6C976062E52D","REDUNDANT","Quarantine-candidate","low"
"to-discard-mirror","to-discard/NextGenTutors-BeyondInfinity/assets/images/home-video.jpg","image","79020","5C0762E05702AC79415B948E7A4813899A42519FEBE2394F8196205B580E0BB1","REDUNDANT","Quarantine-candidate","low"
"to-discard-mirror","to-discard/NextGenTutors-BeyondInfinity/assets/images/pricing-bg.jpg","image","34647","5AEA2883CBB18623C969AD5F5579D288B5E226407226A3D237469825B09DE76A","REDUNDANT","Quarantine-candidate","low"
"to-discard-mirror","to-discard/NextGenTutors-BeyondInfinity/assets/images/README.md","markdown","1044","4798AF365E3C6EC1C82BB51DD060D86946DABCF97B21377606153EE6B3700A8B","REDUNDANT","Quarantine-candidate","low"
"to-discard-mirror","to-discard/NextGenTutors-BeyondInfinity/assets/images/style-add-ons-reference.png","image","8074","9078E38CB717092671F6893E9B84B9170438C855A27646746FC6FF0C8C4908F4","REDUNDANT","Quarantine-candidate","low"
"to-discard-mirror","to-discard/NextGenTutors-BeyondInfinity/assets/js/bi-3d.js","js","5182","FE1CA01B4B3B169661BE99AAF716D2402732E174326EFD4B5196C5BD46575398","REDUNDANT","Quarantine-candidate","low"
"to-discard-mirror","to-discard/NextGenTutors-BeyondInfinity/assets/js/bi-customizer-preview.js","js","1056","74591A61D58E739E3328CD3298BBAD4A759F9525E039CC0D8F3BD27A5324A695","REDUNDANT","Quarantine-candidate","low"
"to-discard-mirror","to-discard/NextGenTutors-BeyondInfinity/assets/js/bi-options-admin.js","js","584","C0F9429E536F1803EAFB96E84A1FBAF8607A9A53DEEBA1B0769CEFC1ED53FE2A","REDUNDANT","Quarantine-candidate","low"
"to-discard-mirror","to-discard/NextGenTutors-BeyondInfinity/assets/js/customizer-preview.js","js","1374","AFD073AA3A9A0C3371F2B926CFEB8C5FA11246CA0CBF5961ED90E60B3329C932","REDUNDANT","Quarantine-candidate","low"
"to-discard-mirror","to-discard/NextGenTutors-BeyondInfinity/assets/js/dashboard-rest.js","js","10032","8E9057050892E6D5A6EF57CF9AF7AA72B26F369DCB84D2E116CD5DCEC5240989","REDUNDANT","Quarantine-candidate","low"
"to-discard-mirror","to-discard/NextGenTutors-BeyondInfinity/assets/js/kinetic-home.js","js","10222","537E7362358EEA910D769DC10EFD6334C57CA596C74268D657F0D2A96502CC5C","REDUNDANT","Quarantine-candidate","low"
"to-discard-mirror","to-discard/NextGenTutors-BeyondInfinity/assets/js/layout-debug.js","js","3136","34ECD0E6D0041AA6A9CDC2B00BDF56BF4782C76D43574CCAACAA33157B895ABF","REDUNDANT","Quarantine-candidate","low"
"to-discard-mirror","to-discard/NextGenTutors-BeyondInfinity/assets/js/main.js","js","6900","C367806F37A53A68DE7A3CBD05FA1D85D2CA543FDDB2467A3D189CB4C7998746","REDUNDANT","Quarantine-candidate","low"
"to-discard-mirror","to-discard/NextGenTutors-BeyondInfinity/assets/js/motion.js","js","2961","57851B86D24A02718019D5B7632ED1754601F5C4338C523B2D0C0AC35F03E4D3","REDUNDANT","Quarantine-candidate","low"
"to-discard-mirror","to-discard/NextGenTutors-BeyondInfinity/assets/js/nav-menu.js","js","1219","AEBADB0D6BA7386B9936C9EAA81E8434790FA9660532289533C90E4CDC1915FC","REDUNDANT","Quarantine-candidate","low"
"to-discard-mirror","to-discard/NextGenTutors-BeyondInfinity/assets/js/nbi-infinity.js","js","10723","1FF2FF720237D0154081F43B788F5354A41094F17BF4AADFFDE4BD948D0A5458","REDUNDANT","Quarantine-candidate","low"
"to-discard-mirror","to-discard/NextGenTutors-BeyondInfinity/assets/js/nextgen-beyond-infinity-ui.js","js","1847","095C7ADC5AB294761821AF976B8141160A275BD89128AAFC297EA78D3A9F3644","REDUNDANT","Quarantine-candidate","low"
"to-discard-mirror","to-discard/NextGenTutors-BeyondInfinity/assets/js/ng-ui.js","js","809","043A714166E78AEA53F3DD617F7D06FD93268BD3FE2219AC4A7ACF18DF75F70C","REDUNDANT","Quarantine-candidate","low"
"to-discard-mirror","to-discard/NextGenTutors-BeyondInfinity/assets/js/ngc-validation.js","js","8243","71479EC89C934EEA3F834C1AF7121E64525E72186BB6BB9ED567DFAED75C67ED","REDUNDANT","Quarantine-candidate","low"
"to-discard-mirror","to-discard/NextGenTutors-BeyondInfinity/assets/js/ngt-toast.js","js","1994","4A578C0CCCEB221B4F9AE1F5F156450D71DD8DC80C869A0A7C0BF3D1AC31FF75","REDUNDANT","Quarantine-candidate","low"
"to-discard-mirror","to-discard/NextGenTutors-BeyondInfinity/assets/js/ngt-wp-bridge.js","js","3949","3E4499E132CD9418950BE7A73C625ADF5194370A6704F0DB7AA1FED3B6C66F25","REDUNDANT","Quarantine-candidate","low"
"to-discard-mirror","to-discard/NextGenTutors-BeyondInfinity/assets/js/page-composer.js","js","1617","F975B062D9E55385A380A8DEB84E0D30A8A6D8DA3AB07249817E614EBF197C7E","REDUNDANT","Quarantine-candidate","low"
"to-discard-mirror","to-discard/NextGenTutors-BeyondInfinity/assets/js/README.md","markdown","779","C536F8349F7E959FB53DE9C0B05C1D5177B6A986E415D78FAA436C3849DCDC9E","REDUNDANT","Quarantine-candidate","low"
"to-discard-mirror","to-discard/NextGenTutors-BeyondInfinity/assets/js/theme-switcher.js","js","6336","E2BA594230BF9BB34913D6E11D2C6A384CA6C51E7A9735CC1C7C85526CAF8DBC","REDUNDANT","Quarantine-candidate","low"
"to-discard-mirror","to-discard/NextGenTutors-BeyondInfinity/assets/js/theme.js","js","7171","B19D3BB9153AB1CC6A3D17DBD27131403F59DF53FB9DFC45EB273A2357BAE154","REDUNDANT","Quarantine-candidate","low"
"to-discard-mirror","to-discard/NextGenTutors-BeyondInfinity/assets/js/tutors-carousel.js","js","4918","CDC42A89D3E1B775CB2E3978A1C268C2BD3CA25688B8325CEA3FFBFC4F374D05","REDUNDANT","Quarantine-candidate","low"
"to-discard-mirror","to-discard/NextGenTutors-BeyondInfinity/assets/ngt/css/admin.css","css","20126","5515FA559C6C4B3F9C30440AF9A25E010E0789F319D4B5084AA0847442D1583D","REDUNDANT","Quarantine-candidate","low"
"to-discard-mirror","to-discard/NextGenTutors-BeyondInfinity/assets/ngt/css/components.css","css","36207","CFB810127629D9FEE403EBF0435FCB43171DCA5A53ED066A618A75F1CCBB91B9","REDUNDANT","Quarantine-candidate","low"
"to-discard-mirror","to-discard/NextGenTutors-BeyondInfinity/assets/ngt/css/content.css","css","22274","AF0F847E92C7CA31120C7DC53104DFCD0C4C530690BFC8346BD10926C0078B9E","REDUNDANT","Quarantine-candidate","low"
"to-discard-mirror","to-discard/NextGenTutors-BeyondInfinity/assets/ngt/css/floating.css","css","19125","3043365CF95A80F135DF91AE55F19FBB70E295516C12DA0BDC6E8F94975C49DF","REDUNDANT","Quarantine-candidate","low"
"to-discard-mirror","to-discard/NextGenTutors-BeyondInfinity/assets/ngt/css/pages.css","css","23848","EDCED5BCDE26EEE0D38D26FD207A560A8D41799C9B9803DB8ABB4262E8E4E1BF","REDUNDANT","Quarantine-candidate","low"
"to-discard-mirror","to-discard/NextGenTutors-BeyondInfinity/assets/ngt/css/tokens.css","css","6838","5463B59F05474CE508D56BCF5F7312F53512A147591262F39202CD7CA5986F8D","REDUNDANT","Quarantine-candidate","low"
"to-discard-mirror","to-discard/NextGenTutors-BeyondInfinity/assets/ngt/img/logo-200.png","image","43579","6F3F41D43C7536E5555543191E55F3CB3412EAD73111C269D56496535D49FE19","REDUNDANT","Quarantine-candidate","low"
"to-discard-mirror","to-discard/NextGenTutors-BeyondInfinity/assets/ngt/img/logo-dark.png","image","1832613","51007C08A8D9C884683B0F53330C82E9E60F07F9053F2B34F8A72DE229E4AF9F","REDUNDANT","Quarantine-candidate","low"
"to-discard-mirror","to-discard/NextGenTutors-BeyondInfinity/assets/ngt/img/logo.png","image","185819","22CA2B5A623FBDD2B3DBA5BDB1E15D123EE5C75348F1AA782D0E7D57E83F80B6","REDUNDANT","Quarantine-candidate","low"
"to-discard-mirror","to-discard/NextGenTutors-BeyondInfinity/assets/ngt/js/admin-dash.js","js","2870","4F9515195470591A0798FE5FED8A77DA31CB6164A20CA9992E54D8D627E23CE6","REDUNDANT","Quarantine-candidate","low"
"to-discard-mirror","to-discard/NextGenTutors-BeyondInfinity/assets/ngt/js/chat.js","js","12310","FD84F5E61983D94395E54AB7CEF2045F97A91708F1592E5BC5318E8430453804","REDUNDANT","Quarantine-candidate","low"
"to-discard-mirror","to-discard/NextGenTutors-BeyondInfinity/assets/ngt/js/chrome.js","js","16887","30EAAECC40D2C26190B3DF6130DB31F4752163558FECEAD880B879DB4A16D901","REDUNDANT","Quarantine-candidate","low"
"to-discard-mirror","to-discard/NextGenTutors-BeyondInfinity/assets/ngt/js/dashboard.js","js","2155","D4FBF1B069F57A1642BFF99B4464BCCC3A79E3036C134A70101771F148CCAA31","REDUNDANT","Quarantine-candidate","low"
"to-discard-mirror","to-discard/NextGenTutors-BeyondInfinity/assets/ngt/js/data.js","js","7494","3AAA811B3D15F7283F232CDE1250C2AB7299B8BFAB0F18E83FFCA0D5D18CDEC3","REDUNDANT","Quarantine-candidate","low"
"to-discard-mirror","to-discard/NextGenTutors-BeyondInfinity/assets/ngt/js/export.js","js","4204","92ADC1D2DB5871CFAB5DD5D545EBFAE99954C00920AA05EC5AABD8CF309F3DD0","REDUNDANT","Quarantine-candidate","low"
"to-discard-mirror","to-discard/NextGenTutors-BeyondInfinity/assets/ngt/js/floating.js","js","13842","A977B9CCD4C35AEC02CAD4B72B2A25298533A1BE7F0D25CECFF75070D4E3FE13","REDUNDANT","Quarantine-candidate","low"
"to-discard-mirror","to-discard/NextGenTutors-BeyondInfinity/assets/ngt/js/home.js","js","15127","7522C74AA1EEBCA9BBD3185AD8D38566D0E6AD2AE783B7E472ABBC2D24B9DCF3","REDUNDANT","Quarantine-candidate","low"
"to-discard-mirror","to-discard/NextGenTutors-BeyondInfinity/assets/ngt/js/onboarding.js","js","10109","334D5EDDEA7D0ADA3FB7CB0FE2D324A47E28C5E97EC7AA3F30461E47147F13EE","REDUNDANT","Quarantine-candidate","low"
"to-discard-mirror","to-discard/NextGenTutors-BeyondInfinity/assets/ngt/js/preloader.js","js","11002","F5FD2033C1E0B877E5BFCDAA43686A6FC7E0348868255DF3B7A85004F73ABDC3","REDUNDANT","Quarantine-candidate","low"
"to-discard-mirror","to-discard/NextGenTutors-BeyondInfinity/assets/ngt/js/pricing.js","js","4105","71ED9A0043207BF4518D097F655E1D407827D4EA887293595B7DAA3D88CF4B4E","REDUNDANT","Quarantine-candidate","low"
"to-discard-mirror","to-discard/NextGenTutors-BeyondInfinity/assets/ngt/js/profile.js","js","6768","1747984A9D48EC64C3E0A1ED9E0C249F7A027694278CB54566542CD39EAB23C6","REDUNDANT","Quarantine-candidate","low"
"to-discard-mirror","to-discard/NextGenTutors-BeyondInfinity/assets/ngt/js/reports.js","js","8581","347DFAE2DF75841D562C492FF05FB675F2A7DD0CA6FB63D47B5224B974FFF263","REDUNDANT","Quarantine-candidate","low"
"to-discard-mirror","to-discard/NextGenTutors-BeyondInfinity/assets/ngt/js/setup.js","js","2383","371A3444EBC39A5DF8B6E17A6C186BEF718BB672CEC4A77F1779E48EADF2A670","REDUNDANT","Quarantine-candidate","low"
"to-discard-mirror","to-discard/NextGenTutors-BeyondInfinity/assets/ngt/js/static.js","js","5135","A1A5D1CDA37519F2D75F9E275E51EE417B895C9539EDD94087BE8017CDE0F768","REDUNDANT","Quarantine-candidate","low"
"to-discard-mirror","to-discard/NextGenTutors-BeyondInfinity/assets/ngt/js/tutor-dash.js","js","2874","DBEB03ED45478C265ECA53F423342E8FC7D54B2F895C818B6BA2B582D0804BB4","REDUNDANT","Quarantine-candidate","low"
"to-discard-mirror","to-discard/NextGenTutors-BeyondInfinity/assets/ngt/js/tutors.js","js","6801","911EBFF763202C21FA7BB4934588CB8ED5F43A0351F849539E9DA3BF364864E1","REDUNDANT","Quarantine-candidate","low"
"to-discard-mirror","to-discard/NextGenTutors-BeyondInfinity/assets/videos/about-learning.mp4","other","4855396","59E2568ACD74E9B833972059C88662E29EA470584CD8249409DB8CD1657F90FB","REDUNDANT","Quarantine-candidate","low"
"to-discard-mirror","to-discard/NextGenTutors-BeyondInfinity/assets/videos/become-tutor-classroom.mp4","other","2873541","27543EC0B41B10163E15EC1818F4B35B134B5C808A207A478EB369034D832A9C","REDUNDANT","Quarantine-candidate","low"
"to-discard-mirror","to-discard/NextGenTutors-BeyondInfinity/assets/videos/find-tutor-session.mp4","other","5499250","90E7B561CA9292F6B4493D9E39806A88B239EC131A3FBBD89173465AA869B1A7","REDUNDANT","Quarantine-candidate","low"
"to-discard-mirror","to-discard/NextGenTutors-BeyondInfinity/assets/videos/hero-mother-daughter-online.mp4","other","3782709","D037E158496F1123B69763D70B846824CD4ECADF46677159DD7ACA43B3BD9304","REDUNDANT","Quarantine-candidate","low"
"to-discard-mirror","to-discard/NextGenTutors-BeyondInfinity/assets/videos/story-online-class.mp4","other","4643176","5844E2C12CB7C4A0321748787AEBC38A97436C180439182927068E594E9F71C7","REDUNDANT","Quarantine-candidate","low"
"to-discard-mirror","to-discard/NextGenTutors-BeyondInfinity/build-src/copy-to-theme.mjs","js","994","AA86B1C044FB622CE7BF2FC241790334F92C4AD22FC86B4ADE9FBC7BEAEE81F0","REDUNDANT","Quarantine-candidate","low"
"to-discard-mirror","to-discard/NextGenTutors-BeyondInfinity/build-src/package.json","json","962","8BA19DC666713C319D9A715C1EC4471EA9ED63882639ED273D2BA987E64ECD4F","REDUNDANT","Quarantine-candidate","low"
"to-discard-mirror","to-discard/NextGenTutors-BeyondInfinity/build-src/vite.config.ts","ts","1046","DF76B3C960AAA5F04F818A543198F2F6788E92AF361459B79895DA8C7ED23C25","REDUNDANT","Quarantine-candidate","low"
"to-discard-mirror","to-discard/NextGenTutors-BeyondInfinity/content/become-a-tutor.md","markdown","936","C6164DC9066C2F58EF19997361E3ED96C601FE06AE2B3486283369E5F2D2AD97","REDUNDANT","Quarantine-candidate","low"
"to-discard-mirror","to-discard/NextGenTutors-BeyondInfinity/content/contact.md","markdown","580","C8FF1165A0B6020D40A1CDAE8CB84CC10C3CF91B5D5A7BE3AFC0638ED304D6E9","REDUNDANT","Quarantine-candidate","low"
"to-discard-mirror","to-discard/NextGenTutors-BeyondInfinity/content/find-a-tutor.md","markdown","861","EA33D4514C6011F110B047E2D0140453E0F973F51F71117B3A5B268A85D696D2","REDUNDANT","Quarantine-candidate","low"
"to-discard-mirror","to-discard/NextGenTutors-BeyondInfinity/content/login.md","markdown","200","07475BA36ABF00317A2E6B71FD12E725EE695C13536B80B22DFE2583A39F2F4E","REDUNDANT","Quarantine-candidate","low"
"to-discard-mirror","to-discard/NextGenTutors-BeyondInfinity/content/nextgen-workflow-pack.json","json","10606","39074E280B847BA1ADE4C887034CCD7B9CF8A43EE0B835E8471456E96B83A7E1","REDUNDANT","Quarantine-candidate","low"
"to-discard-mirror","to-discard/NextGenTutors-BeyondInfinity/content/page-map.json","json","2113","C7ECF7E22D71966067AAB6F8A64AC916B8B52B798E61A7AA62DAA3DC4F2C3209","REDUNDANT","Quarantine-candidate","low"
"to-discard-mirror","to-discard/NextGenTutors-BeyondInfinity/content/register.md","markdown","498","9CBE7A22C4A3D5B495E15F69B8B03905ED9DC44BCCA88235F456D02DF83E8428","REDUNDANT","Quarantine-candidate","low"
"to-discard-mirror","to-discard/NextGenTutors-BeyondInfinity/docs/enterprise-blueprint/APPENDIX-A-RBAC-MATRIX.md","markdown","4014","9FFDE4B8A131E8D7A5704FEDF5DEC99E15AFC095D4F88CD641D8D8F3346E26E3","REDUNDANT","Quarantine-candidate","low"
"to-discard-mirror","to-discard/NextGenTutors-BeyondInfinity/docs/enterprise-blueprint/APPENDIX-B-TRIGGER-MATRIX.md","markdown","5825","39D74787C2D12867F9E39D020D7BE30CD6A417D6A311E9711587C09BDC5E82FD","REDUNDANT","Quarantine-candidate","low"
"to-discard-mirror","to-discard/NextGenTutors-BeyondInfinity/docs/enterprise-blueprint/APPENDIX-C-COMPANION-BOUNDARY.md","markdown","6517","02B543E821086BB235778AB552B8C8C69374A7AA3ABE6662560FBDF4F1F9C2B3","REDUNDANT","Quarantine-candidate","low"
"to-discard-mirror","to-discard/NextGenTutors-BeyondInfinity/docs/enterprise-blueprint/diagrams/generate-diagrams.py","other","19941","92FBAAA4A64A6EA87E168FA98FCDCED5BFA52809D0B1883DE9296EDEDEB72971","REDUNDANT","Quarantine-candidate","low"
"to-discard-mirror","to-discard/NextGenTutors-BeyondInfinity/docs/enterprise-blueprint/diagrams/README.md","markdown","503","08100E20519AC2FDFD0EB02D84A876E1AF12EE3E11556FBE0403AFB4EB267757","REDUNDANT","Quarantine-candidate","low"
"to-discard-mirror","to-discard/NextGenTutors-BeyondInfinity/docs/enterprise-blueprint/diagrams/journeys/journey-admin.svg","svg","4138","04D38D85589BC3511FA9A3DA6398CAC93DB0BA20CBC1E2924062463D487E6AEB","REDUNDANT","Quarantine-candidate","low"
"to-discard-mirror","to-discard/NextGenTutors-BeyondInfinity/docs/enterprise-blueprint/diagrams/journeys/journey-approved-tutor.svg","svg","4152","195094A9E29CACCC70D15A95763A8F6312A5C368FA2F5424F5B9FF8030F3D857","REDUNDANT","Quarantine-candidate","low"
"to-discard-mirror","to-discard/NextGenTutors-BeyondInfinity/docs/enterprise-blueprint/diagrams/journeys/journey-parent.svg","svg","6734","652C12732AF8FD4AB1F71EA23980796C31637A7B13E673333672943F2244C29A","REDUNDANT","Quarantine-candidate","low"
"to-discard-mirror","to-discard/NextGenTutors-BeyondInfinity/docs/enterprise-blueprint/diagrams/journeys/journey-student.svg","svg","4150","F6D86D821BC82076C8E7BB190CCEFF776FF3121DDA9EBFF4BC3326A81854612D","REDUNDANT","Quarantine-candidate","low"
"to-discard-mirror","to-discard/NextGenTutors-BeyondInfinity/docs/enterprise-blueprint/diagrams/journeys/journey-tutor-applicant.svg","svg","4814","3564C14A2756F6782BC36E5EF1DB978054018734402B90D67CA706C445B0F9A3","REDUNDANT","Quarantine-candidate","low"
"to-discard-mirror","to-discard/NextGenTutors-BeyondInfinity/docs/enterprise-blueprint/diagrams/journeys/journey-visitor.svg","svg","3505","B6118E3E925F5E71419DA7384E539891BEED9D719B1532A4094E5D4A33CB86D5","REDUNDANT","Quarantine-candidate","low"
"to-discard-mirror","to-discard/NextGenTutors-BeyondInfinity/docs/enterprise-blueprint/diagrams/triggers/trigger-booking_confirmed.svg","svg","1260","0365EC88DA67B3FF8E715B88064BA756EBB43AD068AD4DB258BBDD85A0666090","REDUNDANT","Quarantine-candidate","low"
"to-discard-mirror","to-discard/NextGenTutors-BeyondInfinity/docs/enterprise-blueprint/diagrams/triggers/trigger-booking_created.svg","svg","2725","123DC732C4A3E3C43537A631DAF60C52E8776CDBF32A5E735CBF3536DBB4EFBD","REDUNDANT","Quarantine-candidate","low"
"to-discard-mirror","to-discard/NextGenTutors-BeyondInfinity/docs/enterprise-blueprint/diagrams/triggers/trigger-daily_health_check.svg","svg","2731","6CC626B0C852D6E883FA4676A582FBE83282EF87A9DC26DA59AB2507C40ABE4F","REDUNDANT","Quarantine-candidate","low"
"to-discard-mirror","to-discard/NextGenTutors-BeyondInfinity/docs/enterprise-blueprint/diagrams/triggers/trigger-invoice_generated.svg","svg","1260","CFC0C5B17F2AC558CCAD529EB88F78CF28BC9BCD9E64A61D72BCB5942874DF0B","REDUNDANT","Quarantine-candidate","low"
"to-discard-mirror","to-discard/NextGenTutors-BeyondInfinity/docs/enterprise-blueprint/diagrams/triggers/trigger-lesson_completed.svg","svg","2724","C41CE8E6DF3D7E5E77A23F7F8527BA3DE61E989BEE80BA03DA24045302949A05","REDUNDANT","Quarantine-candidate","low"
"to-discard-mirror","to-discard/NextGenTutors-BeyondInfinity/docs/enterprise-blueprint/diagrams/triggers/trigger-lesson_started.svg","svg","1254","33AE10E789F14DFD3DE5C8552CABD9FA9463D4ACD3D86BBBAB0DC8EBF098AF63","REDUNDANT","Quarantine-candidate","low"
"to-discard-mirror","to-discard/NextGenTutors-BeyondInfinity/docs/enterprise-blueprint/diagrams/triggers/trigger-match_accepted.svg","svg","1254","BCCF776C9DB925C91D51509AF3DFA22EC0EACCED44106A28FBE25F3CE68018BA","REDUNDANT","Quarantine-candidate","low"
"to-discard-mirror","to-discard/NextGenTutors-BeyondInfinity/docs/enterprise-blueprint/diagrams/triggers/trigger-match_requested.svg","svg","2730","71692B9B0B8AA1C6AFB6E01380517A2DBF92BD7878DDFB228D33622D8450D034","REDUNDANT","Quarantine-candidate","low"
"to-discard-mirror","to-discard/NextGenTutors-BeyondInfinity/docs/enterprise-blueprint/diagrams/triggers/trigger-matrix-catalog.svg","svg","17409","EBE9171CEB29B5FA614824112D8134DFAA7380372AA159CA6DD908B24391FE7C","REDUNDANT","Quarantine-candidate","low"
"to-discard-mirror","to-discard/NextGenTutors-BeyondInfinity/docs/enterprise-blueprint/diagrams/triggers/trigger-parent_created.svg","svg","2738","22C82DC9E52D7F5845CC43C09649FC4AA78677E0E4A779D527A5D75B9AD5CC66","REDUNDANT","Quarantine-candidate","low"
"to-discard-mirror","to-discard/NextGenTutors-BeyondInfinity/docs/enterprise-blueprint/diagrams/triggers/trigger-payment_failed.svg","svg","1254","D02B3CACA9D40EEEE7EBDED97DEE8E1196EFD850E69BF4B4C74358C7D3FC7F72","REDUNDANT","Quarantine-candidate","low"
"to-discard-mirror","to-discard/NextGenTutors-BeyondInfinity/docs/enterprise-blueprint/diagrams/triggers/trigger-payment_received.svg","svg","2735","00D1B9D740C05EE3C1936CF109D1B761D9E1A063DB192087455AE9B4C7FF07E1","REDUNDANT","Quarantine-candidate","low"
"to-discard-mirror","to-discard/NextGenTutors-BeyondInfinity/docs/enterprise-blueprint/diagrams/triggers/trigger-payout_generated.svg","svg","1258","542373D76C7A2CF1941E8909C307ADA3E0D45D8B5860491A24CAAAD46EE642E9","REDUNDANT","Quarantine-candidate","low"
"to-discard-mirror","to-discard/NextGenTutors-BeyondInfinity/docs/enterprise-blueprint/diagrams/triggers/trigger-review_submitted.svg","svg","1258","F85370EC48E73EBC896A9A73EB5C5AA5983CB7EFDFAD82E7E1B02E2F80BFF0E9","REDUNDANT","Quarantine-candidate","low"
"to-discard-mirror","to-discard/NextGenTutors-BeyondInfinity/docs/enterprise-blueprint/diagrams/triggers/trigger-student_created.svg","svg","2742","B14B0D1CE507C6AF3AE8DC5B2F3F9D382517B06D3B08E1BAB41A8C8617895BFB","REDUNDANT","Quarantine-candidate","low"
"to-discard-mirror","to-discard/NextGenTutors-BeyondInfinity/docs/enterprise-blueprint/diagrams/triggers/trigger-support_created.svg","svg","2732","9C9157533C385668F5B5833A99F2478A3A70AA293C2EA4CCB80477692BF4FFFB","REDUNDANT","Quarantine-candidate","low"
"to-discard-mirror","to-discard/NextGenTutors-BeyondInfinity/docs/enterprise-blueprint/diagrams/triggers/trigger-tutor_approved.svg","svg","2723","509E6F939000B4630218CAB645283E7E91335339D77ADD1CB0F0F9DD3FA002A0","REDUNDANT","Quarantine-candidate","low"
"to-discard-mirror","to-discard/NextGenTutors-BeyondInfinity/docs/enterprise-blueprint/diagrams/triggers/trigger-tutor_rejected.svg","svg","1254","C9AB290D3E5449B233622F8980220FC9CDF6F214E5DA0705279C9A60272213A0","REDUNDANT","Quarantine-candidate","low"
"to-discard-mirror","to-discard/NextGenTutors-BeyondInfinity/docs/enterprise-blueprint/diagrams/triggers/trigger-tutor_submitted.svg","svg","2739","6350E03192829B09C325C54A9D67E39A4E011DEB06EDC593335EE8D54A7370A1","REDUNDANT","Quarantine-candidate","low"
"to-discard-mirror","to-discard/NextGenTutors-BeyondInfinity/docs/enterprise-blueprint/diagrams/triggers/trigger-user_registered.svg","svg","2727","18B9F1497FE7F4EE45D038EBA2513491FE4F63E31CC6AF67AC3495CD868FE87C","REDUNDANT","Quarantine-candidate","low"
"to-discard-mirror","to-discard/NextGenTutors-BeyondInfinity/docs/enterprise-blueprint/diagrams/workflows/WF-01-parent-registration.svg","svg","5345","31E6B7E8F86B61466DEB13072C43F9E4EE70FC1EC1BD4D8BD1CDC1F0F795BE22","REDUNDANT","Quarantine-candidate","low"
"to-discard-mirror","to-discard/NextGenTutors-BeyondInfinity/docs/enterprise-blueprint/diagrams/workflows/WF-02-student-registration.svg","svg","5256","B92AEF8709C8CF8196925B9CBF0E3C293362A960086D5624C144C2259C0A2C30","REDUNDANT","Quarantine-candidate","low"
"to-discard-mirror","to-discard/NextGenTutors-BeyondInfinity/docs/enterprise-blueprint/diagrams/workflows/WF-03-tutor-registration.svg","svg","5271","362154A9C0B0705C16E2BE50C573315A85CA29CAA236FF677C554F6760132EB4","REDUNDANT","Quarantine-candidate","low"
"to-discard-mirror","to-discard/NextGenTutors-BeyondInfinity/docs/enterprise-blueprint/diagrams/workflows/WF-04-tutor-approval.svg","svg","5501","B1163EE0E43F5DA9E3184A0E3BAB8BE946B7A8D83BBDFEF0B9B5F2DA8E2D8677","REDUNDANT","Quarantine-candidate","low"
"to-discard-mirror","to-discard/NextGenTutors-BeyondInfinity/docs/enterprise-blueprint/diagrams/workflows/WF-05-tutor-rejection.svg","svg","4147","E2E0CC7F03460DEDCABF933661128712249E8B9082EAB7B795A0C7E80591B1D9","REDUNDANT","Quarantine-candidate","low"
"to-discard-mirror","to-discard/NextGenTutors-BeyondInfinity/docs/enterprise-blueprint/diagrams/workflows/WF-06-tutor-resubmission.svg","svg","4147","9FFAE75BDD09B81CCF4B992BD122A782879CEC12055817AD3D6A864021ED1EF0","REDUNDANT","Quarantine-candidate","low"
"to-discard-mirror","to-discard/NextGenTutors-BeyondInfinity/docs/enterprise-blueprint/diagrams/workflows/WF-07-tutor-matching.svg","svg","4871","ED484DB96C5AB6A886488C263CD7CE83914C8C725198E1FF234D46F3EAC9F225","REDUNDANT","Quarantine-candidate","low"
"to-discard-mirror","to-discard/NextGenTutors-BeyondInfinity/docs/enterprise-blueprint/diagrams/workflows/WF-08-manual-matching.svg","svg","4074","E2E09DE8688704C1A16F75335415AC839287BB61968141967725BA346336AE47","REDUNDANT","Quarantine-candidate","low"
"to-discard-mirror","to-discard/NextGenTutors-BeyondInfinity/docs/enterprise-blueprint/diagrams/workflows/WF-09-automated-matching.svg","svg","4322","6D818D6F201809E2468302195EF6C270FDEE36F65FD09215F7C67D76A6E036EE","REDUNDANT","Quarantine-candidate","low"
"to-discard-mirror","to-discard/NextGenTutors-BeyondInfinity/docs/enterprise-blueprint/diagrams/workflows/WF-10-booking.svg","svg","3712","60BD4BD120CC7369E94D6C7A6E7A01094B7E5E491D69EE5D6D50A3A2F994A681","REDUNDANT","Quarantine-candidate","low"
"to-discard-mirror","to-discard/NextGenTutors-BeyondInfinity/docs/enterprise-blueprint/diagrams/workflows/WF-11-payment.svg","svg","3337","1271F563EC7F05FBB6FFD2ECB065EE935DD116C94FF3C18FB6142CAF6F45A29E","REDUNDANT","Quarantine-candidate","low"
"to-discard-mirror","to-discard/NextGenTutors-BeyondInfinity/docs/enterprise-blueprint/diagrams/workflows/WF-12-invoice.svg","svg","4137","4569252307D350C88BB9A3E18B023E608098EC5568FD2065A6F9FD631E7D0A43","REDUNDANT","Quarantine-candidate","low"
"to-discard-mirror","to-discard/NextGenTutors-BeyondInfinity/docs/enterprise-blueprint/diagrams/workflows/WF-13-refund.svg","svg","4132","459DAABFC6DF37A61EDE8E584F5D3B97F5FE2874355C84BCD07F29F02E0B2E9B","REDUNDANT","Quarantine-candidate","low"
"to-discard-mirror","to-discard/NextGenTutors-BeyondInfinity/docs/enterprise-blueprint/diagrams/workflows/WF-14-cancellation.svg","svg","4168","3521312D2DFB793CC910DEF9584B6E452E63C91B4219462D030677D676570046","REDUNDANT","Quarantine-candidate","low"
"to-discard-mirror","to-discard/NextGenTutors-BeyondInfinity/docs/enterprise-blueprint/diagrams/workflows/WF-15-session-completion.svg","svg","3705","E980075E2150BA7C7B47832108F3CBF820ECA0B93FE42D2DB08DE0446C9C4EFB","REDUNDANT","Quarantine-candidate","low"
"to-discard-mirror","to-discard/NextGenTutors-BeyondInfinity/docs/enterprise-blueprint/diagrams/workflows/WF-16-tutor-payout.svg","svg","4561","4798CF5479513C7772AADCA94773F3B5C950E3F2C68354946B92F2F6A95414DD","REDUNDANT","Quarantine-candidate","low"
"to-discard-mirror","to-discard/NextGenTutors-BeyondInfinity/docs/enterprise-blueprint/diagrams/workflows/WF-17-parent-review.svg","svg","3286","72C7D8C19F3FD54DAD883B4B1364852F046B5D03F2775FE05A8C56E1BDD84A1B","REDUNDANT","Quarantine-candidate","low"
"to-discard-mirror","to-discard/NextGenTutors-BeyondInfinity/docs/enterprise-blueprint/diagrams/workflows/WF-18-tutor-rating.svg","svg","3287","61842495497015A656DD497472F041EF82D73335D1DABE9A8FCF1458D3DDA8B0","REDUNDANT","Quarantine-candidate","low"
"to-discard-mirror","to-discard/NextGenTutors-BeyondInfinity/docs/enterprise-blueprint/diagrams/workflows/WF-19-support.svg","svg","4835","52C33105AA2C9155628C17B31E03855F65116836B1067B13F249999CB3B1A034","REDUNDANT","Quarantine-candidate","low"
"to-discard-mirror","to-discard/NextGenTutors-BeyondInfinity/docs/enterprise-blueprint/diagrams/workflows/WF-20-escalation.svg","svg","4105","B937083E6B1C21B2173E529B624219353F6F77DF882E7CE404B82147E1644460","REDUNDANT","Quarantine-candidate","low"
"to-discard-mirror","to-discard/NextGenTutors-BeyondInfinity/docs/enterprise-blueprint/diagrams/workflows/WF-21-crm.svg","svg","3283","6BB3FAB7126961E1F48DC59A75CCDB08B319476FD60408C4CE7FB02297BB8879","REDUNDANT","Quarantine-candidate","low"
"to-discard-mirror","to-discard/NextGenTutors-BeyondInfinity/docs/enterprise-blueprint/diagrams/workflows/WF-22-email.svg","svg","3285","4A69FD2780C1091839463AA3C685E9CB259D9C0FEE48344C98368E0EBCB00A01","REDUNDANT","Quarantine-candidate","low"
"to-discard-mirror","to-discard/NextGenTutors-BeyondInfinity/docs/enterprise-blueprint/diagrams/workflows/WF-23-whatsapp.svg","svg","4068","CC88266FAFEC59CDB86D82BF5983C0606FDCA07F8C92202F78B398C9FB005CA3","REDUNDANT","Quarantine-candidate","low"
"to-discard-mirror","to-discard/NextGenTutors-BeyondInfinity/docs/enterprise-blueprint/diagrams/workflows/WF-24-notification.svg","svg","4088","1C2F0F514969BC8DAE1580291AE2226D393CEEACEA88CF2BFA2F9245DA9EFBED","REDUNDANT","Quarantine-candidate","low"
"to-discard-mirror","to-discard/NextGenTutors-BeyondInfinity/docs/enterprise-blueprint/diagrams/workflows/WF-25-dashboard.svg","svg","4834","1414F06460C4035F4AFED25FE1F0AFC47B68FAABD2A0C0E73932DD2F6C4DDD17","REDUNDANT","Quarantine-candidate","low"
"to-discard-mirror","to-discard/NextGenTutors-BeyondInfinity/docs/enterprise-blueprint/workflows/README.md","markdown","3941","57088792924BC3FF45FB82611BE2C547ABD7F5C20A72B7D72875F2FA7D9C5C10","REDUNDANT","Quarantine-candidate","low"
"to-discard-mirror","to-discard/NextGenTutors-BeyondInfinity/docs/enterprise-blueprint/workflows/WF-01-parent-registration.md","markdown","965","F8475DD8FBADB4CFA255562826A1542EDE86DB2AF0894BC5C8C9290698699E5D","REDUNDANT","Quarantine-candidate","low"
"to-discard-mirror","to-discard/NextGenTutors-BeyondInfinity/docs/enterprise-blueprint/workflows/WF-02-student-registration.md","markdown","876","BEBC9070D5D5A1CC128B6BBA45BBB08C2988B853D436921A84234A9BF4BD9CB1","REDUNDANT","Quarantine-candidate","low"
"to-discard-mirror","to-discard/NextGenTutors-BeyondInfinity/docs/enterprise-blueprint/workflows/WF-03-tutor-registration.md","markdown","815","5474705591977C92CA3F209D0F8F3E362C226A9B6523EB04FAB61A8F8AA6BEE1","REDUNDANT","Quarantine-candidate","low"
"to-discard-mirror","to-discard/NextGenTutors-BeyondInfinity/docs/enterprise-blueprint/workflows/WF-04-tutor-approval.md","markdown","1385","E63BE3876E0435AE6BA0512360F30E428E8F3768CC2F6E9D44FBF3E9AF6117EB","REDUNDANT","Quarantine-candidate","low"
"to-discard-mirror","to-discard/NextGenTutors-BeyondInfinity/docs/enterprise-blueprint/workflows/WF-05-tutor-rejection.md","markdown","613","5694141AF99F6D8B8A2690AFE93A107FE097335607CECD682672C3E0A8715955","REDUNDANT","Quarantine-candidate","low"
"to-discard-mirror","to-discard/NextGenTutors-BeyondInfinity/docs/enterprise-blueprint/workflows/WF-06-tutor-resubmission.md","markdown","617","A75F98AF778F5C11FEF806A1B0AE6B33C6740915EF6B81F29C5BB566A8B624CA","REDUNDANT","Quarantine-candidate","low"
"to-discard-mirror","to-discard/NextGenTutors-BeyondInfinity/docs/enterprise-blueprint/workflows/WF-07-tutor-matching.md","markdown","789","C5039C3B2589E53674F5D8BACAD5C8890DF61739FD57431E935B1BCD25C9E9BB","REDUNDANT","Quarantine-candidate","low"
"to-discard-mirror","to-discard/NextGenTutors-BeyondInfinity/docs/enterprise-blueprint/workflows/WF-08-manual-matching.md","markdown","714","A9974365130BD2F92A9C41460D929F0B954C0BDA96569467D8841D886F1C0E16","REDUNDANT","Quarantine-candidate","low"
"to-discard-mirror","to-discard/NextGenTutors-BeyondInfinity/docs/enterprise-blueprint/workflows/WF-09-automated-matching.md","markdown","616","91BCA60EE1EB4BE1C75423117ED9A4923DF73F9928D199B91BA1A523A52AF066","REDUNDANT","Quarantine-candidate","low"
"to-discard-mirror","to-discard/NextGenTutors-BeyondInfinity/docs/enterprise-blueprint/workflows/WF-10-booking.md","markdown","740","224BE74A280EA6441A7A185081398B9F3DFFB3DD9DE3B25C06F5392D3681AC01","REDUNDANT","Quarantine-candidate","low"
"to-discard-mirror","to-discard/NextGenTutors-BeyondInfinity/docs/enterprise-blueprint/workflows/WF-11-payment.md","markdown","737","A1F36DBF125D77A8C84EEE52B0C7AC748078906BDEC3231923B09E83203CCB99","REDUNDANT","Quarantine-candidate","low"
"to-discard-mirror","to-discard/NextGenTutors-BeyondInfinity/docs/enterprise-blueprint/workflows/WF-12-invoice.md","markdown","614","FD6FD1D14D5F017FF6E2C684D9F54E1F8C5051F65A34D56D7D421963CAD42AA1","REDUNDANT","Quarantine-candidate","low"
"to-discard-mirror","to-discard/NextGenTutors-BeyondInfinity/docs/enterprise-blueprint/workflows/WF-13-refund.md","markdown","613","B52B402EE8BB414E20C7E311064DEC495ABBEBE8490DC1D602AA6CD36C11F13D","REDUNDANT","Quarantine-candidate","low"
"to-discard-mirror","to-discard/NextGenTutors-BeyondInfinity/docs/enterprise-blueprint/workflows/WF-14-cancellation.md","markdown","619","7D2028F1C3E2F78312F67BFEF7A00163631F78F393889CA04FF7438DB3B2F770","REDUNDANT","Quarantine-candidate","low"
"to-discard-mirror","to-discard/NextGenTutors-BeyondInfinity/docs/enterprise-blueprint/workflows/WF-15-session-completion.md","markdown","730","A4E64DC9D97B7BE812D870B89605E89C90B75A193AD1C6938C6E12C883036129","REDUNDANT","Quarantine-candidate","low"
"to-discard-mirror","to-discard/NextGenTutors-BeyondInfinity/docs/enterprise-blueprint/workflows/WF-16-tutor-payout.md","markdown","610","9FCCEE6AF3EFF641D4E71CDBECF98779B4E7E0800365B296CF74C28248DC95B2","REDUNDANT","Quarantine-candidate","low"
"to-discard-mirror","to-discard/NextGenTutors-BeyondInfinity/docs/enterprise-blueprint/workflows/WF-17-parent-review.md","markdown","652","9C22B460B467A4FDC9D19FA1E987577474200616FEFF8945E68FFE701309BE07","REDUNDANT","Quarantine-candidate","low"
"to-discard-mirror","to-discard/NextGenTutors-BeyondInfinity/docs/enterprise-blueprint/workflows/WF-18-tutor-rating.md","markdown","661","E233BCD0117CF8C6ECB915A917089E65B2BFCD809E557DA1231C018CFCD66F93","REDUNDANT","Quarantine-candidate","low"
"to-discard-mirror","to-discard/NextGenTutors-BeyondInfinity/docs/enterprise-blueprint/workflows/WF-19-support.md","markdown","751","229722C18EB9116F71B502BB628BCEC49101EA30BFE1E37FB29915A19A3D9982","REDUNDANT","Quarantine-candidate","low"
"to-discard-mirror","to-discard/NextGenTutors-BeyondInfinity/docs/enterprise-blueprint/workflows/WF-20-escalation.md","markdown","747","9BF713616BB3BEFD236B29AE69F00EC2083FA4D8FFC549D212C9AAEE640362EB","REDUNDANT","Quarantine-candidate","low"
"to-discard-mirror","to-discard/NextGenTutors-BeyondInfinity/docs/enterprise-blueprint/workflows/WF-21-crm.md","markdown","658","5EA5392C3A1B13C5296B23A08B15E3914C8BA4C1824EADCE042BD12DC9976101","REDUNDANT","Quarantine-candidate","low"
"to-discard-mirror","to-discard/NextGenTutors-BeyondInfinity/docs/enterprise-blueprint/workflows/WF-22-email.md","markdown","673","A1A666FFA27D77D28A41B3E3A1C681C751AA5178D1A0B5900AC8DA95CBFE3FF4","REDUNDANT","Quarantine-candidate","low"
"to-discard-mirror","to-discard/NextGenTutors-BeyondInfinity/docs/enterprise-blueprint/workflows/WF-23-whatsapp.md","markdown","701","E74C69D21FEA07262BD1DF0FE58B26A5875599B30467E8AB50D6CB33A9EBC9B5","REDUNDANT","Quarantine-candidate","low"
"to-discard-mirror","to-discard/NextGenTutors-BeyondInfinity/docs/enterprise-blueprint/workflows/WF-24-notification.md","markdown","703","480DE4DC2CE3699F65890FB3865376135C663DF38F40BFA3AC3C8B011157E132","REDUNDANT","Quarantine-candidate","low"
"to-discard-mirror","to-discard/NextGenTutors-BeyondInfinity/docs/enterprise-blueprint/workflows/WF-25-dashboard.md","markdown","717","A684396462EF4F1F9A1F9AE1024220280A4620B513D8A72259146667CB232920","REDUNDANT","Quarantine-candidate","low"
"to-discard-mirror","to-discard/NextGenTutors-BeyondInfinity/inc/admin-beyondinfinity.php","php","6057","3A5E4186252D3E71457EBF7CC0152CA4637E4B0926223C2B7BA0DEBA00C75213","REDUNDANT","Quarantine-candidate","low"
"to-discard-mirror","to-discard/NextGenTutors-BeyondInfinity/inc/admin.php","php","20979","1EC796C3B28860DF7107AD1F6FCF89F5349A291032765EE838EAB33A47C4C544","REDUNDANT","Quarantine-candidate","low"
"to-discard-mirror","to-discard/NextGenTutors-BeyondInfinity/inc/bi-3d.php","php","8043","37E027B36246B2E9A3C4206AB360C0BC8D500A488DD0C78938AC272AD0474AE7","REDUNDANT","Quarantine-candidate","low"
"to-discard-mirror","to-discard/NextGenTutors-BeyondInfinity/inc/companion.php","php","4573","81B057B5EB9BF2C3661D073E1EDB675F38A6E5F238E16A243FDAD99CDC44D4DB","REDUNDANT","Quarantine-candidate","low"
"to-discard-mirror","to-discard/NextGenTutors-BeyondInfinity/inc/customizer.php","php","280","40C49A1C3597BAE40413E382654E35C587F9BE13DC2EBC838D88788EF10410C3","REDUNDANT","Quarantine-candidate","low"
"to-discard-mirror","to-discard/NextGenTutors-BeyondInfinity/inc/enqueue.php","php","4649","CFA5BCA93870EAA5E7F92D34087F5BA7449B565FA8CD5D22E8C997C651B6F630","REDUNDANT","Quarantine-candidate","low"
"to-discard-mirror","to-discard/NextGenTutors-BeyondInfinity/inc/helpers.php","php","12873","49F3C2BD0FD776FD7B23BB113545C782A0566A1EA63B856B2A0E7B9D69E3DD11","REDUNDANT","Quarantine-candidate","low"
"to-discard-mirror","to-discard/NextGenTutors-BeyondInfinity/inc/kinetic-home.php","php","8531","1A2114667467B9EF6C9F2F64D8733338D7307EC317F0473AB639A6FAD43CAE16","REDUNDANT","Quarantine-candidate","low"
"to-discard-mirror","to-discard/NextGenTutors-BeyondInfinity/inc/kinetic-image-hover.php","php","5365","D1917B15B93A8C7A2B392BA98F47E7086208AA979CF5ED8EECC1388D51BAD97B","REDUNDANT","Quarantine-candidate","low"
"to-discard-mirror","to-discard/NextGenTutors-BeyondInfinity/inc/layout-manager.php","php","14116","2CD8440167CBC0471EAC3EA40636ABCFB2BFFC2910AC642A7E2338FDCD04FADF","REDUNDANT","Quarantine-candidate","low"
"to-discard-mirror","to-discard/NextGenTutors-BeyondInfinity/inc/motion.php","php","8347","9DACC4446D9FB7BCAAFCD2EBA3D1DF097E37F57AFF96C6CDCC8C75F9971B313D","REDUNDANT","Quarantine-candidate","low"
"to-discard-mirror","to-discard/NextGenTutors-BeyondInfinity/inc/nav-menu.php","php","4844","68D9DC44EDFDE7ABB46442C19420493C5FEDBA3FA84EC707BE198BA0FA8CB41E","REDUNDANT","Quarantine-candidate","low"
"to-discard-mirror","to-discard/NextGenTutors-BeyondInfinity/inc/nbi-infinity.php","php","6677","245C20543E541EC1F21080D3FAAD0E6F0A2D0ACCE2A5D0C497FE201C7FDF02B5","REDUNDANT","Quarantine-candidate","low"
"to-discard-mirror","to-discard/NextGenTutors-BeyondInfinity/inc/ngt-assets.php","php","6997","042CACD02BDB0CB676CF25F7281AB40106EA14A7D30C906699993DEC0E935BE6","REDUNDANT","Quarantine-candidate","low"
"to-discard-mirror","to-discard/NextGenTutors-BeyondInfinity/inc/openwa.php","php","13649","F382E1BF00ADB6FE34DB5A141ABD6817CF0F9179D6E229135913FE2B31D29E18","REDUNDANT","Quarantine-candidate","low"
"to-discard-mirror","to-discard/NextGenTutors-BeyondInfinity/inc/page-builders.php","php","8018","A966357F75335AD9E811D42CF51C44287E4BE7FCEE45233CC4431B0E99BE4C0D","REDUNDANT","Quarantine-candidate","low"
"to-discard-mirror","to-discard/NextGenTutors-BeyondInfinity/inc/page-composer.php","php","10516","6ECF428AF891917526C6AEF8FBF49C986BE46094766E0C0459B250E726FE4870","REDUNDANT","Quarantine-candidate","low"
"to-discard-mirror","to-discard/NextGenTutors-BeyondInfinity/inc/page-wrapper.php","php","3217","054D6F3C508544C097AEDA8EFDD1F3DCE4AE1C06475D9B4FD284D1B3B5018D98","REDUNDANT","Quarantine-candidate","low"
"to-discard-mirror","to-discard/NextGenTutors-BeyondInfinity/inc/pages-registry.php","php","10538","7E35EE8862D2920A758AA2E295CD0A18F9C60FC6E4BC84433D48C89826011664","REDUNDANT","Quarantine-candidate","low"
"to-discard-mirror","to-discard/NextGenTutors-BeyondInfinity/inc/production-content.php","php","2770","4E762ABB8553CA3C9703830301674589A1CE61711DD4BEB3700EA3E33862F373","REDUNDANT","Quarantine-candidate","low"
"to-discard-mirror","to-discard/NextGenTutors-BeyondInfinity/inc/prototype-bodies.php","php","2171","2BD4D6BAC6D7B3F5EBC04C998A2D7083E8DB83E823FCC82CCBEF0D38885E2D42","REDUNDANT","Quarantine-candidate","low"
"to-discard-mirror","to-discard/NextGenTutors-BeyondInfinity/inc/roles.php","php","720","4C8FE2A4E657D9C5ED3266158C1D9322CC488488F1CBCD91FCBDECC17ECE1C62","REDUNDANT","Quarantine-candidate","low"
"to-discard-mirror","to-discard/NextGenTutors-BeyondInfinity/inc/security.php","php","3086","1BA9EE1A7A0D7DA3E8EF688F1AD83EDD1DA8452FEB19016792B0BB713ED510E7","REDUNDANT","Quarantine-candidate","low"
"to-discard-mirror","to-discard/NextGenTutors-BeyondInfinity/inc/seo.php","php","6299","A91B21EE699A0BF987D8E8F6F2E7A8C16A255862CEB619739BBCA68BAC9B687D","REDUNDANT","Quarantine-candidate","low"
"to-discard-mirror","to-discard/NextGenTutors-BeyondInfinity/inc/setup.php","php","3931","56C5366F791DB3F7F4E96777F126B3EBE09EE4E9A4694A3DACDFE06CC809D9FE","REDUNDANT","Quarantine-candidate","low"
"to-discard-mirror","to-discard/NextGenTutors-BeyondInfinity/inc/shortcodes-fallback.php","php","16507","50780A233C0157A811E5D0262D620D1F28295A2BF733F2E08BCE14DEC4FB3874","REDUNDANT","Quarantine-candidate","low"
"to-discard-mirror","to-discard/NextGenTutors-BeyondInfinity/inc/template-tags.php","php","50797","09F4AE49F9A5129923A25953C41EE2DCF509235A38C69C9B8FEE477AF438993B","REDUNDANT","Quarantine-candidate","low"
"to-discard-mirror","to-discard/NextGenTutors-BeyondInfinity/inc/tutor-data.php","php","19187","FE3A70CD3A14B8326C7D766306DC646786F9890C6B86B42F1F8498ACCAE389BC","REDUNDANT","Quarantine-candidate","low"
"to-discard-mirror","to-discard/NextGenTutors-BeyondInfinity/inc/tutoring-imagery.php","php","2641","1BC91B995427BB153B4B2F4A8EB04E2EE75D9619A8A9D082898F5483685433A4","REDUNDANT","Quarantine-candidate","low"
"to-discard-mirror","to-discard/NextGenTutors-BeyondInfinity/inc/ui-icons.php","php","6634","17AFB389D5E2693082B520BF8AA70BFE833145DBE3CB7884F34D2E58E921C141","REDUNDANT","Quarantine-candidate","low"
"to-discard-mirror","to-discard/NextGenTutors-BeyondInfinity/inc/widgets.php","php","4743","7CC361E982EE1A96E7C4689BABF0F60D40E0C971698C2DC23F474D9D991384E3","REDUNDANT","Quarantine-candidate","low"
"to-discard-mirror","to-discard/NextGenTutors-BeyondInfinity/inc/workflows.php","php","12789","7133939C93B7206AB28F93CBE8D8C5DB8EA22B24E986790A4405C204F4A87617","REDUNDANT","Quarantine-candidate","low"
"to-discard-mirror","to-discard/NextGenTutors-BeyondInfinity/inc/config/bootstrap.php","php","1087","5499BC466B8E5A22B3BC0DC4627AD7DC0BC73D7AC679BDA2C67FCEFB18F3054D","REDUNDANT","Quarantine-candidate","low"
"to-discard-mirror","to-discard/NextGenTutors-BeyondInfinity/inc/config/color-schemes.php","php","9112","C0244B4489834FA5D371B1BF818AC35B4EAC166718F2A0A6869D592DFE0F200D","REDUNDANT","Quarantine-candidate","low"
"to-discard-mirror","to-discard/NextGenTutors-BeyondInfinity/inc/config/customizer-bridge.php","php","4651","4FB20D9FE3204A7C1FF6920A80FC3DCBCA2B7CE3B70B98EC0D6730DAF0B3B3FE","REDUNDANT","Quarantine-candidate","low"
"to-discard-mirror","to-discard/NextGenTutors-BeyondInfinity/inc/config/home-sections.php","php","2322","CDE3CBA92A603DB453A47AFE4747C442255E139ACE726CBA5892302937BB1310","REDUNDANT","Quarantine-candidate","low"
"to-discard-mirror","to-discard/NextGenTutors-BeyondInfinity/inc/config/lists.php","php","3039","6280888BEDA6A0B2D65627D116A2753A529B5CC250D9596C35B4C9311AE49693","REDUNDANT","Quarantine-candidate","low"
"to-discard-mirror","to-discard/NextGenTutors-BeyondInfinity/inc/config/options-get.php","php","3264","A6DE2DF5FFA4159D3889B54E9779D834F84CC6CCF7962AC3DA72D916E9EC7A1C","REDUNDANT","Quarantine-candidate","low"
"to-discard-mirror","to-discard/NextGenTutors-BeyondInfinity/inc/config/options-loader.php","php","1057","5B3472B998EA22A666735AECADD6B36282A62572F527D3213E768D7CF3932257","REDUNDANT","Quarantine-candidate","low"
"to-discard-mirror","to-discard/NextGenTutors-BeyondInfinity/inc/config/options-schema.php","php","19667","341FA26A4C5FE60DA2296F7036575753E326E6E11AC03DA82D8331BF7EEA1F09","REDUNDANT","Quarantine-candidate","low"
"to-discard-mirror","to-discard/NextGenTutors-BeyondInfinity/inc/config/override-metabox.php","php","6215","F1A8C892287E8F4B1DF11A76DAD656D13075B4443EEFFAF8347F49B9FADDAF4C","REDUNDANT","Quarantine-candidate","low"
"to-discard-mirror","to-discard/NextGenTutors-BeyondInfinity/inc/config/post-meta.php","php","2151","5EC3D94B15FC2EF550AED6EFEBD27328DC033DB5B8A4CDD68837B675DFC2D345","REDUNDANT","Quarantine-candidate","low"
"to-discard-mirror","to-discard/NextGenTutors-BeyondInfinity/inc/config/registry-defaults.php","php","566","4DE9B62BA00078508855ED44758BEFAC40B28F4F1D223B7E45F0306F18EF4AD2","REDUNDANT","Quarantine-candidate","low"
"to-discard-mirror","to-discard/NextGenTutors-BeyondInfinity/inc/config/storage.php","php","2140","BF1001AE420457A847F27C2787A81BB1732CC4A09C06392C4D3D2B07D9CE7907","REDUNDANT","Quarantine-candidate","low"
"to-discard-mirror","to-discard/NextGenTutors-BeyondInfinity/inc/config/theme-styles.php","php","4754","4B1DF1E1BFEC8037400C5B7EACD2714C79864E2EE8254A2B8E4EF15666511AF9","REDUNDANT","Quarantine-candidate","low"
"to-discard-mirror","to-discard/NextGenTutors-BeyondInfinity/inc/config/theme-switcher.php","php","7823","5E11FF0D3C803666B90CECEC625AFD8AE34487DCA0437A9DFBCA2A63BB0C46A7","REDUNDANT","Quarantine-candidate","low"
"to-discard-mirror","to-discard/NextGenTutors-BeyondInfinity/inc/defaults/about.php","php","211","B7C81F3CADB4B3D8A803DF0E164590509FE04B1689EB2F176DDA7F8C338866AA","REDUNDANT","Quarantine-candidate","low"
"to-discard-mirror","to-discard/NextGenTutors-BeyondInfinity/inc/defaults/admin-dashboard.php","php","231","1615289DBCD48962EBAC60E05E2BACA159A72AD79E101E7D448E297620BF1A4A","REDUNDANT","Quarantine-candidate","low"
"to-discard-mirror","to-discard/NextGenTutors-BeyondInfinity/inc/defaults/become-a-tutor.php","php","229","97314ECC737E2B536686F09F74C3283AA5DF7B50C69EB44F3009F4F75D8865F5","REDUNDANT","Quarantine-candidate","low"
"to-discard-mirror","to-discard/NextGenTutors-BeyondInfinity/inc/defaults/blog.php","php","209","A2EA13B99D9242FADDB5F245E20155FA30ABFC5537434E545CEF37301BDACE97","REDUNDANT","Quarantine-candidate","low"
"to-discard-mirror","to-discard/NextGenTutors-BeyondInfinity/inc/defaults/child-safety.php","php","200","C8BE7F4723A12BE0A170C83A94EB0747EF7D91AFAB1A4826A041BF665ED0DA82","REDUNDANT","Quarantine-candidate","low"
"to-discard-mirror","to-discard/NextGenTutors-BeyondInfinity/inc/defaults/contact.php","php","215","7F2E274A747E2842FB5E8942894E89C1E3CD0EBDA10A2B492181881887FA05DA","REDUNDANT","Quarantine-candidate","low"
"to-discard-mirror","to-discard/NextGenTutors-BeyondInfinity/inc/defaults/find-a-tutor.php","php","225","1AE64D615E996A469159F1A4E3D53A0AAB4FD487407592D9B4DBDC6093E5E812","REDUNDANT","Quarantine-candidate","low"
"to-discard-mirror","to-discard/NextGenTutors-BeyondInfinity/inc/defaults/guarantee.php","php","219","2A0E45A9DC19987A702F7A85A6C5FE5B5B83ABCA36458DB8429DE0634EAC0FF3","REDUNDANT","Quarantine-candidate","low"
"to-discard-mirror","to-discard/NextGenTutors-BeyondInfinity/inc/defaults/home.php","php","210","6FF4EEF9B8EAD0488AB1F92A8C4E8B7265ED4D01FDC940B19070BB3304FCBD20","REDUNDANT","Quarantine-candidate","low"
"to-discard-mirror","to-discard/NextGenTutors-BeyondInfinity/inc/defaults/login.php","php","193","CB36C1AD3024C271F38DCAC23220648B25663EEEC1B1F43B8D467FAEA5004964","REDUNDANT","Quarantine-candidate","low"
"to-discard-mirror","to-discard/NextGenTutors-BeyondInfinity/inc/defaults/onboarding.php","php","221","25D9676F27262DC21067327AB9B5991B902C8589AD8432C300BCE736513E673C","REDUNDANT","Quarantine-candidate","low"
"to-discard-mirror","to-discard/NextGenTutors-BeyondInfinity/inc/defaults/parent-checkout.php","php","190","2A36E2A76155F30ADA1225DFE077CC5AAEF286FB370FFC2D2F64B56ADB7E4872","REDUNDANT","Quarantine-candidate","low"
"to-discard-mirror","to-discard/NextGenTutors-BeyondInfinity/inc/defaults/parent-dashboard.php","php","226","D2A7902BF84DC777DC7E324627AFF8B9897594CB318B476CC3792D1B160AE8C4","REDUNDANT","Quarantine-candidate","low"
"to-discard-mirror","to-discard/NextGenTutors-BeyondInfinity/inc/defaults/pricing.php","php","215","13879A348A8016D1B9CB83FC4CA2DB0F6883C41DB24FF21C9AE1EE8817432E5D","REDUNDANT","Quarantine-candidate","low"
"to-discard-mirror","to-discard/NextGenTutors-BeyondInfinity/inc/defaults/privacy-policy.php","php","222","F85FA74EA8C7DBC70417C54B52318BA90923458178A6C61B2DB6BB7381F85263","REDUNDANT","Quarantine-candidate","low"
"to-discard-mirror","to-discard/NextGenTutors-BeyondInfinity/inc/defaults/register.php","php","196","F0080F7CA1B4D33400C98F2C6B0D6190BD8A1C63451999B1B2AA9F71AF866A6B","REDUNDANT","Quarantine-candidate","low"
"to-discard-mirror","to-discard/NextGenTutors-BeyondInfinity/inc/defaults/safety-guide.php","php","225","1E0B44F7EDBDF3B54E2042035F1ECD84B4FB7DCEA709FDC333048CE08EE30E4B","REDUNDANT","Quarantine-candidate","low"
"to-discard-mirror","to-discard/NextGenTutors-BeyondInfinity/inc/defaults/student-dashboard.php","php","227","92EFBDBE161CA8A2DB463D5E46B2A0C25AA0FE5C2734C8DDD5541604B5CE3C74","REDUNDANT","Quarantine-candidate","low"
"to-discard-mirror","to-discard/NextGenTutors-BeyondInfinity/inc/defaults/support.php","php","215","BC27CDC809BA6035441C1CD8449E2BA6DF77F533847E4B708A46CD11E2FAA8E7","REDUNDANT","Quarantine-candidate","low"
"to-discard-mirror","to-discard/NextGenTutors-BeyondInfinity/inc/defaults/terms.php","php","211","E49A654F31ADB310B29CCE411D33916050DF9ED4438B2136E501C28BCAFD367A","REDUNDANT","Quarantine-candidate","low"
"to-discard-mirror","to-discard/NextGenTutors-BeyondInfinity/inc/defaults/thank-you.php","php","197","1C80907C6324D7C3A54A6F1EBA1B021AA0778358E63806B0217F547F609F43AA","REDUNDANT","Quarantine-candidate","low"
"to-discard-mirror","to-discard/NextGenTutors-BeyondInfinity/inc/defaults/tutor-dashboard.php","php","231","80E6F2694237CE8D1B0072066102FB94888D20961E87BC43C77766711A0734EA","REDUNDANT","Quarantine-candidate","low"
"to-discard-mirror","to-discard/NextGenTutors-BeyondInfinity/inc/defaults/tutor-vetting.php","php","227","29B4DC2053A77F718C16609A91C998CB7CF89176C67922CF263D0640B0A0F4E1","REDUNDANT","Quarantine-candidate","low"
"to-discard-mirror","to-discard/NextGenTutors-BeyondInfinity/inc/defaults/wordpress-setup.php","php","221","AA9774B300299CC3FEDCBB814BA659EF50216F3C77BD87C3299284B381A1088A","REDUNDANT","Quarantine-candidate","low"
"to-discard-mirror","to-discard/NextGenTutors-BeyondInfinity/inc/defaults-production/about.php","php","3955","B374A760659AC00A3DF0ED00E4CE89F0FC64A7D71B8D9B558ED0650A8CDD1142","REDUNDANT","Quarantine-candidate","low"
"to-discard-mirror","to-discard/NextGenTutors-BeyondInfinity/inc/defaults-production/admin-dashboard.php","php","2135","649B533658C26D4AF1A8E27DB9F03CA6D0059C4CFDCD682F47ED12AD92B83102","REDUNDANT","Quarantine-candidate","low"
"to-discard-mirror","to-discard/NextGenTutors-BeyondInfinity/inc/defaults-production/become-a-tutor.php","php","3710","8913763633EDD50FA52A0CD5B62E2178C8268798CD3A98FE2678F81D24BAF4E2","REDUNDANT","Quarantine-candidate","low"
"to-discard-mirror","to-discard/NextGenTutors-BeyondInfinity/inc/defaults-production/blog.php","php","3286","2A7B95A3C415492619865B43D59F584048D6BF6DFD9ADBF596900F9859476DCA","REDUNDANT","Quarantine-candidate","low"
"to-discard-mirror","to-discard/NextGenTutors-BeyondInfinity/inc/defaults-production/child-safety.php","php","2310","E20687872AB25413D406493286DAEFE4F3E91A529F99A0D68F3995CBFB3C052D","REDUNDANT","Quarantine-candidate","low"
"to-discard-mirror","to-discard/NextGenTutors-BeyondInfinity/inc/defaults-production/contact.php","php","2153","F67E4C1C41B32C6F917195F00751626DAC6FA75530710DE86962D21E58CC1926","REDUNDANT","Quarantine-candidate","low"
"to-discard-mirror","to-discard/NextGenTutors-BeyondInfinity/inc/defaults-production/find-a-tutor.php","php","3669","84744F14FEC261A2E381E401A15986EB9B87B40FD9D0F084D1067D6E71A09F0A","REDUNDANT","Quarantine-candidate","low"
"to-discard-mirror","to-discard/NextGenTutors-BeyondInfinity/inc/defaults-production/guarantee.php","php","4889","2018D44DED328EAD6336C511A1B30E6F4FD4E0F6536087833EA353083484B852","REDUNDANT","Quarantine-candidate","low"
"to-discard-mirror","to-discard/NextGenTutors-BeyondInfinity/inc/defaults-production/home.php","php","45476","1CA2040E43D347A319253393E7403C06E99D6DAD8A1E20663E5F35FA2C76E21F","REDUNDANT","Quarantine-candidate","low"
"to-discard-mirror","to-discard/NextGenTutors-BeyondInfinity/inc/defaults-production/login.php","php","714","8B0081F8755B62C2E3E08F3217C0199FD05918B8165DA89DFC942607C806FDAA","REDUNDANT","Quarantine-candidate","low"
"to-discard-mirror","to-discard/NextGenTutors-BeyondInfinity/inc/defaults-production/onboarding.php","php","2328","AD0802F1928A35B9B61BD149F429084FCF7402F8B4215717288D84AE3DBA7A8D","REDUNDANT","Quarantine-candidate","low"
"to-discard-mirror","to-discard/NextGenTutors-BeyondInfinity/inc/defaults-production/parent-checkout.php","php","909","FEB44566E6569D691F7DA468D249AA7AC3554126EB22D1BE2EB3C2B8D7CB95E8","REDUNDANT","Quarantine-candidate","low"
"to-discard-mirror","to-discard/NextGenTutors-BeyondInfinity/inc/defaults-production/parent-dashboard.php","php","2227","77E3703328009E44190238E7C2B01AF5E4CC1E5C5095EECB5C7FB767FDDEA3B4","REDUNDANT","Quarantine-candidate","low"
"to-discard-mirror","to-discard/NextGenTutors-BeyondInfinity/inc/defaults-production/pricing.php","php","10121","89C54181D8E38D0A82D7A435F0B06CC825862F9C85A7A06406366A9FF72A3C7D","REDUNDANT","Quarantine-candidate","low"
"to-discard-mirror","to-discard/NextGenTutors-BeyondInfinity/inc/defaults-production/privacy-policy.php","php","5047","B5F12461E6BE00B94C4428F7D88609D41646E2C1C6D50FE6A1F330540CDE1FFC","REDUNDANT","Quarantine-candidate","low"
"to-discard-mirror","to-discard/NextGenTutors-BeyondInfinity/inc/defaults-production/register.php","php","1655","2A45693CA375AFF327534530B277A678230A6F8AA10CAAA1C0E11A6ED868F478","REDUNDANT","Quarantine-candidate","low"
"to-discard-mirror","to-discard/NextGenTutors-BeyondInfinity/inc/defaults-production/safety-guide.php","php","7935","CEDC3A42DB32D20C86F249973EE2E769A3FF5418A7EEFEA5AC2F6AEEC68DB142","REDUNDANT","Quarantine-candidate","low"
"to-discard-mirror","to-discard/NextGenTutors-BeyondInfinity/inc/defaults-production/student-dashboard.php","php","2157","0B791ABDD46AAFCE3715641AAD9A3C7D8A22E6418A8C01F1E783482CB8296C98","REDUNDANT","Quarantine-candidate","low"
"to-discard-mirror","to-discard/NextGenTutors-BeyondInfinity/inc/defaults-production/support.php","php","3309","7E6853DA90CAD3F47F29FCF8A376670E5D1A9C95BE511F04903237460E43515F","REDUNDANT","Quarantine-candidate","low"
"to-discard-mirror","to-discard/NextGenTutors-BeyondInfinity/inc/defaults-production/terms.php","php","6663","AFE530F72400BE00E03547410DA8EBD1A8B5CA7449DA67D97F570C946766C2DC","REDUNDANT","Quarantine-candidate","low"
"to-discard-mirror","to-discard/NextGenTutors-BeyondInfinity/inc/defaults-production/thank-you.php","php","2381","11F58D4E39267A6BEA457466DC1785F8F91A0CE6E714489A26C3C442B8459350","REDUNDANT","Quarantine-candidate","low"
"to-discard-mirror","to-discard/NextGenTutors-BeyondInfinity/inc/defaults-production/tutor-dashboard.php","php","2488","D2CF54D4434EA506085C8831420D746FC55C30FD465C803ED2F8A39BA8F88E63","REDUNDANT","Quarantine-candidate","low"
"to-discard-mirror","to-discard/NextGenTutors-BeyondInfinity/inc/defaults-production/tutor-vetting.php","php","7689","3260AA1B6ACFF1DCB165437E861136FA10446FEFF5090BEC973DD70EC528E67B","REDUNDANT","Quarantine-candidate","low"
"to-discard-mirror","to-discard/NextGenTutors-BeyondInfinity/inc/defaults-production/wordpress-setup.php","php","7154","ACBDCD2774FEF4E5F64A0D7B6336F904261A03E5C3A117CBA4818AD708744FC3","REDUNDANT","Quarantine-candidate","low"
"to-discard-mirror","to-discard/NextGenTutors-BeyondInfinity/inc/ui-library/bootstrap.php","php","3630","BC67FAA530D829EB1F037BAD3B8D70564BF59EE55A9715BD288F99DAB38B32A9","REDUNDANT","Quarantine-candidate","low"
"to-discard-mirror","to-discard/NextGenTutors-BeyondInfinity/inc/ui-library/builders.php","php","2478","541F9E6F18792F03445C5A4185865419A28B42A8201B9D2CB5E030BCEB367F3C","REDUNDANT","Quarantine-candidate","low"
"to-discard-mirror","to-discard/NextGenTutors-BeyondInfinity/inc/ui-library/component-loader.php","php","1272","17C88BF5DC7F561781E19EFFF8F12B22F20D1B44FB22A9C838E6E75D657294A2","REDUNDANT","Quarantine-candidate","low"
"to-discard-mirror","to-discard/NextGenTutors-BeyondInfinity/inc/ui-library/elementor-widget-base.php","php","4440","4E307632F3A5DAAEDDF679506EB95BD78ACF07B2FD0AE3B47299EE88DF876B18","REDUNDANT","Quarantine-candidate","low"
"to-discard-mirror","to-discard/NextGenTutors-BeyondInfinity/inc/ui-library/elementor-widget.php","php","1978","F87D244C0A494D74E42C9650D8EC382765B9ADBA99D6979307F26F2CC1EA56CB","REDUNDANT","Quarantine-candidate","low"
"to-discard-mirror","to-discard/NextGenTutors-BeyondInfinity/page-templates/template-app.php","php","1104","BBA722E382BAEE8CB52677B565181A9D38351EA1378524565B617BA1C3DAB624","REDUNDANT","Quarantine-candidate","low"
"to-discard-mirror","to-discard/NextGenTutors-BeyondInfinity/page-templates/template-full-width.php","php","1601","67A996103035A865DFD2ABA3A13498C972DB1E22613CDE526AE04DABD94F29AF","REDUNDANT","Quarantine-candidate","low"
"to-discard-mirror","to-discard/NextGenTutors-BeyondInfinity/page-templates/template-home.php","php","1637","C0A706CFAFB3F0BD578199CD66EFE5E8D0E4164426E468596DC80957FDD1627E","REDUNDANT","Quarantine-candidate","low"
"to-discard-mirror","to-discard/NextGenTutors-BeyondInfinity/previews/build.py","other","9957","0189BB0C03F4B79E8D159158267B2E69DA693C5ACBA6FAAF2DD0470A37ACA095","REDUNDANT","Quarantine-candidate","low"
"to-discard-mirror","to-discard/NextGenTutors-BeyondInfinity/previews/index.html","html","4771","EF4D704A2065B8B4A054DE41CFBAE7DB7059CA1F2E87390B7F2E5F2EB9CBA5F3","REDUNDANT","Quarantine-candidate","low"
"to-discard-mirror","to-discard/NextGenTutors-BeyondInfinity/previews/preview-config.js","js","515","39AE5913F078C2ED52BE41807AF5C3BBC322EC48E4AA028984DDECE4416EB59E","REDUNDANT","Quarantine-candidate","low"
"to-discard-mirror","to-discard/NextGenTutors-BeyondInfinity/previews/preview-extra.css","css","3631","FFE7F4B7C85947D1C9244E6C5B91DB5B8D51C7580578C737EBEBDB4FE27B91A5","REDUNDANT","Quarantine-candidate","low"
"to-discard-mirror","to-discard/NextGenTutors-BeyondInfinity/previews/pages/about.html","html","4517","8CBBB1264B4EE660183A21C86B26F1EEA2A1713B23B3BFC4B548DAA8770B90F2","REDUNDANT","Quarantine-candidate","low"
"to-discard-mirror","to-discard/NextGenTutors-BeyondInfinity/previews/pages/admin-dashboard.html","html","5217","39E6F92AD88262212B2E3D77D2DC8A32454948AB4A9DE3F766DADF05EF14CA88","REDUNDANT","Quarantine-candidate","low"
"to-discard-mirror","to-discard/NextGenTutors-BeyondInfinity/previews/pages/become-a-tutor.html","html","5212","79D44E8FDB7D26F4CE5A301A4EC7B6FAFA889C22137AB0C5CDEC81A63191DC35","REDUNDANT","Quarantine-candidate","low"
"to-discard-mirror","to-discard/NextGenTutors-BeyondInfinity/previews/pages/blog.html","html","4510","D52DDD16727109CA61DF0EBA6EC82C740769C50C879199E3B7907418561A9D03","REDUNDANT","Quarantine-candidate","low"
"to-discard-mirror","to-discard/NextGenTutors-BeyondInfinity/previews/pages/child-safety.html","html","4565","08C4100DC07AC840F65792C76B9CF184A5AD7BBC8988874512C3BBF6C5D358BE","REDUNDANT","Quarantine-candidate","low"
"to-discard-mirror","to-discard/NextGenTutors-BeyondInfinity/previews/pages/contact.html","html","5167","A9496A5A26D2095E151575AA2C69111869F3F2F2EDDA9B25584833518B72FB76","REDUNDANT","Quarantine-candidate","low"
"to-discard-mirror","to-discard/NextGenTutors-BeyondInfinity/previews/pages/find-a-tutor.html","html","5204","EEB88E7A1258EA188DBEAFAFFBF228BCBF400FFEFFB83506CC702479731B099B","REDUNDANT","Quarantine-candidate","low"
"to-discard-mirror","to-discard/NextGenTutors-BeyondInfinity/previews/pages/guarantee.html","html","4544","074B5CEC6C4E00D1D86848409DF40C41E0937022640FB530D36E708268DBACD4","REDUNDANT","Quarantine-candidate","low"
"to-discard-mirror","to-discard/NextGenTutors-BeyondInfinity/previews/pages/home.html","html","4499","7D849AD0D0F6C6AA542C66F572E0A1A7472C52215C46F6FD0FE62B58B17FCDDA","REDUNDANT","Quarantine-candidate","low"
"to-discard-mirror","to-discard/NextGenTutors-BeyondInfinity/previews/pages/login.html","html","5146","5DD1409ED44DDFB03DDDDA8EDF66B77C51F34E8885E3EDEF8072B5799147E3FF","REDUNDANT","Quarantine-candidate","low"
"to-discard-mirror","to-discard/NextGenTutors-BeyondInfinity/previews/pages/onboarding.html","html","5187","F1516E00C339EBAD3255FABAAB5BA579F9C4069C9C96F9978D6938BF2F7C54E1","REDUNDANT","Quarantine-candidate","low"
"to-discard-mirror","to-discard/NextGenTutors-BeyondInfinity/previews/pages/parent-dashboard.html","html","5229","6B5FA67C7665F5D3A7E4B2B18C8D94496184DB129397565218C659B24651CFC6","REDUNDANT","Quarantine-candidate","low"
"to-discard-mirror","to-discard/NextGenTutors-BeyondInfinity/previews/pages/pricing.html","html","4531","A47A7B081AF947388EA9B3FFA5F3B46B640B74D7767F0D2BE0FB5FCDB0D6EC91","REDUNDANT","Quarantine-candidate","low"
"to-discard-mirror","to-discard/NextGenTutors-BeyondInfinity/previews/pages/privacy-policy.html","html","4579","5FED261CA98DCC4C1D7C4437671CA33DC9F4036A7E7CB1E8A671D110C9E687DB","REDUNDANT","Quarantine-candidate","low"
"to-discard-mirror","to-discard/NextGenTutors-BeyondInfinity/previews/pages/register.html","html","5173","6C1B50779A97CEE668E2E61CD14821051353E75A5BDA98AAC94A50A82CE3E328","REDUNDANT","Quarantine-candidate","low"
"to-discard-mirror","to-discard/NextGenTutors-BeyondInfinity/previews/pages/safety-guide.html","html","4565","F22AF0C3F0C2D0ACB7CE19CC41732B35BFFE71E2938E78E0CCBE28AA1B6A11A6","REDUNDANT","Quarantine-candidate","low"
"to-discard-mirror","to-discard/NextGenTutors-BeyondInfinity/previews/pages/student-dashboard.html","html","5236","6D92EA56A7B220D31E5FA2CF13DE38C6801F37EB70E0456DD9257E45F134C3D8","REDUNDANT","Quarantine-candidate","low"
"to-discard-mirror","to-discard/NextGenTutors-BeyondInfinity/previews/pages/support.html","html","5167","C8970306523FEBA95460C2D05102D754D3605F947275CD2E41FA78A509AE53C1","REDUNDANT","Quarantine-candidate","low"
"to-discard-mirror","to-discard/NextGenTutors-BeyondInfinity/previews/pages/terms.html","html","4560","7A7CF6E18119A2812808F88726CC43DF421849116ABD1A3E44FD467730C5A842","REDUNDANT","Quarantine-candidate","low"
"to-discard-mirror","to-discard/NextGenTutors-BeyondInfinity/previews/pages/thank-you.html","html","4546","B27995BD8281D97520B080AF264EFB275FCB940511BE60EED57828B3AACB9430","REDUNDANT","Quarantine-candidate","low"
"to-discard-mirror","to-discard/NextGenTutors-BeyondInfinity/previews/pages/tutor-dashboard.html","html","5222","83E87BCF7CEA1306B08861F29F6BB7187D446BAAD0171BFA0CB865F32D2E1057","REDUNDANT","Quarantine-candidate","low"
"to-discard-mirror","to-discard/NextGenTutors-BeyondInfinity/previews/pages/tutor-vetting.html","html","4572","84E234E72A1BAC7B4E582B0B20D9E0A251234468F976BBDF8819C767D6A9B583","REDUNDANT","Quarantine-candidate","low"
"to-discard-mirror","to-discard/NextGenTutors-BeyondInfinity/previews/pages/wordpress-setup.html","html","4581","59BB7E8938A8660D50D60F9B2F0326D55A0B8A387611BC82D542BC42C9BA7C58","REDUNDANT","Quarantine-candidate","low"
"to-discard-mirror","to-discard/NextGenTutors-BeyondInfinity/previews/scripts/build-home-kinetic.py","other","4968","210B2A761FB1860EFE743F10CCB3BF377922834BAA3DD9F502C9B46DD52A7163","REDUNDANT","Quarantine-candidate","low"
"to-discard-mirror","to-discard/NextGenTutors-BeyondInfinity/prototypes/about-body.php","php","6658","A30BF8D44DB7991BA142FA51114C8703A9B3631BDC3A120C3FB69E67EBD0C979","REDUNDANT","Quarantine-candidate","low"
"to-discard-mirror","to-discard/NextGenTutors-BeyondInfinity/prototypes/admin-dashboard-body.php","php","5416","88896BCFDE49B89F51DBB298BC73341E142FFD2DBE73FBA3139789E3BAD5B83C","REDUNDANT","Quarantine-candidate","low"
"to-discard-mirror","to-discard/NextGenTutors-BeyondInfinity/prototypes/become-a-tutor-body.php","php","8270","0DACAD1BDE8A0575BCDF65239F6B78E48C4574A12BCFF6B962178C66D918A52C","REDUNDANT","Quarantine-candidate","low"
"to-discard-mirror","to-discard/NextGenTutors-BeyondInfinity/prototypes/blog-body.php","php","11301","212F868444838D7A4943F1D12C19A7A1AAB9F14CB2D917B56BE2269F80D46DBB","REDUNDANT","Quarantine-candidate","low"
"to-discard-mirror","to-discard/NextGenTutors-BeyondInfinity/prototypes/contact-body.php","php","6291","6565BC2A4654534E4671BF5A1E767CF4DBE52B44F3B84B4AA3EAB64A82F538A8","REDUNDANT","Quarantine-candidate","low"
"to-discard-mirror","to-discard/NextGenTutors-BeyondInfinity/prototypes/dashboard-body.php","php","8145","7ACCE3DE092C76DB00CA66D6D6CC94BD0E634BE5486CA127C04E21ECE357708D","REDUNDANT","Quarantine-candidate","low"
"to-discard-mirror","to-discard/NextGenTutors-BeyondInfinity/prototypes/find-a-tutor-body.php","php","5292","2A28DC305BD12822EE991F0FFEEF9A1B66CADA42908581DD17A83C483A944227","REDUNDANT","Quarantine-candidate","low"
"to-discard-mirror","to-discard/NextGenTutors-BeyondInfinity/prototypes/guarantee-body.php","php","8951","877C588C7BEBF6152C09813C6409807B66090ED68E4B2CEE092D186B38AAD600","REDUNDANT","Quarantine-candidate","low"
"to-discard-mirror","to-discard/NextGenTutors-BeyondInfinity/prototypes/index-body.php","php","19766","628675A80C5927E7E2801622FD327F66767E3BC022109105A1B7DAE265F6D7DC","REDUNDANT","Quarantine-candidate","low"
"to-discard-mirror","to-discard/NextGenTutors-BeyondInfinity/prototypes/onboarding-body.php","php","7300","E9FC55F9C6432141269B3A28BF09B8A8752B019869F580AEF9F88D2F2F35D38B","REDUNDANT","Quarantine-candidate","low"
"to-discard-mirror","to-discard/NextGenTutors-BeyondInfinity/prototypes/pricing-body.php","php","9348","91C95C35F6C87DAF2022F28F7C733AC0E9FD9F76AF31EA3DFA9EBAFC87E796B9","REDUNDANT","Quarantine-candidate","low"
"to-discard-mirror","to-discard/NextGenTutors-BeyondInfinity/prototypes/privacy-body.php","php","7097","4A3DC5FD47AE8BBEF1E35264A93C078FD0F5A4A18FC4B3688D43E4BB085264D8","REDUNDANT","Quarantine-candidate","low"
"to-discard-mirror","to-discard/NextGenTutors-BeyondInfinity/prototypes/reports-body.php","php","8145","7ACCE3DE092C76DB00CA66D6D6CC94BD0E634BE5486CA127C04E21ECE357708D","REDUNDANT","Quarantine-candidate","low"
"to-discard-mirror","to-discard/NextGenTutors-BeyondInfinity/prototypes/safety-guide-body.php","php","10065","A583840D86B28D243224898476018E3A64C5756016283927DE1C3937998E76D7","REDUNDANT","Quarantine-candidate","low"
"to-discard-mirror","to-discard/NextGenTutors-BeyondInfinity/prototypes/setup-body.php","php","15240","701F8FDFBCA435AD567F68912BBA0D9BEDD95CF69E6E69E1146AD6ADDE2BB443","REDUNDANT","Quarantine-candidate","low"
"to-discard-mirror","to-discard/NextGenTutors-BeyondInfinity/prototypes/support-body.php","php","5403","4099E014B645D436BAA91732CBDAE90C0CC30AA05D34604D770E2AC1749A0C9A","REDUNDANT","Quarantine-candidate","low"
"to-discard-mirror","to-discard/NextGenTutors-BeyondInfinity/prototypes/terms-body.php","php","8262","0907683ED12220C569F919E6D7BB1A0EBAB4DDD97A4AD87C60D0B7D947D45599","REDUNDANT","Quarantine-candidate","low"
"to-discard-mirror","to-discard/NextGenTutors-BeyondInfinity/prototypes/tutor-dashboard-body.php","php","9731","CD388A87F051233965D4791D1E6F76DB5C89033C2A5A152DB68D430B6C617389","REDUNDANT","Quarantine-candidate","low"
"to-discard-mirror","to-discard/NextGenTutors-BeyondInfinity/prototypes/tutor-profile-body.php","php","10344","02B09B29AC436D7BCF78761A56712EA90E96E350E18625B087B3DBE69237DCE1","REDUNDANT","Quarantine-candidate","low"
"to-discard-mirror","to-discard/NextGenTutors-BeyondInfinity/prototypes/tutor-vetting-body.php","php","10359","87FADFF76A1E17894894EA80FEACD64F12D9E02564C28F9EBD1827E592F8A2E6","REDUNDANT","Quarantine-candidate","low"
"to-discard-mirror","to-discard/NextGenTutors-BeyondInfinity/scripts/openwa/README.md","markdown","2650","016F84B5EDAD988D97B4BE735F41EC57060ECCCEC633A527D3A0DB7F91A251B6","REDUNDANT","Quarantine-candidate","low"
"to-discard-mirror","to-discard/NextGenTutors-BeyondInfinity/template-parts/content-page.php","php","809","FC577BD9A7B7FCA770321FDE0BDB4F3F041D30D928AE5C8297A1B3C6A3484FD1","REDUNDANT","Quarantine-candidate","low"
"to-discard-mirror","to-discard/NextGenTutors-BeyondInfinity/template-parts/content-post.php","php","1450","DBEC23F3AE0040908AE88F2A5C814DC9301F985D1E1677E913C0C05FBB22A80D","REDUNDANT","Quarantine-candidate","low"
"to-discard-mirror","to-discard/NextGenTutors-BeyondInfinity/template-parts/components/section-heading.php","php","867","A75EE7949BD94126D2DF6225B5250626F184C0D76CDEA3400FD4BB5F71955725","REDUNDANT","Quarantine-candidate","low"
"to-discard-mirror","to-discard/NextGenTutors-BeyondInfinity/template-parts/components/tutor-card.php","php","2175","7EFE28A14C2EB486D276F24DC2A9151D945BD9FF77721EB74090857E8872E287","REDUNDANT","Quarantine-candidate","low"
"to-discard-mirror","to-discard/NextGenTutors-BeyondInfinity/template-parts/sections/final-cta.php","php","865","B62134B18C975AB119D1902FCE1E022AE324E3A0BCC130B3A9C4AC78457D5BB5","REDUNDANT","Quarantine-candidate","low"
"to-discard-mirror","to-discard/NextGenTutors-BeyondInfinity/template-parts/sections/hero.php","php","5576","971F3BEB259BC16F5CBECD490073E488E3933AE2151C97B47278F2933199A6B7","REDUNDANT","Quarantine-candidate","low"
"to-discard-mirror","to-discard/NextGenTutors-BeyondInfinity/template-parts/sections/how-it-works.php","php","1427","685ED986BF226E0B3692CE0A0E80C58EB0692E3C14D8C7800B4675E08581C97D","REDUNDANT","Quarantine-candidate","low"
"to-discard-mirror","to-discard/NextGenTutors-BeyondInfinity/template-parts/sections/impact.php","php","1602","B19FE50AAF46C6406A4464B8FEEA17C13AABA928FE4219A0888607C32A80D7FE","REDUNDANT","Quarantine-candidate","low"
"to-discard-mirror","to-discard/NextGenTutors-BeyondInfinity/template-parts/sections/mission.php","php","1541","F3F6BFA5C6D93174280297DDB4E41DAA86CC3A9EA084E566475504513162D911","REDUNDANT","Quarantine-candidate","low"
"to-discard-mirror","to-discard/NextGenTutors-BeyondInfinity/template-parts/sections/services.php","php","2348","7DD7C30A19E9AA3B6355D155654451836DB1A62E03FFFA9E5D5A838544FF58B5","REDUNDANT","Quarantine-candidate","low"
"to-discard-mirror","to-discard/NextGenTutors-BeyondInfinity/template-parts/sections/trust-strip.php","php","1098","67829AAFFCCB335D98CDDAB89FBE2AE9AD6E38DFDE27E1500971898DC36481A5","REDUNDANT","Quarantine-candidate","low"
"to-discard-mirror","to-discard/NextGenTutors-BeyondInfinity/template-parts/sections/tutors.php","php","1242","93E1BD43ED143FD9C14D93A881CF658FD62269238C73A11328C8F267DE409238","REDUNDANT","Quarantine-candidate","low"
"to-discard-mirror","to-discard/NextGenTutors-BeyondInfinity/template-parts/sections/wp-banner.php","php","1796","0A3CCCB373F208E18D67242CD166D783DE016B9C90F2B9F3E72E5F6CBBBB2730","REDUNDANT","Quarantine-candidate","low"
"to-discard-mirror","to-discard/NextGenTutors-BeyondInfinity/template-parts/ui-library/achievement-badge.php","php","929","D9C9C035752C25D266FD5F990DE813BB904F69FE4E29B699EEE7D8EB02E7674C","REDUNDANT","Quarantine-candidate","low"
"to-discard-mirror","to-discard/NextGenTutors-BeyondInfinity/template-parts/ui-library/booking-list.php","php","1416","35ACC28F9683F2E7B1CF5C4474F5C2A223502FBAA08554AE8646CF89A412BD17","REDUNDANT","Quarantine-candidate","low"
"to-discard-mirror","to-discard/NextGenTutors-BeyondInfinity/template-parts/ui-library/calendar-grid.php","php","952","8CF6C36101D181CF08DAA24AA0CAEA890752737DBF9897CDEF2E2E674FE4F6A6","REDUNDANT","Quarantine-candidate","low"
"to-discard-mirror","to-discard/NextGenTutors-BeyondInfinity/template-parts/ui-library/dashboard-kpi.php","php","673","711C2F77093191E83529A27093A3B9FFD3CC87823E2BF23D537F0E50F39AA03B","REDUNDANT","Quarantine-candidate","low"
"to-discard-mirror","to-discard/NextGenTutors-BeyondInfinity/template-parts/ui-library/empty-state.php","php","466","153E1F4425DE7631B11CE0E2DEDEABED89C91085AEC887CCEFCFB77C85686205","REDUNDANT","Quarantine-candidate","low"
"to-discard-mirror","to-discard/NextGenTutors-BeyondInfinity/template-parts/ui-library/hero.php","php","1562","B7E5A9974CA9584B6B7CA6A2F3C57518801D1447774E394C7F729747BE0813D6","REDUNDANT","Quarantine-candidate","low"
"to-discard-mirror","to-discard/NextGenTutors-BeyondInfinity/template-parts/ui-library/pricing-card.php","php","1037","481F62A8FC0A6500FA8B69E4686E160A30E83C8D1812CDA9377B0359BF0D74D0","REDUNDANT","Quarantine-candidate","low"
"to-discard-mirror","to-discard/NextGenTutors-BeyondInfinity/template-parts/ui-library/review-card.php","php","877","524FDD2FE8A966C6BB27124D7E4CFDD46AEBC65AF3B4540F1FF163BDD7B393DF","REDUNDANT","Quarantine-candidate","low"
"to-discard-mirror","to-discard/NextGenTutors-BeyondInfinity/template-parts/ui-library/stats-band.php","php","962","38447DB4198D48469A268A514B59A9278510675A4A0F507A58F2C26C86492CF2","REDUNDANT","Quarantine-candidate","low"
"to-discard-mirror","to-discard/NextGenTutors-BeyondInfinity/template-parts/ui-library/subject-card.php","php","648","726C4428A28E87215B3F232BB538BC4ACB09952C2954C9F7070639E14EB6087A","REDUNDANT","Quarantine-candidate","low"
"to-discard-mirror","to-discard/NextGenTutors-BeyondInfinity/template-parts/ui-library/tutor-card.php","php","2054","539DAE96A1BE6E9643D71F5FC596DDA74E368963DBE4BAF41F3242C87F4C7FB3","REDUNDANT","Quarantine-candidate","low"
"to-discard-mirror","to-discard/NextGenTutors-BeyondInfinity/templates/full-width.php","php","406","A24605F8FB9430219C3868C9B5083423C86C4C23479EC5051E7A55931A01A640","REDUNDANT","Quarantine-candidate","low"
"to-discard-mirror","to-discard/NextGenTutors-BeyondInfinity/templates/footer/default.php","php","4130","32497EEABD07CC5DF70B0FFFA0814CD20523D736F57E8BE2C20C6A8F573D279C","REDUNDANT","Quarantine-candidate","low"
"to-discard-mirror","to-discard/NextGenTutors-BeyondInfinity/templates/footer/minimal.php","php","662","E28CE9F96CED1D258E211F5B5A226EC62D1A6945EBA0B025931673E7832B7DEC","REDUNDANT","Quarantine-candidate","low"
"to-discard-mirror","to-discard/NextGenTutors-BeyondInfinity/templates/header/default.php","php","2331","BE7F06ACB6B6995D433FF0A6D0AEBD4F0C5B49735BFBD55D77DD6109720EAF55","REDUNDANT","Quarantine-candidate","low"
"to-discard-mirror","to-discard/NextGenTutors-BeyondInfinity/templates/header/minimal.php","php","1074","EF249A5F807B817653598238E867A81511B9A8D0BBC9EAD757CB9582BC2B5992","REDUNDANT","Quarantine-candidate","low"
"to-discard-mirror","to-discard/NextGenTutors-BeyondInfinity/templates/header/transparent.php","php","2352","10DDEFF3D48E973656E8EE1F78A447260BB67C6D534F8D41D7578EAD6767C260","REDUNDANT","Quarantine-candidate","low"
"to-discard-mirror","to-discard/NextGenTutors-BeyondInfinity/templates/tutor/calendar.php","php","1447","AEC7BF3848BD2912D7729529B2FE9C15471D9A739047A70415C64DAEB2A81FE0","REDUNDANT","Quarantine-candidate","low"
"to-discard-mirror","to-discard/online-tutoring-videos/101330-video-720.mp4","other","4855396","59E2568ACD74E9B833972059C88662E29EA470584CD8249409DB8CD1657F90FB","REDUNDANT","Quarantine-candidate","low"
"to-discard-mirror","to-discard/online-tutoring-videos/4487969-hd_1920_1080_25fps.mp4","other","5499250","90E7B561CA9292F6B4493D9E39806A88B239EC131A3FBBD89173465AA869B1A7","REDUNDANT","Quarantine-candidate","low"
"to-discard-mirror","to-discard/online-tutoring-videos/5184438-hd_1080_1920_30fps.mp4","other","6218894","EF2D929BB1AF9F0CB7896AB22BCAC7E0D9268AE43A73D7D1D1F09B492E3AE687","REDUNDANT","Quarantine-candidate","low"
"to-discard-mirror","to-discard/online-tutoring-videos/5904569-uhd_2160_3840_24fps.mp4","other","21596844",,"REDUNDANT","Quarantine-candidate","low"
"to-discard-mirror","to-discard/online-tutoring-videos/7014806-uhd_2160_4096_25fps.mp4","other","131719110",,"REDUNDANT","Quarantine-candidate","low"
"to-discard-mirror","to-discard/online-tutoring-videos/mixkit-a-couple-of-young-students-in-the-classroom-22963-hd-ready.mp4","other","2873541","27543EC0B41B10163E15EC1818F4B35B134B5C808A207A478EB369034D832A9C","REDUNDANT","Quarantine-candidate","low"
"to-discard-mirror","to-discard/online-tutoring-videos/mixkit-a-mother-and-her-daughter-doing-an-online-lesson-on-48671-hd-ready.mp4","other","3782709","D037E158496F1123B69763D70B846824CD4ECADF46677159DD7ACA43B3BD9304","REDUNDANT","Quarantine-candidate","low"
"to-discard-mirror","to-discard/online-tutoring-videos/mixkit-little-girl-doing-online-classes-during-covid-lockdown-48860-hd-ready.mp4","other","4643176","5844E2C12CB7C4A0321748787AEBC38A97436C180439182927068E594E9F71C7","REDUNDANT","Quarantine-candidate","low"
"to-discard-mirror","to-discard/online-tutoring-videos/watermarked_preview (1).mp4","other","2076294","77982F191821F4DFBD3347FC6E176A78314117D5D497208BFCD6EBFBFF6CDCD7","REDUNDANT","Quarantine-candidate","low"
"to-discard-mirror","to-discard/online-tutoring-videos/watermarked_preview.mp4","other","1299871","6D374691D33E3A785CC980D0F1FACBF9798711545447B2959E8EC0C9C962CBA9","REDUNDANT","Quarantine-candidate","low"
"to-discard-mirror","to-discard/plugin-prototype-copies/NextGenTutors-Companion-prototypes/about-body.php","php","6658","A30BF8D44DB7991BA142FA51114C8703A9B3631BDC3A120C3FB69E67EBD0C979","REDUNDANT","Quarantine-candidate","low"
"to-discard-mirror","to-discard/plugin-prototype-copies/NextGenTutors-Companion-prototypes/admin-dashboard-body.php","php","5416","88896BCFDE49B89F51DBB298BC73341E142FFD2DBE73FBA3139789E3BAD5B83C","REDUNDANT","Quarantine-candidate","low"
"to-discard-mirror","to-discard/plugin-prototype-copies/NextGenTutors-Companion-prototypes/become-a-tutor-body.php","php","8270","0DACAD1BDE8A0575BCDF65239F6B78E48C4574A12BCFF6B962178C66D918A52C","REDUNDANT","Quarantine-candidate","low"
"to-discard-mirror","to-discard/plugin-prototype-copies/NextGenTutors-Companion-prototypes/blog-body.php","php","11301","212F868444838D7A4943F1D12C19A7A1AAB9F14CB2D917B56BE2269F80D46DBB","REDUNDANT","Quarantine-candidate","low"
"to-discard-mirror","to-discard/plugin-prototype-copies/NextGenTutors-Companion-prototypes/contact-body.php","php","6291","6565BC2A4654534E4671BF5A1E767CF4DBE52B44F3B84B4AA3EAB64A82F538A8","REDUNDANT","Quarantine-candidate","low"
"to-discard-mirror","to-discard/plugin-prototype-copies/NextGenTutors-Companion-prototypes/dashboard-body.php","php","8145","7ACCE3DE092C76DB00CA66D6D6CC94BD0E634BE5486CA127C04E21ECE357708D","REDUNDANT","Quarantine-candidate","low"
"to-discard-mirror","to-discard/plugin-prototype-copies/NextGenTutors-Companion-prototypes/find-a-tutor-body.php","php","5292","2A28DC305BD12822EE991F0FFEEF9A1B66CADA42908581DD17A83C483A944227","REDUNDANT","Quarantine-candidate","low"
"to-discard-mirror","to-discard/plugin-prototype-copies/NextGenTutors-Companion-prototypes/guarantee-body.php","php","8951","877C588C7BEBF6152C09813C6409807B66090ED68E4B2CEE092D186B38AAD600","REDUNDANT","Quarantine-candidate","low"
"to-discard-mirror","to-discard/plugin-prototype-copies/NextGenTutors-Companion-prototypes/index-body.php","php","19766","628675A80C5927E7E2801622FD327F66767E3BC022109105A1B7DAE265F6D7DC","REDUNDANT","Quarantine-candidate","low"
"to-discard-mirror","to-discard/plugin-prototype-copies/NextGenTutors-Companion-prototypes/onboarding-body.php","php","7300","E9FC55F9C6432141269B3A28BF09B8A8752B019869F580AEF9F88D2F2F35D38B","REDUNDANT","Quarantine-candidate","low"
"to-discard-mirror","to-discard/plugin-prototype-copies/NextGenTutors-Companion-prototypes/pricing-body.php","php","9348","91C95C35F6C87DAF2022F28F7C733AC0E9FD9F76AF31EA3DFA9EBAFC87E796B9","REDUNDANT","Quarantine-candidate","low"
"to-discard-mirror","to-discard/plugin-prototype-copies/NextGenTutors-Companion-prototypes/privacy-body.php","php","7097","4A3DC5FD47AE8BBEF1E35264A93C078FD0F5A4A18FC4B3688D43E4BB085264D8","REDUNDANT","Quarantine-candidate","low"
"to-discard-mirror","to-discard/plugin-prototype-copies/NextGenTutors-Companion-prototypes/reports-body.php","php","8145","7ACCE3DE092C76DB00CA66D6D6CC94BD0E634BE5486CA127C04E21ECE357708D","REDUNDANT","Quarantine-candidate","low"
"to-discard-mirror","to-discard/plugin-prototype-copies/NextGenTutors-Companion-prototypes/safety-guide-body.php","php","10065","A583840D86B28D243224898476018E3A64C5756016283927DE1C3937998E76D7","REDUNDANT","Quarantine-candidate","low"
"to-discard-mirror","to-discard/plugin-prototype-copies/NextGenTutors-Companion-prototypes/setup-body.php","php","15240","701F8FDFBCA435AD567F68912BBA0D9BEDD95CF69E6E69E1146AD6ADDE2BB443","REDUNDANT","Quarantine-candidate","low"
"to-discard-mirror","to-discard/plugin-prototype-copies/NextGenTutors-Companion-prototypes/support-body.php","php","5403","4099E014B645D436BAA91732CBDAE90C0CC30AA05D34604D770E2AC1749A0C9A","REDUNDANT","Quarantine-candidate","low"
"to-discard-mirror","to-discard/plugin-prototype-copies/NextGenTutors-Companion-prototypes/terms-body.php","php","8262","0907683ED12220C569F919E6D7BB1A0EBAB4DDD97A4AD87C60D0B7D947D45599","REDUNDANT","Quarantine-candidate","low"
"to-discard-mirror","to-discard/plugin-prototype-copies/NextGenTutors-Companion-prototypes/tutor-dashboard-body.php","php","9731","CD388A87F051233965D4791D1E6F76DB5C89033C2A5A152DB68D430B6C617389","REDUNDANT","Quarantine-candidate","low"
"to-discard-mirror","to-discard/plugin-prototype-copies/NextGenTutors-Companion-prototypes/tutor-profile-body.php","php","10344","02B09B29AC436D7BCF78761A56712EA90E96E350E18625B087B3DBE69237DCE1","REDUNDANT","Quarantine-candidate","low"
"to-discard-mirror","to-discard/plugin-prototype-copies/NextGenTutors-Companion-prototypes/tutor-vetting-body.php","php","10359","87FADFF76A1E17894894EA80FEACD64F12D9E02564C28F9EBD1827E592F8A2E6","REDUNDANT","Quarantine-candidate","low"
"to-discard-mirror","to-discard/plugin-prototype-copies/NextGenTutors-Html-Importer-prototypes/about-body.php","php","6658","A30BF8D44DB7991BA142FA51114C8703A9B3631BDC3A120C3FB69E67EBD0C979","REDUNDANT","Quarantine-candidate","low"
"to-discard-mirror","to-discard/plugin-prototype-copies/NextGenTutors-Html-Importer-prototypes/admin-dashboard-body.php","php","5416","88896BCFDE49B89F51DBB298BC73341E142FFD2DBE73FBA3139789E3BAD5B83C","REDUNDANT","Quarantine-candidate","low"
"to-discard-mirror","to-discard/plugin-prototype-copies/NextGenTutors-Html-Importer-prototypes/become-a-tutor-body.php","php","8270","0DACAD1BDE8A0575BCDF65239F6B78E48C4574A12BCFF6B962178C66D918A52C","REDUNDANT","Quarantine-candidate","low"
"to-discard-mirror","to-discard/plugin-prototype-copies/NextGenTutors-Html-Importer-prototypes/blog-body.php","php","11301","212F868444838D7A4943F1D12C19A7A1AAB9F14CB2D917B56BE2269F80D46DBB","REDUNDANT","Quarantine-candidate","low"
"to-discard-mirror","to-discard/plugin-prototype-copies/NextGenTutors-Html-Importer-prototypes/contact-body.php","php","6291","6565BC2A4654534E4671BF5A1E767CF4DBE52B44F3B84B4AA3EAB64A82F538A8","REDUNDANT","Quarantine-candidate","low"
"to-discard-mirror","to-discard/plugin-prototype-copies/NextGenTutors-Html-Importer-prototypes/dashboard-body.php","php","8145","7ACCE3DE092C76DB00CA66D6D6CC94BD0E634BE5486CA127C04E21ECE357708D","REDUNDANT","Quarantine-candidate","low"
"to-discard-mirror","to-discard/plugin-prototype-copies/NextGenTutors-Html-Importer-prototypes/find-a-tutor-body.php","php","5292","2A28DC305BD12822EE991F0FFEEF9A1B66CADA42908581DD17A83C483A944227","REDUNDANT","Quarantine-candidate","low"
"to-discard-mirror","to-discard/plugin-prototype-copies/NextGenTutors-Html-Importer-prototypes/guarantee-body.php","php","8951","877C588C7BEBF6152C09813C6409807B66090ED68E4B2CEE092D186B38AAD600","REDUNDANT","Quarantine-candidate","low"
"to-discard-mirror","to-discard/plugin-prototype-copies/NextGenTutors-Html-Importer-prototypes/index-body.php","php","19766","628675A80C5927E7E2801622FD327F66767E3BC022109105A1B7DAE265F6D7DC","REDUNDANT","Quarantine-candidate","low"
"to-discard-mirror","to-discard/plugin-prototype-copies/NextGenTutors-Html-Importer-prototypes/onboarding-body.php","php","7300","E9FC55F9C6432141269B3A28BF09B8A8752B019869F580AEF9F88D2F2F35D38B","REDUNDANT","Quarantine-candidate","low"
"to-discard-mirror","to-discard/plugin-prototype-copies/NextGenTutors-Html-Importer-prototypes/pricing-body.php","php","9348","91C95C35F6C87DAF2022F28F7C733AC0E9FD9F76AF31EA3DFA9EBAFC87E796B9","REDUNDANT","Quarantine-candidate","low"
"to-discard-mirror","to-discard/plugin-prototype-copies/NextGenTutors-Html-Importer-prototypes/privacy-body.php","php","7097","4A3DC5FD47AE8BBEF1E35264A93C078FD0F5A4A18FC4B3688D43E4BB085264D8","REDUNDANT","Quarantine-candidate","low"
"to-discard-mirror","to-discard/plugin-prototype-copies/NextGenTutors-Html-Importer-prototypes/reports-body.php","php","8145","7ACCE3DE092C76DB00CA66D6D6CC94BD0E634BE5486CA127C04E21ECE357708D","REDUNDANT","Quarantine-candidate","low"
"to-discard-mirror","to-discard/plugin-prototype-copies/NextGenTutors-Html-Importer-prototypes/safety-guide-body.php","php","10065","A583840D86B28D243224898476018E3A64C5756016283927DE1C3937998E76D7","REDUNDANT","Quarantine-candidate","low"
"to-discard-mirror","to-discard/plugin-prototype-copies/NextGenTutors-Html-Importer-prototypes/setup-body.php","php","15240","701F8FDFBCA435AD567F68912BBA0D9BEDD95CF69E6E69E1146AD6ADDE2BB443","REDUNDANT","Quarantine-candidate","low"
"to-discard-mirror","to-discard/plugin-prototype-copies/NextGenTutors-Html-Importer-prototypes/support-body.php","php","5403","4099E014B645D436BAA91732CBDAE90C0CC30AA05D34604D770E2AC1749A0C9A","REDUNDANT","Quarantine-candidate","low"
"to-discard-mirror","to-discard/plugin-prototype-copies/NextGenTutors-Html-Importer-prototypes/terms-body.php","php","8262","0907683ED12220C569F919E6D7BB1A0EBAB4DDD97A4AD87C60D0B7D947D45599","REDUNDANT","Quarantine-candidate","low"
"to-discard-mirror","to-discard/plugin-prototype-copies/NextGenTutors-Html-Importer-prototypes/tutor-dashboard-body.php","php","9731","CD388A87F051233965D4791D1E6F76DB5C89033C2A5A152DB68D430B6C617389","REDUNDANT","Quarantine-candidate","low"
"to-discard-mirror","to-discard/plugin-prototype-copies/NextGenTutors-Html-Importer-prototypes/tutor-profile-body.php","php","10344","02B09B29AC436D7BCF78761A56712EA90E96E350E18625B087B3DBE69237DCE1","REDUNDANT","Quarantine-candidate","low"
"to-discard-mirror","to-discard/plugin-prototype-copies/NextGenTutors-Html-Importer-prototypes/tutor-vetting-body.php","php","10359","87FADFF76A1E17894894EA80FEACD64F12D9E02564C28F9EBD1827E592F8A2E6","REDUNDANT","Quarantine-candidate","low"
"to-discard-mirror","to-discard/plugin-prototype-copies/NextGenTutors-Plugin-Manager-prototypes/about-body.php","php","6658","A30BF8D44DB7991BA142FA51114C8703A9B3631BDC3A120C3FB69E67EBD0C979","REDUNDANT","Quarantine-candidate","low"
"to-discard-mirror","to-discard/plugin-prototype-copies/NextGenTutors-Plugin-Manager-prototypes/admin-dashboard-body.php","php","5416","88896BCFDE49B89F51DBB298BC73341E142FFD2DBE73FBA3139789E3BAD5B83C","REDUNDANT","Quarantine-candidate","low"
"to-discard-mirror","to-discard/plugin-prototype-copies/NextGenTutors-Plugin-Manager-prototypes/become-a-tutor-body.php","php","8270","0DACAD1BDE8A0575BCDF65239F6B78E48C4574A12BCFF6B962178C66D918A52C","REDUNDANT","Quarantine-candidate","low"
"to-discard-mirror","to-discard/plugin-prototype-copies/NextGenTutors-Plugin-Manager-prototypes/blog-body.php","php","11301","212F868444838D7A4943F1D12C19A7A1AAB9F14CB2D917B56BE2269F80D46DBB","REDUNDANT","Quarantine-candidate","low"
"to-discard-mirror","to-discard/plugin-prototype-copies/NextGenTutors-Plugin-Manager-prototypes/contact-body.php","php","6291","6565BC2A4654534E4671BF5A1E767CF4DBE52B44F3B84B4AA3EAB64A82F538A8","REDUNDANT","Quarantine-candidate","low"
"to-discard-mirror","to-discard/plugin-prototype-copies/NextGenTutors-Plugin-Manager-prototypes/dashboard-body.php","php","8145","7ACCE3DE092C76DB00CA66D6D6CC94BD0E634BE5486CA127C04E21ECE357708D","REDUNDANT","Quarantine-candidate","low"
"to-discard-mirror","to-discard/plugin-prototype-copies/NextGenTutors-Plugin-Manager-prototypes/find-a-tutor-body.php","php","5292","2A28DC305BD12822EE991F0FFEEF9A1B66CADA42908581DD17A83C483A944227","REDUNDANT","Quarantine-candidate","low"
"to-discard-mirror","to-discard/plugin-prototype-copies/NextGenTutors-Plugin-Manager-prototypes/guarantee-body.php","php","8951","877C588C7BEBF6152C09813C6409807B66090ED68E4B2CEE092D186B38AAD600","REDUNDANT","Quarantine-candidate","low"
"to-discard-mirror","to-discard/plugin-prototype-copies/NextGenTutors-Plugin-Manager-prototypes/index-body.php","php","19766","628675A80C5927E7E2801622FD327F66767E3BC022109105A1B7DAE265F6D7DC","REDUNDANT","Quarantine-candidate","low"
"to-discard-mirror","to-discard/plugin-prototype-copies/NextGenTutors-Plugin-Manager-prototypes/onboarding-body.php","php","7300","E9FC55F9C6432141269B3A28BF09B8A8752B019869F580AEF9F88D2F2F35D38B","REDUNDANT","Quarantine-candidate","low"
"to-discard-mirror","to-discard/plugin-prototype-copies/NextGenTutors-Plugin-Manager-prototypes/pricing-body.php","php","9348","91C95C35F6C87DAF2022F28F7C733AC0E9FD9F76AF31EA3DFA9EBAFC87E796B9","REDUNDANT","Quarantine-candidate","low"
"to-discard-mirror","to-discard/plugin-prototype-copies/NextGenTutors-Plugin-Manager-prototypes/privacy-body.php","php","7097","4A3DC5FD47AE8BBEF1E35264A93C078FD0F5A4A18FC4B3688D43E4BB085264D8","REDUNDANT","Quarantine-candidate","low"
"to-discard-mirror","to-discard/plugin-prototype-copies/NextGenTutors-Plugin-Manager-prototypes/reports-body.php","php","8145","7ACCE3DE092C76DB00CA66D6D6CC94BD0E634BE5486CA127C04E21ECE357708D","REDUNDANT","Quarantine-candidate","low"
"to-discard-mirror","to-discard/plugin-prototype-copies/NextGenTutors-Plugin-Manager-prototypes/safety-guide-body.php","php","10065","A583840D86B28D243224898476018E3A64C5756016283927DE1C3937998E76D7","REDUNDANT","Quarantine-candidate","low"
"to-discard-mirror","to-discard/plugin-prototype-copies/NextGenTutors-Plugin-Manager-prototypes/setup-body.php","php","15240","701F8FDFBCA435AD567F68912BBA0D9BEDD95CF69E6E69E1146AD6ADDE2BB443","REDUNDANT","Quarantine-candidate","low"
"to-discard-mirror","to-discard/plugin-prototype-copies/NextGenTutors-Plugin-Manager-prototypes/support-body.php","php","5403","4099E014B645D436BAA91732CBDAE90C0CC30AA05D34604D770E2AC1749A0C9A","REDUNDANT","Quarantine-candidate","low"
"to-discard-mirror","to-discard/plugin-prototype-copies/NextGenTutors-Plugin-Manager-prototypes/terms-body.php","php","8262","0907683ED12220C569F919E6D7BB1A0EBAB4DDD97A4AD87C60D0B7D947D45599","REDUNDANT","Quarantine-candidate","low"
"to-discard-mirror","to-discard/plugin-prototype-copies/NextGenTutors-Plugin-Manager-prototypes/tutor-dashboard-body.php","php","9731","CD388A87F051233965D4791D1E6F76DB5C89033C2A5A152DB68D430B6C617389","REDUNDANT","Quarantine-candidate","low"
"to-discard-mirror","to-discard/plugin-prototype-copies/NextGenTutors-Plugin-Manager-prototypes/tutor-profile-body.php","php","10344","02B09B29AC436D7BCF78761A56712EA90E96E350E18625B087B3DBE69237DCE1","REDUNDANT","Quarantine-candidate","low"
"to-discard-mirror","to-discard/plugin-prototype-copies/NextGenTutors-Plugin-Manager-prototypes/tutor-vetting-body.php","php","10359","87FADFF76A1E17894894EA80FEACD64F12D9E02564C28F9EBD1827E592F8A2E6","REDUNDANT","Quarantine-candidate","low"
"to-discard-mirror","to-discard/previews/build.py","other","9957","0189BB0C03F4B79E8D159158267B2E69DA693C5ACBA6FAAF2DD0470A37ACA095","REDUNDANT","Quarantine-candidate","low"
"to-discard-mirror","to-discard/previews/index.html","html","4771","EF4D704A2065B8B4A054DE41CFBAE7DB7059CA1F2E87390B7F2E5F2EB9CBA5F3","REDUNDANT","Quarantine-candidate","low"
"to-discard-mirror","to-discard/previews/preview-config.js","js","515","39AE5913F078C2ED52BE41807AF5C3BBC322EC48E4AA028984DDECE4416EB59E","REDUNDANT","Quarantine-candidate","low"
"to-discard-mirror","to-discard/previews/preview-extra.css","css","3631","FFE7F4B7C85947D1C9244E6C5B91DB5B8D51C7580578C737EBEBDB4FE27B91A5","REDUNDANT","Quarantine-candidate","low"
"to-discard-mirror","to-discard/previews/pages/about.html","html","4517","8CBBB1264B4EE660183A21C86B26F1EEA2A1713B23B3BFC4B548DAA8770B90F2","REDUNDANT","Quarantine-candidate","low"
"to-discard-mirror","to-discard/previews/pages/admin-dashboard.html","html","5217","39E6F92AD88262212B2E3D77D2DC8A32454948AB4A9DE3F766DADF05EF14CA88","REDUNDANT","Quarantine-candidate","low"
"to-discard-mirror","to-discard/previews/pages/become-a-tutor.html","html","5212","79D44E8FDB7D26F4CE5A301A4EC7B6FAFA889C22137AB0C5CDEC81A63191DC35","REDUNDANT","Quarantine-candidate","low"
"to-discard-mirror","to-discard/previews/pages/blog.html","html","4510","D52DDD16727109CA61DF0EBA6EC82C740769C50C879199E3B7907418561A9D03","REDUNDANT","Quarantine-candidate","low"
"to-discard-mirror","to-discard/previews/pages/child-safety.html","html","4565","08C4100DC07AC840F65792C76B9CF184A5AD7BBC8988874512C3BBF6C5D358BE","REDUNDANT","Quarantine-candidate","low"
"to-discard-mirror","to-discard/previews/pages/contact.html","html","5167","A9496A5A26D2095E151575AA2C69111869F3F2F2EDDA9B25584833518B72FB76","REDUNDANT","Quarantine-candidate","low"
"to-discard-mirror","to-discard/previews/pages/find-a-tutor.html","html","5204","EEB88E7A1258EA188DBEAFAFFBF228BCBF400FFEFFB83506CC702479731B099B","REDUNDANT","Quarantine-candidate","low"
"to-discard-mirror","to-discard/previews/pages/guarantee.html","html","4544","074B5CEC6C4E00D1D86848409DF40C41E0937022640FB530D36E708268DBACD4","REDUNDANT","Quarantine-candidate","low"
"to-discard-mirror","to-discard/previews/pages/home.html","html","4499","7D849AD0D0F6C6AA542C66F572E0A1A7472C52215C46F6FD0FE62B58B17FCDDA","REDUNDANT","Quarantine-candidate","low"
"to-discard-mirror","to-discard/previews/pages/login.html","html","5146","5DD1409ED44DDFB03DDDDA8EDF66B77C51F34E8885E3EDEF8072B5799147E3FF","REDUNDANT","Quarantine-candidate","low"
"to-discard-mirror","to-discard/previews/pages/onboarding.html","html","5187","F1516E00C339EBAD3255FABAAB5BA579F9C4069C9C96F9978D6938BF2F7C54E1","REDUNDANT","Quarantine-candidate","low"
"to-discard-mirror","to-discard/previews/pages/parent-dashboard.html","html","5229","6B5FA67C7665F5D3A7E4B2B18C8D94496184DB129397565218C659B24651CFC6","REDUNDANT","Quarantine-candidate","low"
"to-discard-mirror","to-discard/previews/pages/pricing.html","html","4531","A47A7B081AF947388EA9B3FFA5F3B46B640B74D7767F0D2BE0FB5FCDB0D6EC91","REDUNDANT","Quarantine-candidate","low"
"to-discard-mirror","to-discard/previews/pages/privacy-policy.html","html","4579","5FED261CA98DCC4C1D7C4437671CA33DC9F4036A7E7CB1E8A671D110C9E687DB","REDUNDANT","Quarantine-candidate","low"
"to-discard-mirror","to-discard/previews/pages/register.html","html","5173","6C1B50779A97CEE668E2E61CD14821051353E75A5BDA98AAC94A50A82CE3E328","REDUNDANT","Quarantine-candidate","low"
"to-discard-mirror","to-discard/previews/pages/safety-guide.html","html","4565","F22AF0C3F0C2D0ACB7CE19CC41732B35BFFE71E2938E78E0CCBE28AA1B6A11A6","REDUNDANT","Quarantine-candidate","low"
"to-discard-mirror","to-discard/previews/pages/student-dashboard.html","html","5236","6D92EA56A7B220D31E5FA2CF13DE38C6801F37EB70E0456DD9257E45F134C3D8","REDUNDANT","Quarantine-candidate","low"
"to-discard-mirror","to-discard/previews/pages/support.html","html","5167","C8970306523FEBA95460C2D05102D754D3605F947275CD2E41FA78A509AE53C1","REDUNDANT","Quarantine-candidate","low"
"to-discard-mirror","to-discard/previews/pages/terms.html","html","4560","7A7CF6E18119A2812808F88726CC43DF421849116ABD1A3E44FD467730C5A842","REDUNDANT","Quarantine-candidate","low"
"to-discard-mirror","to-discard/previews/pages/thank-you.html","html","4546","B27995BD8281D97520B080AF264EFB275FCB940511BE60EED57828B3AACB9430","REDUNDANT","Quarantine-candidate","low"
"to-discard-mirror","to-discard/previews/pages/tutor-dashboard.html","html","5222","83E87BCF7CEA1306B08861F29F6BB7187D446BAAD0171BFA0CB865F32D2E1057","REDUNDANT","Quarantine-candidate","low"
"to-discard-mirror","to-discard/previews/pages/tutor-vetting.html","html","4572","84E234E72A1BAC7B4E582B0B20D9E0A251234468F976BBDF8819C767D6A9B583","REDUNDANT","Quarantine-candidate","low"
"to-discard-mirror","to-discard/previews/pages/wordpress-setup.html","html","4581","59BB7E8938A8660D50D60F9B2F0326D55A0B8A387611BC82D542BC42C9BA7C58","REDUNDANT","Quarantine-candidate","low"
"to-discard-mirror","to-discard/previews/scripts/build-home-kinetic.py","other","4968","210B2A761FB1860EFE743F10CCB3BF377922834BAA3DD9F502C9B46DD52A7163","REDUNDANT","Quarantine-candidate","low"
"to-discard-mirror","to-discard/solution-guidelines/Next Gen Theme Enterprise.pdf","other","79565","3CFC2E0EB23A5C53E20B9CB6311018430F17957C858F2A6C7DB7DD1A31556B94","REDUNDANT","Quarantine-candidate","low"
"to-discard-mirror","to-discard/solution-guidelines/Nextgen Tutors Plugin Workflows Guide Html.pdf","other","77978","276BEEAFF6BF8C66E05FF10FF62AEC8FFD3F580C4F22C0E1F32BECDE0F2CE95B","REDUNDANT","Quarantine-candidate","low"
"to-discard-mirror","to-discard/solution-guidelines/NGU_v16_Documentation.pdf","other","5356","F0BA50843E8F1E3C3C3EE38FFCCF1FE713EA7614E517145EE246143AB58D2D4D","REDUNDANT","Quarantine-candidate","low"
"to-discard-mirror","to-discard/solution-guidelines/Rejection Notice - Non-Compliant Delivery.pdf","other","54187","B183DDE2D70DB39012C9CCC15057B299AEAA97A050DBAA865A96875695F15496","REDUNDANT","Quarantine-candidate","low"
"to-discard-mirror","to-discard/solution-guidelines/_extracted.txt","other","47873","1DD502B260292B6E46AF58910CED973331EE8E5E04EB772BBA39F17879499A0D","REDUNDANT","Quarantine-candidate","low"
